-- phpMyAdmin SQL Dump
-- version 4.6.6deb4
-- https://www.phpmyadmin.net/
--
-- Host: localhost:3306
-- Tempo de geração: 10/01/2020 às 12:02
-- Versão do servidor: 10.1.26-MariaDB-0+deb9u1
-- Versão do PHP: 7.0.33-0+deb9u3

SET SQL_MODE = "NO_AUTO_VALUE_ON_ZERO";
SET time_zone = "+00:00";


/*!40101 SET @OLD_CHARACTER_SET_CLIENT=@@CHARACTER_SET_CLIENT */;
/*!40101 SET @OLD_CHARACTER_SET_RESULTS=@@CHARACTER_SET_RESULTS */;
/*!40101 SET @OLD_COLLATION_CONNECTION=@@COLLATION_CONNECTION */;
/*!40101 SET NAMES utf8mb4 */;

--
-- Banco de dados: `sapes`
--

-- --------------------------------------------------------

--
-- Estrutura para tabela `absenteismo`
--

CREATE TABLE `absenteismo` (
  `idAbsenteismo` int(11) NOT NULL,
  `idFuncionario` int(11) DEFAULT NULL,
  `idUsuario` int(11) DEFAULT NULL,
  `qtdHoras` float DEFAULT NULL,
  `mes` int(11) DEFAULT NULL,
  `ano` int(11) DEFAULT NULL,
  `dataLancamento` timestamp NOT NULL DEFAULT CURRENT_TIMESTAMP ON UPDATE CURRENT_TIMESTAMP
) ENGINE=InnoDB DEFAULT CHARSET=utf8;

--
-- Fazendo dump de dados para tabela `absenteismo`
--

INSERT INTO `absenteismo` (`idAbsenteismo`, `idFuncionario`, `idUsuario`, `qtdHoras`, `mes`, `ano`, `dataLancamento`) VALUES
(1, 1, 2, 3.05, 7, 2018, '2019-02-11 13:12:57'),
(2, 3, 2, 3.1, 7, 2018, '2019-02-11 13:13:28'),
(3, 4, 2, 53.39, 7, 2018, '2019-02-11 13:14:00'),
(4, 6, 2, 49, 7, 2018, '2019-02-11 13:14:28'),
(5, 10, 2, 0.46, 7, 2018, '2019-02-11 13:14:50'),
(6, 11, 2, 1.1, 7, 2018, '2019-02-11 13:15:18'),
(7, 12, 2, 8.8, 7, 2018, '2019-02-11 13:16:00'),
(8, 16, 2, 3.1, 7, 2018, '2019-02-11 13:16:40'),
(9, 18, 2, 0.35, 7, 2018, '2019-02-11 13:17:01'),
(10, 20, 2, 3.44, 7, 2018, '2019-02-11 13:19:04'),
(11, 21, 2, 5.05, 7, 2018, '2019-02-11 13:19:28'),
(12, 22, 2, 37.17, 7, 2018, '2019-02-11 13:20:17'),
(13, 23, 2, 1.57, 7, 2018, '2019-02-11 13:20:38'),
(14, 24, 2, 49, 7, 2018, '2019-02-11 13:20:55'),
(15, 25, 2, 11.02, 7, 2018, '2019-02-11 13:21:21'),
(16, 27, 2, 8, 7, 2018, '2019-02-11 13:21:43'),
(17, 28, 2, 8, 7, 2018, '2019-02-11 13:22:31'),
(18, 30, 2, 3, 7, 2018, '2019-02-11 13:23:24'),
(19, 31, 2, 10, 7, 2018, '2019-02-11 13:23:49'),
(20, 33, 2, 33.15, 7, 2018, '2019-02-11 13:24:11'),
(21, 35, 2, 1, 7, 2018, '2019-02-11 13:24:53'),
(22, 36, 2, 4, 7, 2018, '2019-02-11 13:25:18'),
(23, 37, 2, 61.45, 7, 2018, '2019-02-11 13:26:24'),
(24, 38, 2, 53, 7, 2018, '2019-02-11 13:35:21'),
(25, 40, 2, 2.25, 7, 2018, '2019-02-11 13:35:52'),
(26, 42, 2, 10, 7, 2018, '2019-02-11 13:36:14'),
(27, 44, 2, 5.58, 7, 2018, '2019-02-11 13:37:17'),
(28, 46, 2, 17, 7, 2018, '2019-02-11 13:37:41'),
(29, 49, 2, 5, 7, 2018, '2019-02-11 13:40:46'),
(30, 50, 2, 2, 7, 2018, '2019-02-11 13:45:54'),
(31, 53, 2, 12, 7, 2018, '2019-02-11 13:46:33'),
(32, 54, 2, 13, 7, 2018, '2019-02-11 13:47:00'),
(33, 55, 2, 1.37, 7, 2018, '2019-02-11 17:24:15'),
(34, 56, 2, 2.17, 7, 2018, '2019-02-11 17:24:59'),
(35, 57, 2, 14.36, 7, 2018, '2019-02-11 17:25:22'),
(36, 60, 2, 5, 7, 2018, '2019-02-11 17:25:43'),
(37, 63, 2, 2, 7, 2018, '2019-02-11 17:26:17'),
(38, 64, 2, 10.8, 7, 2018, '2019-02-11 17:26:39'),
(39, 69, 2, 14.63, 7, 2018, '2019-02-11 17:27:08'),
(40, 70, 2, 4, 7, 2018, '2019-02-11 17:27:43'),
(41, 71, 2, 105, 7, 2018, '2019-02-11 17:28:05'),
(42, 72, 2, 57, 7, 2018, '2019-02-11 17:28:41'),
(43, 73, 2, 0.75, 7, 2018, '2019-02-11 17:29:35'),
(44, 74, 2, 13.1, 7, 2018, '2019-02-11 17:30:32'),
(45, 75, 2, 6.56, 7, 2018, '2019-02-11 17:30:56'),
(46, 76, 2, 3.56, 7, 2018, '2019-02-11 17:31:18'),
(47, 78, 2, 0.3, 7, 2018, '2019-02-11 17:31:49'),
(48, 80, 2, 1.78, 7, 2018, '2019-02-11 17:32:13'),
(49, 82, 2, 13.68, 7, 2018, '2019-02-11 17:32:43'),
(50, 83, 2, 22.32, 7, 2018, '2019-02-11 17:33:23'),
(51, 84, 2, 93, 7, 2018, '2019-02-11 17:33:52'),
(52, 85, 2, 2.2, 7, 2018, '2019-02-11 17:34:11'),
(53, 86, 2, 23, 7, 2018, '2019-02-11 17:35:10'),
(54, 87, 2, 1, 7, 2018, '2019-02-11 17:35:50'),
(55, 89, 2, 117.3, 7, 2018, '2019-02-11 17:36:22'),
(56, 92, 2, 8.09, 7, 2018, '2019-02-11 17:43:11'),
(57, 96, 2, 1.03, 7, 2018, '2019-02-11 17:43:56'),
(58, 97, 2, 12.31, 7, 2018, '2019-02-11 17:44:31'),
(59, 98, 2, 79.78, 7, 2018, '2019-02-11 17:46:59'),
(60, 101, 2, 0.35, 7, 2018, '2019-02-11 17:47:59'),
(61, 102, 2, 14.65, 7, 2018, '2019-02-11 17:48:30'),
(62, 104, 2, 53, 7, 2018, '2019-02-11 17:49:06'),
(63, 105, 2, 7.65, 7, 2018, '2019-02-11 17:50:26'),
(64, 106, 2, 11.32, 7, 2018, '2019-02-11 17:51:17'),
(65, 113, 2, 8, 7, 2018, '2019-02-11 17:51:50'),
(66, 114, 2, 18.09, 7, 2018, '2019-02-11 17:52:13'),
(67, 115, 2, 18, 7, 2018, '2019-02-11 17:52:30'),
(68, 117, 2, 22.01, 7, 2018, '2019-02-11 17:53:02'),
(69, 118, 2, 31.03, 7, 2018, '2019-02-11 17:53:25'),
(70, 120, 2, 25, 7, 2018, '2019-02-11 17:54:05'),
(71, 121, 2, 1, 7, 2018, '2019-02-11 17:54:29'),
(72, 123, 2, 2.8, 7, 2018, '2019-02-11 18:09:48'),
(73, 124, 2, 13.54, 7, 2018, '2019-02-11 18:10:26'),
(74, 126, 2, 0.2, 7, 2018, '2019-02-11 18:10:47'),
(75, 127, 2, 9, 7, 2018, '2019-02-11 18:12:15'),
(76, 128, 2, 44, 7, 2018, '2019-02-11 18:12:51'),
(77, 130, 2, 9, 7, 2018, '2019-02-11 18:14:07'),
(78, 131, 2, 7.72, 7, 2018, '2019-02-11 18:14:28'),
(79, 133, 2, 15.3, 7, 2018, '2019-02-11 18:16:06'),
(80, 136, 2, 27, 7, 2018, '2019-02-11 18:16:26'),
(81, 138, 2, 35, 7, 2018, '2019-02-11 18:16:57'),
(82, 139, 2, 2, 7, 2018, '2019-02-11 18:17:24'),
(83, 140, 2, 5, 7, 2018, '2019-02-11 18:17:42'),
(84, 143, 2, 3, 7, 2018, '2019-02-11 18:18:09'),
(85, 146, 2, 20.35, 7, 2018, '2019-02-11 18:18:51'),
(86, 147, 2, 5, 7, 2018, '2019-02-11 18:19:32'),
(87, 148, 2, 7.83, 7, 2018, '2019-02-11 18:19:57'),
(88, 150, 2, 0.43, 7, 2018, '2019-02-11 18:20:20'),
(89, 155, 2, 26, 7, 2018, '2019-02-11 18:20:43'),
(90, 157, 2, 17, 7, 2018, '2019-02-11 18:21:07'),
(91, 159, 2, 86.23, 7, 2018, '2019-02-11 18:21:33'),
(92, 162, 2, 12.18, 7, 2018, '2019-02-11 18:21:56'),
(93, 163, 2, 1.47, 7, 2018, '2019-02-11 18:23:39'),
(94, 164, 2, 9, 7, 2018, '2019-02-11 18:23:58'),
(95, 165, 2, 5.49, 7, 2018, '2019-02-11 18:25:31'),
(96, 166, 2, 17, 7, 2018, '2019-02-11 18:25:47'),
(97, 168, 2, 53, 7, 2018, '2019-02-11 18:26:02'),
(98, 169, 2, 94.12, 7, 2018, '2019-02-11 18:27:41'),
(99, 170, 2, 27, 7, 2018, '2019-02-11 18:27:56'),
(100, 172, 2, 11.08, 7, 2018, '2019-02-11 18:28:12'),
(101, 173, 2, 16.29, 7, 2018, '2019-02-11 18:28:48'),
(102, 174, 2, 18, 7, 2018, '2019-02-11 18:29:05'),
(103, 178, 2, 9, 7, 2018, '2019-02-11 18:29:21'),
(104, 179, 2, 2.29, 7, 2018, '2019-02-11 18:29:38'),
(105, 180, 2, 44, 7, 2018, '2019-02-11 18:30:06'),
(106, 184, 2, 0.5, 7, 2018, '2019-02-11 18:30:21'),
(107, 185, 2, 2.73, 7, 2018, '2019-02-11 18:30:39'),
(108, 186, 2, 9, 7, 2018, '2019-02-11 18:30:58'),
(109, 188, 2, 4, 7, 2018, '2019-02-11 18:31:18'),
(110, 189, 2, 148, 7, 2018, '2019-02-11 18:32:50'),
(111, 190, 2, 8, 7, 2018, '2019-02-11 18:33:12'),
(112, 195, 2, 11.83, 7, 2018, '2019-02-11 18:33:43'),
(113, 196, 2, 9.4, 7, 2018, '2019-02-11 18:34:18'),
(114, 197, 2, 18, 7, 2018, '2019-02-11 18:34:46'),
(115, 199, 2, 9.47, 7, 2018, '2019-02-11 18:35:11'),
(116, 200, 2, 44, 7, 2018, '2019-02-11 18:35:31'),
(117, 201, 2, 17, 7, 2018, '2019-02-11 18:36:31'),
(118, 202, 2, 3, 7, 2018, '2019-02-11 18:37:22'),
(119, 203, 2, 35, 7, 2018, '2019-02-11 18:37:38'),
(120, 204, 2, 13.38, 7, 2018, '2019-02-11 18:37:56'),
(121, 205, 2, 18, 7, 2018, '2019-02-11 18:38:11'),
(122, 207, 2, 3.56, 7, 2018, '2019-02-11 18:38:34'),
(123, 210, 2, 8.33, 7, 2018, '2019-02-11 18:39:05'),
(124, 211, 2, 8, 7, 2018, '2019-02-11 18:39:20'),
(125, 212, 2, 30.15, 7, 2018, '2019-02-11 18:40:34'),
(126, 213, 2, 44, 7, 2018, '2019-02-11 18:40:49'),
(127, 217, 2, 29.41, 7, 2018, '2019-02-11 18:41:14'),
(128, 218, 2, 5.51, 7, 2018, '2019-02-11 18:41:30'),
(129, 220, 2, 4, 7, 2018, '2019-02-13 10:55:22'),
(130, 221, 2, 97, 7, 2018, '2019-02-11 18:42:06'),
(131, 222, 2, 3.1, 7, 2018, '2019-02-11 18:42:24'),
(132, 223, 2, 3.5, 7, 2018, '2019-02-11 18:42:52'),
(133, 226, 2, 4, 7, 2018, '2019-02-11 18:43:18'),
(134, 230, 2, 9, 7, 2018, '2019-02-11 18:43:37'),
(135, 232, 2, 18, 7, 2018, '2019-02-11 18:43:55'),
(136, 234, 2, 0.3, 7, 2018, '2019-02-11 18:44:35'),
(137, 235, 2, 10.52, 7, 2018, '2019-02-11 18:44:50'),
(138, 236, 2, 2.23, 7, 2018, '2019-02-11 18:45:10'),
(139, 238, 2, 1.57, 7, 2018, '2019-02-11 18:45:26'),
(140, 2, 2, 65.39, 8, 2018, '2019-02-12 10:58:27'),
(141, 6, 2, 43, 8, 2018, '2019-02-12 11:02:39'),
(142, 10, 2, 12, 8, 2018, '2019-02-12 11:02:59'),
(143, 11, 2, 2.08, 8, 2018, '2019-02-12 11:03:15'),
(144, 12, 2, 12.74, 8, 2018, '2019-02-12 11:11:11'),
(145, 13, 2, 2.58, 8, 2018, '2019-02-12 11:11:51'),
(146, 16, 2, 9.74, 8, 2018, '2019-02-12 11:12:15'),
(147, 17, 2, 10.37, 8, 2018, '2019-02-12 11:12:35'),
(148, 22, 2, 2.67, 8, 2018, '2019-02-12 11:12:55'),
(149, 23, 2, 2.7, 8, 2018, '2019-02-12 11:13:15'),
(150, 25, 2, 10.87, 8, 2018, '2019-02-12 11:14:52'),
(151, 27, 2, 0.12, 8, 2018, '2019-02-12 11:15:09'),
(152, 31, 2, 2.23, 8, 2018, '2019-02-12 11:15:27'),
(153, 35, 2, 0.08, 8, 2018, '2019-02-12 11:15:48'),
(154, 36, 2, 21, 8, 2018, '2019-02-12 11:16:09'),
(155, 37, 2, 1.33, 8, 2018, '2019-02-12 11:17:16'),
(156, 44, 2, 1, 8, 2018, '2019-02-12 11:17:33'),
(157, 45, 2, 3.17, 8, 2018, '2019-02-12 11:20:32'),
(158, 46, 2, 9, 8, 2018, '2019-02-12 11:21:11'),
(159, 47, 2, 79, 8, 2018, '2019-02-12 11:22:10'),
(160, 50, 2, 3, 8, 2018, '2019-02-12 11:22:38'),
(161, 53, 2, 0.83, 8, 2018, '2019-02-12 11:23:02'),
(162, 54, 2, 17.08, 8, 2018, '2019-02-12 11:23:25'),
(163, 55, 2, 36, 8, 2018, '2019-02-12 11:24:08'),
(164, 57, 2, 9, 8, 2018, '2019-02-12 11:25:12'),
(165, 58, 2, 9, 8, 2018, '2019-02-12 11:25:36'),
(166, 59, 2, 1.73, 8, 2018, '2019-02-12 11:26:02'),
(167, 60, 2, 6.38, 8, 2018, '2019-02-12 11:26:35'),
(168, 61, 2, 77, 8, 2018, '2019-02-12 11:27:11'),
(169, 63, 2, 8.38, 8, 2018, '2019-02-12 11:27:41'),
(170, 64, 2, 26.33, 8, 2018, '2019-02-12 11:28:17'),
(171, 66, 2, 2.98, 8, 2018, '2019-02-12 11:33:37'),
(172, 69, 2, 13.5, 8, 2018, '2019-02-12 11:37:21'),
(173, 71, 2, 9, 8, 2018, '2019-02-12 11:37:53'),
(174, 73, 2, 32.5, 8, 2018, '2019-02-12 11:38:58'),
(175, 74, 2, 1.78, 8, 2018, '2019-02-12 11:43:45'),
(176, 75, 2, 2.58, 8, 2018, '2019-02-12 12:00:09'),
(177, 76, 2, 0.63, 8, 2018, '2019-02-12 12:00:39'),
(178, 78, 2, 4.66, 8, 2018, '2019-02-12 12:01:14'),
(179, 79, 2, 3, 8, 2018, '2019-02-12 12:02:45'),
(180, 80, 2, 0.73, 8, 2018, '2019-02-12 12:03:04'),
(181, 82, 2, 4, 8, 2018, '2019-02-12 12:03:41'),
(182, 83, 2, 58.75, 8, 2018, '2019-02-12 12:04:18'),
(183, 84, 2, 19.75, 8, 2018, '2019-02-12 12:04:45'),
(184, 86, 2, 14.46, 8, 2018, '2019-02-12 12:05:16'),
(185, 87, 2, 0.15, 8, 2018, '2019-02-12 12:06:02'),
(186, 91, 2, 7.5, 8, 2018, '2019-02-12 12:06:34'),
(187, 96, 2, 0.25, 8, 2018, '2019-02-12 12:06:57'),
(188, 98, 2, 4, 8, 2018, '2019-02-12 12:07:26'),
(189, 99, 2, 70, 8, 2018, '2019-02-12 12:07:47'),
(190, 101, 2, 1.58, 8, 2018, '2019-02-12 12:19:11'),
(191, 102, 2, 3.16, 8, 2018, '2019-02-12 12:20:47'),
(192, 104, 2, 0.21, 8, 2018, '2019-02-12 12:24:21'),
(193, 105, 2, 24.33, 8, 2018, '2019-02-12 12:24:42'),
(194, 106, 2, 8, 8, 2018, '2019-02-12 12:25:31'),
(195, 108, 2, 20, 8, 2018, '2019-02-12 12:25:50'),
(196, 109, 2, 9.5, 8, 2018, '2019-02-12 12:27:28'),
(197, 110, 2, 8, 8, 2018, '2019-02-12 12:27:53'),
(198, 111, 2, 2.73, 8, 2018, '2019-02-12 12:33:38'),
(199, 113, 2, 3.5, 8, 2018, '2019-02-12 12:34:19'),
(200, 114, 2, 10, 8, 2018, '2019-02-12 12:34:50'),
(201, 116, 2, 18.83, 8, 2018, '2019-02-12 12:41:00'),
(202, 117, 2, 5.35, 8, 2018, '2019-02-12 12:41:34'),
(203, 118, 2, 64.92, 8, 2018, '2019-02-12 12:42:00'),
(204, 120, 2, 96, 8, 2018, '2019-02-12 12:42:51'),
(205, 125, 2, 29.79, 8, 2018, '2019-02-12 12:43:25'),
(206, 126, 2, 10.08, 8, 2018, '2019-02-12 12:43:57'),
(207, 128, 2, 26, 8, 2018, '2019-02-12 12:44:46'),
(208, 132, 2, 4, 8, 2018, '2019-02-12 12:45:21'),
(209, 136, 2, 6.16, 8, 2018, '2019-02-12 12:45:53'),
(210, 138, 2, 2.4, 8, 2018, '2019-02-12 12:49:18'),
(211, 139, 2, 4.66, 8, 2018, '2019-02-12 12:49:48'),
(212, 142, 2, 4, 8, 2018, '2019-02-12 12:50:22'),
(213, 143, 2, 2, 8, 2018, '2019-02-12 12:50:57'),
(214, 145, 2, 5.16, 8, 2018, '2019-02-12 12:51:15'),
(215, 146, 2, 26.83, 8, 2018, '2019-02-12 12:52:09'),
(216, 147, 2, 3.42, 8, 2018, '2019-02-12 12:54:01'),
(217, 148, 2, 17, 8, 2018, '2019-02-12 12:54:28'),
(218, 149, 2, 20.78, 8, 2018, '2019-02-12 12:54:49'),
(219, 150, 2, 0.25, 8, 2018, '2019-02-12 12:55:05'),
(220, 151, 2, 8, 8, 2018, '2019-02-12 12:59:56'),
(221, 159, 2, 40.78, 8, 2018, '2019-02-12 15:17:12'),
(222, 162, 2, 3.58, 8, 2018, '2019-02-12 15:28:29'),
(223, 163, 2, 1.25, 8, 2018, '2019-02-12 15:31:35'),
(224, 165, 2, 35, 8, 2018, '2019-02-12 15:31:56'),
(225, 167, 2, 65, 8, 2018, '2019-02-12 15:40:46'),
(226, 168, 2, 18, 8, 2018, '2019-02-12 15:41:27'),
(227, 169, 2, 4.08, 8, 2018, '2019-02-12 15:41:44'),
(228, 170, 2, 9.22, 8, 2018, '2019-02-12 15:41:59'),
(229, 172, 2, 18, 8, 2018, '2019-02-12 15:43:46'),
(230, 173, 2, 10.35, 8, 2018, '2019-02-12 15:46:05'),
(231, 174, 2, 1.87, 8, 2018, '2019-02-12 15:46:30'),
(233, 177, 2, 18, 8, 2018, '2019-02-12 16:02:06'),
(234, 179, 2, 5, 8, 2018, '2019-02-12 16:02:28'),
(235, 180, 2, 19.7, 8, 2018, '2019-02-12 16:02:44'),
(236, 184, 2, 1.25, 8, 2018, '2019-02-12 16:03:17'),
(237, 185, 2, 4, 8, 2018, '2019-02-12 16:03:41'),
(238, 186, 2, 9, 8, 2018, '2019-02-12 16:04:30'),
(239, 187, 2, 6, 8, 2018, '2019-02-12 16:05:13'),
(240, 188, 2, 3.97, 8, 2018, '2019-02-12 16:13:28'),
(241, 189, 2, 40.62, 8, 2018, '2019-02-12 16:13:43'),
(242, 190, 2, 0.68, 8, 2018, '2019-02-12 16:14:04'),
(243, 191, 2, 2, 8, 2018, '2019-02-12 16:14:24'),
(244, 192, 2, 17.66, 8, 2018, '2019-02-12 16:15:26'),
(245, 194, 2, 9, 8, 2018, '2019-02-12 16:15:43'),
(246, 195, 2, 3.3, 8, 2018, '2019-02-12 16:17:23'),
(247, 196, 2, 30.28, 8, 2018, '2019-02-12 16:17:39'),
(248, 199, 2, 6.03, 8, 2018, '2019-02-12 16:18:04'),
(249, 203, 2, 9, 8, 2018, '2019-02-12 16:18:24'),
(250, 204, 2, 1, 8, 2018, '2019-02-12 16:18:41'),
(251, 208, 2, 9, 8, 2018, '2019-02-12 16:19:27'),
(252, 209, 2, 9, 8, 2018, '2019-02-12 16:19:45'),
(253, 210, 2, 6.9, 8, 2018, '2019-02-12 16:23:57'),
(254, 211, 2, 0.33, 8, 2018, '2019-02-12 16:24:13'),
(255, 212, 2, 22.25, 8, 2018, '2019-02-12 16:24:56'),
(256, 213, 2, 15.62, 8, 2018, '2019-02-12 16:25:20'),
(257, 215, 2, 1.5, 8, 2018, '2019-02-12 16:26:45'),
(258, 243, 2, 5.5, 8, 2018, '2019-02-12 16:32:40'),
(259, 217, 2, 15.04, 8, 2018, '2019-02-12 16:32:57'),
(260, 244, 2, 12, 8, 2018, '2019-02-12 16:36:10'),
(261, 225, 2, 13, 8, 2018, '2019-02-12 16:37:02'),
(263, 227, 2, 8, 8, 2018, '2019-02-12 16:43:01'),
(265, 230, 2, 89.92, 8, 2018, '2019-02-12 16:49:30'),
(266, 231, 2, 2.62, 8, 2018, '2019-02-12 16:49:53'),
(267, 235, 2, 3.36, 8, 2018, '2019-02-12 16:50:14'),
(268, 236, 2, 15.88, 8, 2018, '2019-02-12 16:50:31'),
(269, 238, 2, 0.48, 8, 2018, '2019-02-12 16:50:56'),
(270, 240, 2, 0.92, 8, 2018, '2019-02-12 16:51:48'),
(271, 4, 2, 44, 9, 2018, '2019-02-12 17:07:54'),
(272, 6, 2, 57.75, 9, 2018, '2019-02-12 17:06:25'),
(273, 7, 2, 12.5, 9, 2018, '2019-02-12 17:09:22'),
(274, 9, 2, 0.42, 9, 2018, '2019-02-12 17:10:07'),
(275, 10, 2, 8, 9, 2018, '2019-02-12 17:10:30'),
(276, 11, 2, 2.66, 9, 2018, '2019-02-12 17:10:50'),
(277, 12, 2, 8.33, 9, 2018, '2019-02-12 17:11:20'),
(278, 13, 2, 70, 9, 2018, '2019-02-12 17:11:39'),
(279, 16, 2, 1.25, 9, 2018, '2019-02-12 17:12:10'),
(280, 17, 2, 11.66, 9, 2018, '2019-02-12 17:12:34'),
(281, 23, 2, 4, 9, 2018, '2019-02-12 17:13:00'),
(282, 25, 2, 2, 9, 2018, '2019-02-12 17:13:23'),
(283, 27, 2, 2, 9, 2018, '2019-02-12 17:13:44'),
(284, 28, 2, 3, 9, 2018, '2019-02-12 17:19:34'),
(285, 29, 2, 3.42, 9, 2018, '2019-02-12 17:22:50'),
(286, 35, 2, 40, 9, 2018, '2019-02-12 17:23:16'),
(287, 36, 2, 13.16, 9, 2018, '2019-02-12 17:29:33'),
(288, 37, 2, 9, 9, 2018, '2019-02-12 17:32:05'),
(289, 38, 2, 68.92, 9, 2018, '2019-02-12 17:32:29'),
(290, 39, 2, 18, 9, 2018, '2019-02-12 17:51:08'),
(291, 40, 2, 3.58, 9, 2018, '2019-02-12 18:13:28'),
(292, 41, 2, 2.33, 9, 2018, '2019-02-12 18:13:51'),
(293, 42, 2, 9, 9, 2018, '2019-02-12 18:16:02'),
(294, 43, 2, 132, 9, 2018, '2019-02-12 18:16:22'),
(295, 44, 2, 18, 9, 2018, '2019-02-12 18:19:23'),
(296, 46, 2, 74, 9, 2018, '2019-02-12 18:19:46'),
(297, 49, 2, 1.25, 9, 2018, '2019-02-12 18:20:20'),
(298, 54, 2, 12.74, 9, 2018, '2019-02-12 18:33:58'),
(299, 56, 2, 97, 9, 2018, '2019-02-12 18:34:38'),
(300, 58, 2, 3, 9, 2018, '2019-02-12 18:34:53'),
(301, 59, 2, 20.16, 9, 2018, '2019-02-12 18:35:07'),
(302, 60, 2, 22.58, 9, 2018, '2019-02-12 18:35:21'),
(303, 62, 2, 4, 9, 2018, '2019-02-12 18:35:37'),
(304, 63, 2, 6.25, 9, 2018, '2019-02-12 18:36:29'),
(305, 64, 2, 18.25, 9, 2018, '2019-02-12 18:36:44'),
(306, 68, 2, 3.83, 9, 2018, '2019-02-12 18:37:27'),
(307, 69, 2, 9.25, 9, 2018, '2019-02-12 18:37:44'),
(308, 70, 2, 9.66, 9, 2018, '2019-02-12 18:38:22'),
(309, 71, 2, 13, 9, 2018, '2019-02-12 18:39:00'),
(310, 74, 2, 2.32, 9, 2018, '2019-02-12 18:40:22'),
(311, 77, 2, 1.25, 9, 2018, '2019-02-12 18:40:44'),
(352, 78, 2, 4, 9, 2018, '2019-02-13 11:50:55'),
(353, 79, 2, 7.66, 9, 2018, '2019-02-13 12:06:22'),
(354, 81, 2, 5.16, 9, 2018, '2019-02-13 12:33:12'),
(355, 82, 2, 2.83, 9, 2018, '2019-02-13 12:39:19'),
(356, 83, 2, 11.33, 9, 2018, '2019-02-13 12:39:45'),
(357, 84, 2, 76, 9, 2018, '2019-02-13 12:41:57'),
(358, 86, 2, 2.5, 9, 2018, '2019-02-13 12:42:26'),
(359, 90, 2, 4, 9, 2018, '2019-02-13 12:44:37'),
(360, 91, 2, 9, 9, 2018, '2019-02-13 12:44:58'),
(361, 92, 2, 18, 9, 2018, '2019-02-13 12:45:42'),
(362, 93, 2, 4, 9, 2018, '2019-02-13 12:46:54'),
(363, 94, 2, 5.5, 9, 2018, '2019-02-13 13:03:33'),
(364, 97, 2, 21.75, 9, 2018, '2019-02-13 13:03:55'),
(365, 98, 2, 7.41, 9, 2018, '2019-02-13 13:04:15'),
(366, 99, 2, 28.75, 9, 2018, '2019-02-13 13:04:32'),
(367, 101, 2, 9, 9, 2018, '2019-02-13 13:04:59'),
(368, 102, 2, 16.74, 9, 2018, '2019-02-13 13:05:17'),
(369, 103, 2, 9.42, 9, 2018, '2019-02-13 13:05:40'),
(370, 104, 2, 36, 9, 2018, '2019-02-13 13:06:10'),
(371, 105, 2, 44, 9, 2018, '2019-02-13 13:06:26'),
(372, 106, 2, 26, 9, 2018, '2019-02-13 13:08:19'),
(373, 108, 2, 4.42, 9, 2018, '2019-02-13 13:14:36'),
(374, 109, 2, 4.66, 9, 2018, '2019-02-13 13:15:23'),
(375, 113, 2, 12.75, 9, 2018, '2019-02-13 13:33:48'),
(376, 114, 2, 4.16, 9, 2018, '2019-02-13 13:34:10'),
(377, 115, 2, 8, 9, 2018, '2019-02-13 13:51:04'),
(378, 116, 2, 5, 9, 2018, '2019-02-13 13:52:11'),
(379, 117, 2, 44, 9, 2018, '2019-02-13 13:52:28'),
(380, 118, 2, 73.83, 9, 2018, '2019-02-13 13:52:45'),
(381, 119, 2, 9, 9, 2018, '2019-02-13 13:52:58'),
(382, 121, 2, 12.41, 9, 2018, '2019-02-13 13:53:26'),
(383, 123, 2, 44.83, 9, 2018, '2019-02-13 13:54:08'),
(384, 124, 2, 18, 9, 2018, '2019-02-13 13:54:29'),
(385, 127, 2, 7, 9, 2018, '2019-02-13 13:54:44'),
(386, 128, 2, 4, 9, 2018, '2019-02-13 13:57:42'),
(387, 131, 2, 50, 9, 2018, '2019-02-13 15:49:58'),
(388, 132, 2, 9, 9, 2018, '2019-02-13 15:50:30'),
(389, 135, 2, 12, 9, 2018, '2019-02-13 15:50:53'),
(390, 136, 2, 4, 9, 2018, '2019-02-13 15:51:07'),
(391, 138, 2, 18, 9, 2018, '2019-02-13 15:51:33'),
(392, 140, 2, 6.83, 9, 2018, '2019-02-13 15:52:11'),
(393, 143, 2, 5.25, 9, 2018, '2019-02-13 15:52:29'),
(394, 146, 2, 15.66, 9, 2018, '2019-02-13 15:52:47'),
(395, 147, 2, 13, 9, 2018, '2019-02-13 15:53:06'),
(396, 148, 2, 16, 9, 2018, '2019-02-13 15:53:21'),
(397, 149, 2, 21, 9, 2018, '2019-02-13 15:53:56'),
(398, 153, 2, 30, 9, 2018, '2019-02-13 15:54:10'),
(399, 155, 2, 44, 9, 2018, '2019-02-13 15:54:40'),
(400, 157, 2, 18, 9, 2018, '2019-02-13 15:54:53'),
(401, 158, 2, 1.33, 9, 2018, '2019-02-13 15:55:13'),
(402, 159, 2, 62, 9, 2018, '2019-02-13 15:56:06'),
(403, 162, 2, 8.75, 9, 2018, '2019-02-13 15:56:30'),
(404, 163, 2, 5, 9, 2018, '2019-02-13 15:57:12'),
(405, 164, 2, 4, 9, 2018, '2019-02-13 15:58:54'),
(406, 165, 2, 14, 9, 2018, '2019-02-13 15:59:10'),
(407, 166, 2, 26, 9, 2018, '2019-02-13 15:59:25'),
(408, 167, 2, 13, 9, 2018, '2019-02-13 15:59:49'),
(409, 168, 2, 22, 9, 2018, '2019-02-13 16:00:22'),
(410, 170, 2, 45, 9, 2018, '2019-02-13 16:00:34'),
(411, 171, 2, 97, 9, 2018, '2019-02-13 16:01:00'),
(412, 172, 2, 44, 9, 2018, '2019-02-20 14:49:18'),
(413, 173, 2, 4.16, 9, 2018, '2019-02-13 16:02:02'),
(414, 174, 2, 61, 9, 2018, '2019-02-13 16:02:14'),
(415, 175, 2, 5, 9, 2018, '2019-02-13 16:02:27'),
(416, 176, 2, 66.08, 9, 2018, '2019-02-13 16:02:40'),
(417, 178, 2, 97, 9, 2018, '2019-02-13 16:02:56'),
(418, 179, 2, 5.75, 9, 2018, '2019-02-13 16:03:09'),
(419, 180, 2, 18, 9, 2018, '2019-02-13 16:03:27'),
(420, 183, 2, 0.16, 9, 2018, '2019-02-13 16:03:44'),
(421, 184, 2, 0.42, 9, 2018, '2019-02-13 16:04:16'),
(422, 185, 2, 4, 9, 2018, '2019-02-13 16:04:37'),
(423, 186, 2, 45, 9, 2018, '2019-02-13 16:04:50'),
(424, 188, 2, 2, 9, 2018, '2019-02-13 16:05:05'),
(425, 189, 2, 103.66, 9, 2018, '2019-02-13 16:05:39'),
(426, 190, 2, 12, 9, 2018, '2019-02-13 16:06:05'),
(427, 193, 2, 17, 9, 2018, '2019-02-13 16:07:38'),
(428, 194, 2, 19.16, 9, 2018, '2019-02-13 16:07:52'),
(429, 195, 2, 2.66, 9, 2018, '2019-02-13 16:08:08'),
(430, 196, 2, 80, 9, 2018, '2019-02-13 16:08:57'),
(431, 198, 2, 3.08, 9, 2018, '2019-02-13 16:09:21'),
(432, 199, 2, 22, 9, 2018, '2019-02-13 16:09:51'),
(433, 201, 2, 0.66, 9, 2018, '2019-02-13 16:11:31'),
(434, 202, 2, 9, 9, 2018, '2019-02-13 16:11:46'),
(435, 204, 2, 97, 9, 2018, '2019-02-14 09:32:23'),
(436, 205, 2, 3.83, 9, 2018, '2019-02-14 09:33:13'),
(437, 208, 2, 2, 9, 2018, '2019-02-14 09:33:39'),
(438, 209, 2, 33.83, 9, 2018, '2019-02-14 09:33:54'),
(439, 210, 2, 7.33, 9, 2018, '2019-02-14 09:34:19'),
(440, 213, 2, 4, 9, 2018, '2019-02-14 09:34:34'),
(441, 216, 2, 6, 9, 2018, '2019-02-14 09:34:48'),
(442, 217, 2, 134, 9, 2018, '2019-02-14 09:35:05'),
(443, 218, 2, 22.5, 9, 2018, '2019-02-14 09:36:07'),
(444, 220, 2, 3.83, 9, 2018, '2019-02-14 09:36:21'),
(445, 222, 2, 5, 9, 2018, '2019-02-14 09:43:53'),
(446, 244, 2, 8.32, 9, 2018, '2019-02-14 10:10:23'),
(447, 225, 2, 4.16, 9, 2018, '2019-02-14 10:11:00'),
(449, 235, 2, 13, 9, 2018, '2019-02-14 15:23:15'),
(450, 236, 2, 4.91, 9, 2018, '2019-02-14 15:23:27'),
(451, 240, 2, 1.42, 9, 2018, '2019-02-14 15:23:59'),
(452, 242, 2, 2, 9, 2018, '2019-02-14 15:24:11'),
(453, 1, 2, 4.33, 10, 2018, '2019-02-14 15:48:56'),
(454, 2, 2, 9, 10, 2018, '2019-02-14 15:49:12'),
(455, 3, 2, 15.25, 10, 2018, '2019-02-14 15:49:30'),
(456, 4, 2, 89.6, 10, 2018, '2019-02-14 15:49:57'),
(457, 5, 2, 18, 10, 2018, '2019-02-14 15:51:31'),
(458, 6, 2, 18, 10, 2018, '2019-02-14 15:51:46'),
(459, 7, 2, 1.5, 10, 2018, '2019-02-14 15:52:06'),
(460, 10, 2, 5, 10, 2018, '2019-02-14 15:52:56'),
(461, 11, 2, 9, 10, 2018, '2019-02-14 15:53:51'),
(462, 13, 2, 70, 10, 2018, '2019-02-14 15:54:03'),
(463, 14, 2, 3, 10, 2018, '2019-02-14 15:54:14'),
(464, 16, 2, 2, 10, 2018, '2019-02-14 15:54:25'),
(465, 17, 2, 3.83, 10, 2018, '2019-02-14 15:54:49'),
(466, 18, 2, 3.33, 10, 2018, '2019-02-14 15:55:04'),
(467, 20, 2, 3.16, 10, 2018, '2019-02-14 15:55:31'),
(468, 21, 2, 0.33, 10, 2018, '2019-02-14 15:55:45'),
(469, 1, 2, 1.42, 10, 2018, '2019-02-14 15:55:57'),
(470, 22, 2, 1.42, 10, 2018, '2019-02-14 15:56:38'),
(471, 25, 2, 14, 10, 2018, '2019-02-14 15:57:40'),
(472, 26, 2, 7.31, 10, 2018, '2019-02-14 15:57:54'),
(473, 27, 2, 25, 10, 2018, '2019-02-14 15:58:13'),
(474, 28, 2, 0.99, 10, 2018, '2019-02-14 16:38:10'),
(475, 29, 2, 1.33, 10, 2018, '2019-02-14 16:39:08'),
(476, 30, 2, 18.62, 10, 2018, '2019-02-14 17:41:02'),
(477, 31, 2, 9, 10, 2018, '2019-02-15 11:57:31'),
(478, 33, 2, 1.33, 10, 2018, '2019-02-15 11:57:52'),
(479, 36, 2, 10.16, 10, 2018, '2019-02-15 11:58:07'),
(480, 38, 2, 17.28, 10, 2018, '2019-02-15 11:58:31'),
(481, 40, 2, 5, 10, 2018, '2019-02-15 11:58:50'),
(482, 41, 2, 9, 10, 2018, '2019-02-15 11:59:05'),
(483, 42, 2, 1.78, 10, 2018, '2019-02-15 11:59:29'),
(484, 43, 2, 9, 10, 2018, '2019-02-15 11:59:50'),
(485, 44, 2, 60.49, 10, 2018, '2019-02-15 12:00:11'),
(486, 45, 2, 3.5, 10, 2018, '2019-02-15 12:00:28'),
(487, 46, 2, 106, 10, 2018, '2019-02-15 12:00:46'),
(488, 47, 2, 18.42, 10, 2018, '2019-02-15 12:01:16'),
(489, 49, 2, 3.33, 10, 2018, '2019-02-15 12:01:29'),
(490, 50, 2, 19, 10, 2018, '2019-02-15 12:02:10'),
(491, 54, 2, 2, 10, 2018, '2019-02-15 12:02:32'),
(492, 57, 2, 18, 10, 2018, '2019-02-15 12:02:55'),
(493, 58, 2, 8.74, 10, 2018, '2019-02-15 12:03:10'),
(494, 59, 2, 8.16, 10, 2018, '2019-02-15 12:03:33'),
(495, 60, 2, 8.99, 10, 2018, '2019-02-15 12:03:57'),
(496, 62, 2, 18, 10, 2018, '2019-02-15 12:04:11'),
(497, 63, 2, 6, 10, 2018, '2019-02-15 12:04:31'),
(498, 64, 2, 80, 10, 2018, '2019-02-15 12:04:48'),
(499, 65, 2, 11.5, 10, 2018, '2019-02-15 12:05:04'),
(500, 66, 2, 14.25, 10, 2018, '2019-02-15 12:05:22'),
(501, 68, 2, 2.5, 10, 2018, '2019-02-15 12:05:41'),
(502, 69, 2, 7.78, 10, 2018, '2019-02-15 12:06:01'),
(503, 70, 2, 17, 10, 2018, '2019-02-15 12:06:15'),
(504, 71, 2, 13.41, 10, 2018, '2019-02-15 12:06:30'),
(505, 72, 2, 27, 10, 2018, '2019-02-15 12:06:43'),
(506, 74, 2, 5.42, 10, 2018, '2019-02-15 12:12:08'),
(507, 75, 2, 4.66, 10, 2018, '2019-02-15 12:12:28'),
(508, 78, 2, 18, 10, 2018, '2019-02-15 12:13:04'),
(509, 81, 2, 22.42, 10, 2018, '2019-02-15 12:13:18'),
(510, 83, 2, 21, 10, 2018, '2019-02-15 12:18:22'),
(511, 84, 2, 19.16, 10, 2018, '2019-02-15 12:18:44'),
(512, 86, 2, 31.41, 10, 2018, '2019-02-15 12:19:22'),
(513, 88, 2, 8, 10, 2018, '2019-02-15 12:19:38'),
(514, 89, 2, 0.5, 10, 2018, '2019-02-15 12:19:56'),
(515, 90, 2, 17, 10, 2018, '2019-02-15 12:23:11'),
(516, 92, 2, 13, 10, 2018, '2019-02-15 12:23:44'),
(517, 93, 2, 4, 10, 2018, '2019-02-15 12:24:06'),
(518, 96, 2, 5, 10, 2018, '2019-02-15 12:24:21'),
(519, 97, 2, 10.66, 10, 2018, '2019-02-15 12:24:42'),
(520, 98, 2, 4, 10, 2018, '2019-02-15 12:25:00'),
(521, 99, 2, 36, 10, 2018, '2019-02-15 12:26:50'),
(522, 102, 2, 41, 10, 2018, '2019-02-15 12:28:58'),
(523, 103, 2, 3.75, 10, 2018, '2019-02-15 12:31:33'),
(524, 106, 2, 29.25, 10, 2018, '2019-02-15 12:32:09'),
(525, 107, 2, 26, 10, 2018, '2019-02-15 12:32:23'),
(526, 110, 2, 1.66, 10, 2018, '2019-02-15 12:32:46'),
(527, 113, 2, 1, 10, 2018, '2019-02-15 12:33:02'),
(528, 114, 2, 8.16, 10, 2018, '2019-02-15 12:33:23'),
(529, 115, 2, 18, 10, 2018, '2019-02-15 12:33:45'),
(530, 116, 2, 9, 10, 2018, '2019-02-15 12:34:00'),
(531, 118, 2, 42.57, 10, 2018, '2019-02-15 12:34:14'),
(532, 119, 2, 176, 10, 2018, '2019-02-15 12:35:46'),
(533, 121, 2, 13.41, 10, 2018, '2019-02-15 12:36:36'),
(534, 124, 2, 1, 10, 2018, '2019-02-15 12:36:50'),
(535, 127, 2, 12.67, 10, 2018, '2019-02-15 12:37:07'),
(536, 128, 2, 1, 10, 2018, '2019-02-15 12:37:33'),
(537, 131, 2, 54.67, 10, 2018, '2019-02-15 12:37:52'),
(538, 132, 2, 27, 10, 2018, '2019-02-15 12:38:59'),
(539, 133, 2, 6.08, 10, 2018, '2019-02-15 12:39:20'),
(540, 134, 2, 9, 10, 2018, '2019-02-15 12:40:14'),
(541, 136, 2, 39.42, 10, 2018, '2019-02-15 12:40:31'),
(542, 138, 2, 56.42, 10, 2018, '2019-02-15 12:40:59'),
(543, 139, 2, 20, 10, 2018, '2019-02-15 12:41:13'),
(544, 140, 2, 8, 10, 2018, '2019-02-15 12:42:01'),
(545, 141, 2, 1, 10, 2018, '2019-02-15 12:42:30'),
(547, 143, 2, 20.33, 10, 2018, '2019-02-15 12:44:27'),
(548, 144, 2, 9, 10, 2018, '2019-02-15 12:44:58'),
(549, 146, 2, 3.99, 10, 2018, '2019-02-15 12:45:18'),
(550, 147, 2, 9, 10, 2018, '2019-02-15 12:46:54'),
(551, 148, 2, 18, 10, 2018, '2019-02-15 12:47:17'),
(552, 149, 2, 9, 10, 2018, '2019-02-15 12:48:11'),
(553, 153, 2, 42, 10, 2018, '2019-02-15 12:48:31'),
(554, 155, 2, 18, 10, 2018, '2019-02-15 12:51:15'),
(555, 156, 2, 6.66, 10, 2018, '2019-02-15 12:55:38'),
(556, 162, 2, 13.32, 10, 2018, '2019-02-15 12:59:05'),
(557, 163, 2, 4.78, 10, 2018, '2019-02-15 13:12:44'),
(558, 165, 2, 9, 10, 2018, '2019-02-15 13:13:05'),
(559, 166, 2, 22, 10, 2018, '2019-02-15 13:13:26'),
(560, 167, 2, 75.16, 10, 2018, '2019-04-17 14:45:53'),
(561, 168, 2, 53, 10, 2018, '2019-02-15 13:14:00'),
(562, 170, 2, 51.33, 10, 2018, '2019-02-15 13:14:24'),
(563, 171, 2, 13.42, 10, 2018, '2019-02-15 13:15:00'),
(564, 172, 2, 42.75, 10, 2018, '2019-02-15 13:15:22'),
(565, 173, 2, 9, 10, 2018, '2019-02-15 13:15:35'),
(566, 174, 2, 1.5, 10, 2018, '2019-02-15 13:15:53'),
(567, 176, 2, 9, 10, 2018, '2019-02-15 13:16:10'),
(568, 177, 2, 15.42, 10, 2018, '2019-02-15 13:16:26'),
(569, 179, 2, 1.5, 10, 2018, '2019-02-15 13:16:40'),
(570, 179, 2, 1.5, 10, 2018, '2019-02-15 13:20:15'),
(571, 180, 2, 47.75, 10, 2018, '2019-02-15 13:20:36'),
(572, 185, 2, 2.33, 10, 2018, '2019-02-15 13:20:59'),
(573, 186, 2, 3.66, 10, 2018, '2019-02-15 13:21:21'),
(574, 187, 2, 9, 10, 2018, '2019-02-15 15:25:54'),
(576, 188, 2, 5.75, 10, 2018, '2019-02-15 15:26:57'),
(577, 189, 2, 158.66, 10, 2018, '2019-02-15 15:27:13'),
(578, 190, 2, 4.93, 10, 2018, '2019-02-15 15:27:29'),
(579, 191, 2, 6, 10, 2018, '2019-02-15 15:27:49'),
(581, 192, 2, 2.26, 10, 2018, '2019-02-15 15:30:16'),
(582, 193, 2, 17, 10, 2018, '2019-02-15 15:30:35'),
(583, 194, 2, 36, 10, 2018, '2019-02-15 15:42:31'),
(584, 195, 2, 6.33, 10, 2018, '2019-02-15 15:42:45'),
(585, 196, 2, 18, 10, 2018, '2019-02-15 15:43:13'),
(586, 200, 2, 24, 10, 2018, '2019-02-15 15:43:39'),
(587, 202, 2, 19.5, 10, 2018, '2019-02-15 15:44:00'),
(588, 203, 2, 9, 10, 2018, '2019-02-15 15:44:15'),
(589, 204, 2, 12.83, 10, 2018, '2019-02-15 15:44:29'),
(590, 205, 2, 19.33, 10, 2018, '2019-02-15 15:44:47'),
(591, 207, 2, 7.5, 10, 2018, '2019-02-15 15:45:15'),
(592, 208, 2, 1.33, 10, 2018, '2019-02-15 15:45:36'),
(593, 209, 2, 23.87, 10, 2018, '2019-02-15 15:45:52'),
(594, 210, 2, 0.5, 10, 2018, '2019-02-15 15:46:07'),
(595, 215, 2, 18, 10, 2018, '2019-02-15 15:46:34'),
(597, 216, 2, 6, 10, 2018, '2019-02-15 15:47:25'),
(598, 217, 2, 102, 10, 2018, '2019-02-15 15:47:41'),
(599, 218, 2, 0.75, 10, 2018, '2019-02-15 15:47:57'),
(600, 219, 2, 9, 10, 2018, '2019-02-15 15:48:11'),
(601, 220, 2, 4, 10, 2018, '2019-02-15 15:48:26'),
(602, 225, 2, 1.5, 10, 2018, '2019-02-15 15:49:08'),
(603, 230, 2, 71, 10, 2018, '2019-02-15 15:49:22'),
(604, 232, 2, 9, 10, 2018, '2019-02-15 15:49:45'),
(606, 235, 2, 1.16, 10, 2018, '2019-02-15 15:50:38'),
(607, 236, 2, 13.61, 10, 2018, '2019-02-15 15:50:56'),
(608, 237, 2, 6, 10, 2018, '2019-02-15 15:51:14'),
(610, 239, 2, 11.5, 10, 2018, '2019-02-15 15:52:09'),
(611, 240, 2, 5.16, 10, 2018, '2019-02-15 15:52:25'),
(612, 241, 2, 0.16, 10, 2018, '2019-02-15 15:52:42'),
(613, 242, 2, 9.5, 10, 2018, '2019-02-15 15:52:58'),
(614, 2, 2, 9, 11, 2018, '2019-02-15 16:45:06'),
(615, 4, 2, 49.41, 11, 2018, '2019-02-15 16:45:22'),
(616, 6, 2, 100, 11, 2018, '2019-02-15 16:45:34'),
(617, 7, 2, 21, 11, 2018, '2019-02-15 16:45:47'),
(618, 12, 2, 0.66, 11, 2018, '2019-02-15 16:46:04'),
(619, 16, 2, 2.58, 11, 2018, '2019-02-15 16:46:23'),
(620, 17, 2, 2.16, 11, 2018, '2019-02-15 16:46:51'),
(621, 18, 2, 27.74, 11, 2018, '2019-02-15 16:47:33'),
(623, 22, 2, 14.9, 11, 2018, '2019-02-15 16:49:11'),
(624, 23, 2, 22.25, 11, 2018, '2019-02-15 16:49:31'),
(625, 24, 2, 5.75, 11, 2018, '2019-02-15 16:49:48'),
(626, 25, 2, 9, 11, 2018, '2019-02-15 16:50:01'),
(627, 27, 2, 9.66, 11, 2018, '2019-02-15 16:50:16'),
(628, 28, 2, 0.66, 11, 2018, '2019-02-18 18:44:45'),
(629, 29, 2, 6.91, 11, 2018, '2019-02-18 18:45:00'),
(630, 33, 2, 0.33, 11, 2018, '2019-02-18 19:06:26'),
(631, 34, 2, 1.5, 11, 2018, '2019-02-18 19:19:08'),
(632, 35, 2, 12, 11, 2018, '2019-02-19 10:30:06'),
(633, 36, 2, 30, 11, 2018, '2019-02-19 10:30:46'),
(634, 37, 2, 8.06, 11, 2018, '2019-02-19 10:31:00'),
(635, 38, 2, 53, 11, 2018, '2019-02-19 10:31:15'),
(636, 39, 2, 24, 11, 2018, '2019-02-19 10:31:31'),
(637, 40, 2, 4.5, 11, 2018, '2019-02-19 10:31:49'),
(638, 41, 2, 2.5, 11, 2018, '2019-02-19 10:33:03'),
(639, 42, 2, 1.33, 11, 2018, '2019-02-19 10:33:22'),
(640, 44, 2, 71.25, 11, 2018, '2019-02-19 10:34:00'),
(641, 45, 2, 39.83, 11, 2018, '2019-02-19 10:34:31'),
(642, 47, 2, 25.5, 11, 2018, '2019-02-19 10:34:50'),
(643, 49, 2, 5, 11, 2018, '2019-02-19 10:35:05'),
(644, 50, 2, 6, 11, 2018, '2019-02-19 10:35:21'),
(645, 54, 2, 32, 11, 2018, '2019-02-19 10:35:37'),
(646, 56, 2, 17, 11, 2018, '2019-02-19 10:36:14'),
(647, 58, 2, 0.5, 11, 2018, '2019-02-19 10:36:29'),
(648, 60, 2, 13.75, 11, 2018, '2019-02-19 10:36:45'),
(649, 63, 2, 8, 11, 2018, '2019-02-19 10:40:07'),
(650, 64, 2, 0.5, 11, 2018, '2019-02-19 10:52:21'),
(651, 66, 2, 10.83, 11, 2018, '2019-02-19 11:06:07'),
(652, 67, 2, 3, 11, 2018, '2019-02-19 11:06:34'),
(653, 68, 2, 1, 11, 2018, '2019-02-19 11:06:51'),
(654, 69, 2, 14.42, 11, 2018, '2019-02-19 11:07:13'),
(655, 70, 2, 3, 11, 2018, '2019-02-19 11:07:29'),
(656, 71, 2, 43, 11, 2018, '2019-02-19 11:07:41'),
(657, 72, 2, 9, 11, 2018, '2019-02-19 11:08:02'),
(658, 73, 2, 2.24, 11, 2018, '2019-02-19 11:08:25'),
(659, 74, 2, 14.16, 11, 2018, '2019-02-19 11:08:38'),
(660, 79, 2, 8.5, 11, 2018, '2019-02-19 11:17:19'),
(661, 81, 2, 6.25, 11, 2018, '2019-02-19 11:37:57'),
(662, 82, 2, 3.25, 11, 2018, '2019-02-19 11:38:10'),
(663, 83, 2, 27, 11, 2018, '2019-02-19 11:38:22'),
(664, 84, 2, 77.58, 11, 2018, '2019-02-19 11:38:42'),
(665, 86, 2, 9, 11, 2018, '2019-02-19 11:38:56'),
(666, 89, 2, 44, 11, 2018, '2019-02-19 11:39:14'),
(667, 90, 2, 4.75, 11, 2018, '2019-02-19 11:39:27'),
(668, 91, 2, 8, 11, 2018, '2019-02-19 11:39:42'),
(669, 92, 2, 6.5, 11, 2018, '2019-02-19 11:40:02'),
(670, 93, 2, 13, 11, 2018, '2019-02-19 11:40:16'),
(671, 94, 2, 1.33, 11, 2018, '2019-02-19 11:40:30'),
(672, 98, 2, 0.58, 11, 2018, '2019-02-19 11:40:49'),
(673, 99, 2, 30.16, 11, 2018, '2019-02-19 12:58:54'),
(674, 101, 2, 43, 11, 2018, '2019-02-19 12:59:36'),
(675, 102, 2, 11.49, 11, 2018, '2019-02-19 12:59:48'),
(676, 104, 2, 26, 11, 2018, '2019-02-19 13:49:30'),
(677, 105, 2, 1.24, 11, 2018, '2019-02-19 13:50:15'),
(678, 109, 2, 2, 11, 2018, '2019-02-19 14:07:46'),
(679, 110, 2, 1.5, 11, 2018, '2019-02-19 14:08:01'),
(680, 113, 2, 6, 11, 2018, '2019-02-19 14:39:21'),
(681, 114, 2, 4.16, 11, 2018, '2019-02-19 14:40:50'),
(682, 115, 2, 9, 11, 2018, '2019-02-19 14:41:03'),
(683, 117, 2, 77.75, 11, 2018, '2019-02-19 14:41:25'),
(684, 118, 2, 41.16, 11, 2018, '2019-02-19 14:41:38'),
(685, 119, 2, 70, 11, 2018, '2019-02-19 14:43:02'),
(686, 121, 2, 47, 11, 2018, '2019-02-19 14:43:35'),
(687, 123, 2, 17, 11, 2018, '2019-02-19 14:43:55'),
(688, 124, 2, 17, 11, 2018, '2019-02-19 14:44:09'),
(689, 127, 2, 9.16, 11, 2018, '2019-02-19 14:44:23'),
(690, 128, 2, 35, 11, 2018, '2019-02-19 14:44:49'),
(691, 131, 2, 17, 11, 2018, '2019-02-19 14:46:07'),
(692, 132, 2, 9, 11, 2018, '2019-02-19 14:50:02'),
(693, 133, 2, 5, 11, 2018, '2019-02-19 14:50:13'),
(694, 135, 2, 6, 11, 2018, '2019-02-19 14:50:27'),
(695, 136, 2, 28, 11, 2018, '2019-02-19 14:50:47'),
(696, 138, 2, 44.66, 11, 2018, '2019-02-19 14:51:12'),
(697, 140, 2, 22, 11, 2018, '2019-02-19 14:52:10'),
(698, 141, 2, 19.66, 11, 2018, '2019-02-19 16:48:38'),
(699, 143, 2, 1.5, 11, 2018, '2019-02-19 16:50:35'),
(700, 146, 2, 16.91, 11, 2018, '2019-02-19 16:50:52'),
(701, 147, 2, 9, 11, 2018, '2019-02-19 16:51:15'),
(702, 148, 2, 26.33, 11, 2018, '2019-02-19 16:51:29'),
(703, 149, 2, 105, 11, 2018, '2019-02-19 16:51:41'),
(704, 155, 2, 6, 11, 2018, '2019-02-19 16:51:55'),
(705, 156, 2, 1.58, 11, 2018, '2019-02-19 16:56:06'),
(706, 162, 2, 40.74, 11, 2018, '2019-02-19 16:56:28'),
(707, 163, 2, 13, 11, 2018, '2019-02-19 16:57:22'),
(708, 164, 2, 17, 11, 2018, '2019-02-19 16:57:37'),
(709, 165, 2, 8, 11, 2018, '2019-02-19 16:57:48'),
(710, 166, 2, 9, 11, 2018, '2019-02-19 16:58:00'),
(711, 167, 2, 36, 11, 2018, '2019-02-19 16:58:16'),
(712, 168, 2, 54, 11, 2018, '2019-02-19 16:58:37'),
(713, 170, 2, 62, 11, 2018, '2019-02-19 16:58:53'),
(714, 171, 2, 18, 11, 2018, '2019-02-19 16:59:19'),
(715, 172, 2, 27, 11, 2018, '2019-02-19 16:59:33'),
(716, 173, 2, 12, 11, 2018, '2019-02-19 17:00:59'),
(717, 174, 2, 21, 11, 2018, '2019-02-19 17:01:33'),
(718, 176, 2, 10, 11, 2018, '2019-02-19 17:01:46'),
(719, 177, 2, 18, 11, 2018, '2019-02-19 17:02:02'),
(720, 179, 2, 8, 11, 2018, '2019-02-19 17:02:20'),
(721, 180, 2, 44, 11, 2018, '2019-02-19 17:02:36'),
(722, 184, 2, 0.42, 11, 2018, '2019-02-19 17:02:50'),
(723, 185, 2, 9, 11, 2018, '2019-02-19 17:03:14'),
(724, 186, 2, 51.16, 11, 2018, '2019-02-19 17:03:27'),
(725, 187, 2, 9, 11, 2018, '2019-02-19 17:03:40'),
(726, 188, 2, 1.33, 11, 2018, '2019-02-19 17:03:55'),
(727, 189, 2, 157, 11, 2018, '2019-02-19 17:04:17'),
(728, 190, 2, 17, 11, 2018, '2019-02-19 17:04:36'),
(729, 191, 2, 1.91, 11, 2018, '2019-02-19 17:04:49'),
(730, 192, 2, 3.33, 11, 2018, '2019-02-19 17:05:04'),
(731, 193, 2, 105, 11, 2018, '2019-02-19 17:05:19'),
(732, 194, 2, 15, 11, 2018, '2019-02-19 17:05:46'),
(733, 195, 2, 30, 11, 2018, '2019-02-19 17:05:59'),
(734, 196, 2, 27, 11, 2018, '2019-02-19 17:06:20'),
(735, 197, 2, 15.5, 11, 2018, '2019-02-19 17:06:36'),
(736, 198, 2, 9, 11, 2018, '2019-02-19 17:06:59'),
(737, 199, 2, 24.49, 11, 2018, '2019-02-19 17:07:14'),
(738, 200, 2, 21.5, 11, 2018, '2019-02-19 17:07:30'),
(739, 202, 2, 9, 11, 2018, '2019-02-19 17:07:51'),
(740, 203, 2, 44.58, 11, 2018, '2019-02-19 17:08:56'),
(741, 205, 2, 27, 11, 2018, '2019-02-19 17:09:43'),
(742, 208, 2, 3, 11, 2018, '2019-02-19 17:10:06'),
(743, 209, 2, 83.52, 11, 2018, '2019-02-19 17:10:25'),
(744, 211, 2, 1.16, 11, 2018, '2019-02-19 17:10:37'),
(745, 212, 2, 17.25, 11, 2018, '2019-02-19 17:10:55'),
(746, 213, 2, 33, 11, 2018, '2019-02-19 17:11:42'),
(747, 218, 2, 2.66, 11, 2018, '2019-02-19 17:13:38'),
(748, 222, 2, 68, 11, 2018, '2019-02-19 17:13:51'),
(749, 226, 2, 4.83, 11, 2018, '2019-02-19 17:14:10'),
(750, 229, 2, 1.28, 11, 2018, '2019-02-19 17:14:24'),
(751, 230, 2, 9, 11, 2018, '2019-02-19 17:14:42'),
(752, 231, 2, 8, 11, 2018, '2019-02-19 17:14:57'),
(753, 232, 2, 4, 11, 2018, '2019-02-19 17:15:17'),
(754, 235, 2, 1.25, 11, 2018, '2019-02-19 17:15:34'),
(755, 236, 2, 28, 11, 2018, '2019-02-19 17:15:48'),
(756, 239, 2, 2.5, 11, 2018, '2019-02-19 17:28:37'),
(757, 240, 2, 29.82, 11, 2018, '2019-02-19 17:28:54'),
(758, 242, 2, 2, 11, 2018, '2019-02-19 17:29:05'),
(759, 1, 2, 11, 12, 2018, '2019-02-19 17:29:37'),
(760, 2, 2, 9, 12, 2018, '2019-02-19 17:29:50'),
(761, 3, 2, 4, 12, 2018, '2019-02-19 17:30:02'),
(762, 4, 2, 59.33, 12, 2018, '2019-02-19 17:30:29'),
(763, 6, 2, 86.83, 12, 2018, '2019-02-19 17:30:51'),
(764, 7, 2, 9.5, 12, 2018, '2019-02-19 17:31:02'),
(765, 10, 2, 5, 12, 2018, '2019-02-19 17:31:44'),
(766, 11, 2, 11.5, 12, 2018, '2019-02-19 17:31:57'),
(767, 14, 2, 4.75, 12, 2018, '2019-02-19 17:32:10'),
(768, 16, 2, 10.5, 12, 2018, '2019-02-19 17:32:21'),
(769, 17, 2, 3.25, 12, 2018, '2019-02-19 17:32:33'),
(770, 20, 2, 4, 12, 2018, '2019-02-19 17:33:57'),
(771, 23, 2, 18, 12, 2018, '2019-02-19 17:34:11'),
(772, 24, 2, 9, 12, 2018, '2019-02-19 17:34:59'),
(773, 27, 2, 2.33, 12, 2018, '2019-02-19 17:35:11'),
(774, 28, 2, 4, 12, 2018, '2019-02-19 17:35:57'),
(775, 30, 2, 29.66, 12, 2018, '2019-02-19 17:36:15'),
(776, 31, 2, 4, 12, 2018, '2019-02-19 17:36:27'),
(777, 35, 2, 18, 12, 2018, '2019-02-19 17:36:41'),
(778, 36, 2, 19.42, 12, 2018, '2019-02-19 17:36:55'),
(779, 37, 2, 17, 12, 2018, '2019-02-19 17:37:14'),
(780, 38, 2, 52, 12, 2018, '2019-02-19 17:37:34'),
(781, 39, 2, 18, 12, 2018, '2019-02-19 17:37:46'),
(782, 40, 2, 18.53, 12, 2018, '2019-02-19 17:37:58'),
(783, 42, 2, 10.58, 12, 2018, '2019-02-19 17:38:12'),
(784, 44, 2, 4, 12, 2018, '2019-02-19 17:38:24'),
(785, 47, 2, 18.83, 12, 2018, '2019-02-19 17:38:55'),
(786, 49, 2, 5.16, 12, 2018, '2019-02-19 17:39:07'),
(787, 54, 2, 53, 12, 2018, '2019-02-19 18:03:00'),
(788, 56, 2, 56.5, 12, 2018, '2019-02-19 18:15:16'),
(789, 57, 2, 9, 12, 2018, '2019-02-19 18:15:57'),
(790, 58, 2, 8, 12, 2018, '2019-02-19 18:16:10'),
(791, 59, 2, 7.33, 12, 2018, '2019-02-19 18:16:31'),
(792, 60, 2, 17.23, 12, 2018, '2019-02-19 18:17:28'),
(793, 61, 2, 18, 12, 2018, '2019-02-19 18:18:10'),
(794, 64, 2, 19.33, 12, 2018, '2019-02-19 18:36:36'),
(795, 68, 2, 2.5, 12, 2018, '2019-02-19 18:51:08'),
(796, 69, 2, 44.5, 12, 2018, '2019-02-19 18:51:38'),
(797, 70, 2, 61, 12, 2018, '2019-02-19 18:51:52'),
(798, 71, 2, 53.25, 12, 2018, '2019-02-19 18:52:10'),
(799, 72, 2, 8, 12, 2018, '2019-02-19 18:52:21'),
(800, 73, 2, 18, 12, 2018, '2019-02-19 18:52:36'),
(801, 74, 2, 2.99, 12, 2018, '2019-02-19 18:53:25'),
(802, 76, 2, 19, 12, 2018, '2019-02-19 18:55:45'),
(803, 77, 2, 1, 12, 2018, '2019-02-19 18:55:57'),
(804, 78, 2, 15, 12, 2018, '2019-02-19 18:56:14'),
(805, 79, 2, 1.75, 12, 2018, '2019-02-19 18:56:54'),
(806, 82, 2, 6.83, 12, 2018, '2019-02-19 18:57:09'),
(807, 83, 2, 38.5, 12, 2018, '2019-02-19 18:57:44'),
(808, 84, 2, 105, 12, 2018, '2019-02-19 18:58:10'),
(809, 86, 2, 70, 12, 2018, '2019-02-19 18:58:20'),
(810, 87, 2, 2, 12, 2018, '2019-02-19 18:58:31'),
(811, 90, 2, 1, 12, 2018, '2019-02-19 18:59:09'),
(812, 91, 2, 9, 12, 2018, '2019-02-19 18:59:31'),
(813, 92, 2, 13.16, 12, 2018, '2019-02-19 18:59:47'),
(814, 95, 2, 4.66, 12, 2018, '2019-02-19 19:00:07'),
(815, 94, 2, 2.42, 12, 2018, '2019-02-19 19:00:22'),
(816, 97, 2, 9, 12, 2018, '2019-02-19 19:00:35'),
(817, 98, 2, 10, 12, 2018, '2019-02-19 19:00:48'),
(818, 99, 2, 47.66, 12, 2018, '2019-02-19 19:01:07'),
(819, 101, 2, 5, 12, 2018, '2019-02-19 19:01:20'),
(820, 102, 2, 29.58, 12, 2018, '2019-02-19 19:01:34'),
(821, 103, 2, 12.33, 12, 2018, '2019-02-19 19:02:14'),
(822, 104, 2, 61, 12, 2018, '2019-02-19 19:02:28'),
(823, 105, 2, 1.75, 12, 2018, '2019-02-19 19:02:44'),
(824, 106, 2, 9, 12, 2018, '2019-02-19 19:02:56'),
(825, 107, 2, 27, 12, 2018, '2019-02-19 19:03:13'),
(826, 109, 2, 3.75, 12, 2018, '2019-02-19 19:03:31'),
(827, 110, 2, 9, 12, 2018, '2019-02-19 19:03:46'),
(828, 111, 2, 27, 12, 2018, '2019-02-19 19:04:05'),
(829, 114, 2, 8, 12, 2018, '2019-02-19 19:04:20'),
(830, 115, 2, 18, 12, 2018, '2019-02-19 19:04:32'),
(831, 116, 2, 9, 12, 2018, '2019-02-19 19:04:43'),
(832, 117, 2, 11, 12, 2018, '2019-02-19 19:04:54'),
(833, 118, 2, 32.66, 12, 2018, '2019-02-19 19:05:07'),
(834, 121, 2, 13, 12, 2018, '2019-02-19 19:05:19'),
(835, 127, 2, 9, 12, 2018, '2019-02-19 19:05:31'),
(836, 128, 2, 49, 12, 2018, '2019-02-19 19:05:43'),
(837, 130, 2, 35, 12, 2018, '2019-02-19 19:05:57'),
(838, 131, 2, 26, 12, 2018, '2019-02-19 19:06:09'),
(839, 133, 2, 9.16, 12, 2018, '2019-02-19 19:07:32'),
(840, 134, 2, 35.25, 12, 2018, '2019-02-19 19:07:45'),
(842, 136, 2, 10.67, 12, 2018, '2019-02-19 19:10:48'),
(843, 137, 2, 61, 12, 2018, '2019-02-19 19:11:13'),
(844, 138, 2, 20, 12, 2018, '2019-02-19 19:11:25'),
(845, 139, 2, 7.92, 12, 2018, '2019-02-19 19:11:44'),
(846, 140, 2, 9, 12, 2018, '2019-02-19 19:11:54'),
(847, 141, 2, 23.66, 12, 2018, '2019-02-19 19:12:22'),
(848, 143, 2, 11, 12, 2018, '2019-02-19 19:12:39'),
(849, 145, 2, 1, 12, 2018, '2019-02-19 19:13:08'),
(850, 146, 2, 4.33, 12, 2018, '2019-02-19 19:13:22'),
(851, 147, 2, 18, 12, 2018, '2019-02-19 19:13:35'),
(852, 148, 2, 8, 12, 2018, '2019-02-19 19:13:48'),
(853, 149, 2, 149, 12, 2018, '2019-02-19 19:13:58'),
(854, 156, 2, 0.83, 12, 2018, '2019-02-19 19:14:11'),
(855, 157, 2, 16.42, 12, 2018, '2019-02-19 19:14:33'),
(856, 158, 2, 4, 12, 2018, '2019-02-19 19:14:46'),
(857, 161, 2, 9, 12, 2018, '2019-02-19 19:14:57'),
(858, 162, 2, 71.5, 12, 2018, '2019-02-19 19:16:22'),
(859, 163, 2, 19.75, 12, 2018, '2019-02-19 19:16:37'),
(860, 164, 2, 18, 12, 2018, '2019-02-19 19:16:49'),
(861, 165, 2, 18, 12, 2018, '2019-02-19 19:17:24'),
(862, 166, 2, 38.5, 12, 2018, '2019-02-19 19:19:14'),
(863, 167, 2, 93.66, 12, 2018, '2019-02-19 19:19:32'),
(864, 168, 2, 58.83, 12, 2018, '2019-02-19 19:19:59'),
(865, 170, 2, 18, 12, 2018, '2019-02-19 19:20:13'),
(866, 171, 2, 37, 12, 2018, '2019-02-19 19:20:32'),
(867, 172, 2, 35, 12, 2018, '2019-02-19 19:20:43'),
(868, 173, 2, 22, 12, 2018, '2019-02-19 19:20:55'),
(869, 174, 2, 39, 12, 2018, '2019-02-19 19:21:12'),
(870, 176, 2, 9, 12, 2018, '2019-02-19 19:21:24'),
(871, 177, 2, 9, 12, 2018, '2019-02-19 19:21:34'),
(872, 179, 2, 43, 12, 2018, '2019-02-19 19:21:57'),
(873, 180, 2, 39, 12, 2018, '2019-02-19 19:22:50'),
(874, 181, 2, 27, 12, 2018, '2019-02-19 19:28:36'),
(875, 183, 2, 3, 12, 2018, '2019-02-19 19:28:50'),
(876, 184, 2, 3.25, 12, 2018, '2019-02-19 19:32:12'),
(877, 185, 2, 18, 12, 2018, '2019-02-19 19:32:32'),
(878, 186, 2, 18, 12, 2018, '2019-02-19 19:32:43'),
(879, 187, 2, 5.5, 12, 2018, '2019-02-19 19:32:56'),
(880, 188, 2, 12.5, 12, 2018, '2019-02-19 19:33:22'),
(881, 189, 2, 88, 12, 2018, '2019-02-19 19:33:49'),
(882, 192, 2, 17, 12, 2018, '2019-02-19 19:34:01'),
(883, 194, 2, 26.42, 12, 2018, '2019-02-19 19:34:12'),
(884, 195, 2, 3.5, 12, 2018, '2019-02-19 19:35:01'),
(885, 196, 2, 45, 12, 2018, '2019-02-19 19:35:12'),
(887, 197, 2, 7.33, 12, 2018, '2019-02-19 19:36:04'),
(888, 199, 2, 0.25, 12, 2018, '2019-02-19 19:36:16'),
(889, 200, 2, 38.16, 12, 2018, '2019-02-19 19:36:28'),
(890, 202, 2, 24.66, 12, 2018, '2019-02-19 19:36:40'),
(891, 203, 2, 8, 12, 2018, '2019-02-19 19:36:56'),
(892, 205, 2, 20.75, 12, 2018, '2019-02-19 19:37:08'),
(893, 208, 2, 4, 12, 2018, '2019-02-19 19:40:27'),
(894, 209, 2, 12.33, 12, 2018, '2019-02-20 10:18:38'),
(895, 210, 2, 8.25, 12, 2018, '2019-02-20 10:19:03'),
(896, 211, 2, 0.66, 12, 2018, '2019-02-20 10:19:16'),
(897, 212, 2, 31, 12, 2018, '2019-02-20 10:20:33'),
(898, 213, 2, 22, 12, 2018, '2019-02-20 10:20:54'),
(899, 214, 2, 10.83, 12, 2018, '2019-02-20 10:26:11'),
(900, 243, 2, 8, 12, 2018, '2019-02-20 10:44:47'),
(901, 217, 2, 4.42, 12, 2018, '2019-02-20 10:46:28'),
(902, 218, 2, 18.9, 12, 2018, '2019-02-20 10:47:32'),
(903, 220, 2, 0.42, 12, 2018, '2019-02-20 10:47:57'),
(904, 221, 2, 5, 12, 2018, '2019-02-20 10:48:07'),
(905, 224, 2, 6, 12, 2018, '2019-02-20 10:48:19'),
(906, 225, 2, 12, 12, 2018, '2019-02-20 10:49:01'),
(907, 229, 2, 11, 12, 2018, '2019-02-20 14:18:21'),
(908, 230, 2, 44, 12, 2018, '2019-02-20 14:19:06'),
(909, 234, 2, 9, 12, 2018, '2019-02-20 14:19:19'),
(910, 236, 2, 31, 12, 2018, '2019-02-20 14:20:29'),
(911, 239, 2, 53, 12, 2018, '2019-02-20 14:21:40'),
(912, 240, 2, 13.91, 12, 2018, '2019-02-20 14:21:52'),
(913, 241, 2, 88, 12, 2018, '2019-02-20 14:22:12'),
(914, 242, 2, 4, 12, 2018, '2019-02-20 14:22:28'),
(915, 5, 4, 1.42, 1, 2019, '2019-03-14 18:47:01'),
(916, 6, 4, 70, 1, 2019, '2019-03-14 18:47:29'),
(917, 11, 4, 2.66, 1, 2019, '2019-03-14 18:48:36'),
(918, 12, 4, 1.42, 1, 2019, '2019-03-15 16:11:11'),
(919, 16, 4, 2, 1, 2019, '2019-03-15 16:11:25'),
(920, 18, 4, 0.5, 1, 2019, '2019-03-15 16:11:41'),
(921, 24, 4, 13, 1, 2019, '2019-03-15 16:11:57'),
(922, 27, 4, 15.74, 1, 2019, '2019-03-15 16:14:51'),
(923, 30, 4, 17, 1, 2019, '2019-03-15 16:15:04'),
(924, 36, 4, 4, 1, 2019, '2019-03-15 16:15:53'),
(925, 40, 4, 2, 1, 2019, '2019-03-15 16:16:15'),
(926, 42, 4, 0.42, 1, 2019, '2019-03-15 16:16:39'),
(927, 47, 4, 10.75, 1, 2019, '2019-03-15 16:16:54'),
(928, 52, 4, 13, 1, 2019, '2019-03-15 16:17:06'),
(929, 54, 4, 63, 1, 2019, '2019-03-15 16:17:19'),
(930, 56, 4, 3.35, 1, 2019, '2019-03-15 16:17:34'),
(931, 57, 4, 18, 1, 2019, '2019-03-15 16:17:45'),
(932, 58, 4, 7, 1, 2019, '2019-03-15 16:17:57'),
(933, 59, 4, 8.03, 1, 2019, '2019-03-15 16:18:49'),
(934, 62, 4, 0.66, 1, 2019, '2019-03-15 16:19:03'),
(935, 66, 4, 44.25, 1, 2019, '2019-03-15 16:19:16'),
(936, 70, 4, 2, 1, 2019, '2019-03-15 16:20:07'),
(937, 71, 4, 6, 1, 2019, '2019-03-15 16:20:17'),
(938, 74, 4, 4.5, 1, 2019, '2019-03-15 16:20:31'),
(939, 78, 4, 9, 1, 2019, '2019-03-15 16:20:44'),
(940, 79, 4, 45.66, 1, 2019, '2019-03-15 16:20:57'),
(941, 82, 4, 7.92, 1, 2019, '2019-03-15 16:21:16'),
(942, 83, 4, 9, 1, 2019, '2019-03-15 16:21:28'),
(943, 87, 4, 3.42, 1, 2019, '2019-03-15 16:24:21'),
(944, 102, 4, 9, 1, 2019, '2019-03-15 16:24:35'),
(945, 103, 4, 9.7, 1, 2019, '2019-03-15 16:24:50'),
(946, 105, 4, 1, 1, 2019, '2019-03-15 16:25:43'),
(947, 107, 4, 25.5, 1, 2019, '2019-03-15 16:26:07'),
(948, 114, 4, 12.65, 1, 2019, '2019-03-15 16:26:26'),
(949, 119, 4, 3, 1, 2019, '2019-03-15 16:26:37'),
(950, 120, 4, 44, 1, 2019, '2019-03-15 16:27:14'),
(951, 121, 4, 20.99, 1, 2019, '2019-03-15 16:27:25'),
(952, 122, 4, 4.49, 1, 2019, '2019-03-15 16:27:37'),
(953, 124, 4, 75.16, 1, 2019, '2019-03-15 16:27:49'),
(954, 126, 4, 70.25, 1, 2019, '2019-03-15 16:28:22'),
(955, 131, 4, 12.5, 1, 2019, '2019-03-15 16:28:34'),
(956, 132, 4, 18, 1, 2019, '2019-03-15 16:28:59'),
(957, 133, 4, 22, 1, 2019, '2019-03-15 16:29:13'),
(958, 134, 4, 13.58, 1, 2019, '2019-03-15 16:32:57'),
(959, 136, 4, 36, 1, 2019, '2019-03-15 16:33:14'),
(960, 137, 4, 73, 1, 2019, '2019-03-15 16:33:25'),
(961, 140, 4, 3, 1, 2019, '2019-03-15 16:33:39'),
(962, 146, 4, 28.33, 1, 2019, '2019-03-15 16:34:14'),
(963, 147, 4, 8.25, 1, 2019, '2019-03-15 16:34:27'),
(964, 154, 4, 9, 1, 2019, '2019-03-15 16:34:41'),
(965, 156, 4, 2.83, 1, 2019, '2019-03-15 16:35:47'),
(966, 157, 4, 89, 1, 2019, '2019-03-15 16:36:06'),
(967, 158, 4, 1.16, 1, 2019, '2019-03-15 16:36:19'),
(968, 162, 4, 27.07, 1, 2019, '2019-03-15 16:36:34'),
(969, 163, 4, 4, 1, 2019, '2019-03-15 16:36:44'),
(970, 165, 4, 18, 1, 2019, '2019-03-15 16:37:08'),
(971, 170, 4, 17, 1, 2019, '2019-03-15 16:37:19'),
(972, 171, 4, 17, 1, 2019, '2019-03-15 16:37:47'),
(973, 173, 4, 31.73, 1, 2019, '2019-03-15 16:38:07'),
(974, 174, 4, 30.25, 1, 2019, '2019-03-15 16:38:24'),
(975, 175, 4, 1, 1, 2019, '2019-03-15 16:38:35'),
(976, 179, 4, 16.58, 1, 2019, '2019-03-15 16:39:13'),
(977, 180, 4, 14.33, 1, 2019, '2019-03-15 16:39:24'),
(978, 181, 4, 26, 1, 2019, '2019-03-15 16:39:35'),
(979, 183, 4, 2.73, 1, 2019, '2019-03-15 16:39:51'),
(980, 184, 4, 2.16, 1, 2019, '2019-03-15 16:40:18'),
(981, 185, 4, 12.5, 1, 2019, '2019-03-15 16:40:28'),
(982, 186, 4, 17, 1, 2019, '2019-03-15 16:40:37'),
(983, 187, 4, 0.92, 1, 2019, '2019-03-15 16:40:48'),
(984, 190, 4, 1.08, 1, 2019, '2019-03-15 16:40:59'),
(985, 194, 4, 11.33, 1, 2019, '2019-03-15 16:41:24'),
(986, 195, 4, 6.33, 1, 2019, '2019-03-15 16:41:36'),
(987, 196, 4, 18.5, 1, 2019, '2019-03-15 16:41:49'),
(988, 197, 4, 10.75, 1, 2019, '2019-03-15 16:44:00'),
(989, 198, 4, 18, 1, 2019, '2019-03-15 16:44:09'),
(990, 199, 4, 9, 1, 2019, '2019-03-15 16:44:18'),
(991, 200, 4, 41.06, 1, 2019, '2019-03-15 16:44:28'),
(992, 202, 4, 26.42, 1, 2019, '2019-03-15 16:44:39'),
(993, 203, 4, 89.75, 1, 2019, '2019-03-15 16:45:03'),
(994, 206, 4, 1.16, 1, 2019, '2019-03-15 16:45:14'),
(995, 207, 4, 4, 1, 2019, '2019-03-15 16:45:22'),
(996, 208, 4, 2.75, 1, 2019, '2019-03-15 16:45:32'),
(997, 209, 4, 6.16, 1, 2019, '2019-03-15 16:45:41'),
(998, 211, 4, 1, 1, 2019, '2019-03-15 16:45:50'),
(999, 212, 4, 2.82, 1, 2019, '2019-03-15 16:46:04'),
(1000, 213, 4, 29.66, 1, 2019, '2019-03-15 16:46:16'),
(1001, 214, 4, 10.16, 1, 2019, '2019-03-15 16:46:27'),
(1002, 215, 4, 9, 1, 2019, '2019-03-15 16:46:39'),
(1003, 216, 4, 6, 1, 2019, '2019-03-15 16:46:58'),
(1004, 218, 4, 3.5, 1, 2019, '2019-03-15 16:47:45'),
(1005, 219, 4, 2.5, 1, 2019, '2019-03-15 16:47:56'),
(1006, 220, 4, 3, 1, 2019, '2019-03-15 16:48:07'),
(1007, 221, 4, 1, 1, 2019, '2019-03-15 16:48:17'),
(1008, 223, 4, 18, 1, 2019, '2019-03-15 16:48:42'),
(1009, 227, 4, 18, 1, 2019, '2019-03-15 16:48:52'),
(1010, 230, 4, 8, 1, 2019, '2019-03-15 16:49:04'),
(1011, 233, 4, 4, 1, 2019, '2019-03-15 16:49:13'),
(1012, 235, 4, 0.75, 1, 2019, '2019-03-15 16:49:23'),
(1013, 236, 4, 48, 1, 2019, '2019-03-15 16:49:31'),
(1014, 237, 4, 18, 1, 2019, '2019-03-15 16:49:48'),
(1015, 239, 4, 8, 1, 2019, '2019-03-15 16:50:00'),
(1016, 240, 4, 15.91, 1, 2019, '2019-03-15 16:50:11'),
(1017, 241, 4, 17, 1, 2019, '2019-03-15 16:50:51'),
(1018, 242, 4, 10.16, 1, 2019, '2019-03-15 16:51:00'),
(1019, 6, 4, 96, 2, 2019, '2019-03-18 17:44:00'),
(1020, 10, 4, 22, 2, 2019, '2019-03-18 17:44:11'),
(1021, 11, 4, 0.16, 2, 2019, '2019-03-18 17:44:32'),
(1022, 12, 4, 9, 2, 2019, '2019-03-18 17:45:20'),
(1023, 13, 4, 168, 2, 2019, '2019-03-18 17:45:32'),
(1024, 21, 4, 80, 2, 2019, '2019-03-18 17:46:09'),
(1025, 22, 4, 3.16, 2, 2019, '2019-03-18 17:46:20'),
(1026, 24, 4, 7.16, 2, 2019, '2019-03-18 17:46:35'),
(1027, 25, 4, 12, 2, 2019, '2019-03-18 17:46:51'),
(1028, 27, 4, 4.16, 2, 2019, '2019-03-18 17:47:10'),
(1029, 28, 4, 5, 2, 2019, '2019-03-18 17:47:34'),
(1030, 29, 4, 2.33, 2, 2019, '2019-03-18 17:47:54'),
(1031, 30, 4, 8, 2, 2019, '2019-03-18 17:49:12'),
(1032, 34, 4, 80, 2, 2019, '2019-03-18 17:49:28'),
(1033, 36, 4, 5.42, 2, 2019, '2019-03-18 17:50:15'),
(1034, 37, 4, 4.92, 2, 2019, '2019-03-19 10:17:20'),
(1035, 38, 4, 18, 2, 2019, '2019-03-19 10:17:43'),
(1036, 42, 4, 4, 2, 2019, '2019-03-19 10:18:03'),
(1037, 47, 4, 40.25, 2, 2019, '2019-03-19 10:18:50'),
(1038, 50, 4, 1.5, 2, 2019, '2019-03-19 10:19:16'),
(1039, 55, 4, 17.16, 2, 2019, '2019-03-19 10:19:33'),
(1040, 57, 4, 88, 2, 2019, '2019-03-19 10:20:01'),
(1041, 63, 4, 62, 2, 2019, '2019-03-19 10:30:38'),
(1042, 64, 4, 1.75, 2, 2019, '2019-03-19 16:34:30'),
(1043, 68, 4, 2.58, 2, 2019, '2019-03-19 16:37:03'),
(1044, 70, 4, 24.25, 2, 2019, '2019-03-19 16:37:24'),
(1045, 71, 4, 142.16, 2, 2019, '2019-03-19 16:37:36'),
(1046, 74, 4, 4.2, 2, 2019, '2019-03-19 16:37:48'),
(1047, 79, 4, 52.33, 2, 2019, '2019-03-19 16:38:08'),
(1048, 80, 4, 4.33, 2, 2019, '2019-03-19 16:38:23'),
(1049, 81, 4, 11.5, 2, 2019, '2019-03-19 16:38:49'),
(1050, 82, 4, 4, 2, 2019, '2019-03-19 16:39:38'),
(1051, 83, 4, 24.99, 2, 2019, '2019-03-19 16:43:59'),
(1052, 84, 4, 82.66, 2, 2019, '2019-03-19 16:44:35');
INSERT INTO `absenteismo` (`idAbsenteismo`, `idFuncionario`, `idUsuario`, `qtdHoras`, `mes`, `ano`, `dataLancamento`) VALUES
(1053, 85, 4, 80, 2, 2019, '2019-03-19 16:44:58'),
(1054, 86, 4, 2.83, 2, 2019, '2019-03-19 16:45:57'),
(1055, 88, 4, 26, 2, 2019, '2019-03-19 16:46:40'),
(1056, 89, 4, 8.58, 2, 2019, '2019-03-19 16:46:52'),
(1057, 90, 4, 3.5, 2, 2019, '2019-03-19 16:47:03'),
(1058, 94, 4, 5.17, 2, 2019, '2019-03-19 16:47:19'),
(1059, 96, 4, 5.33, 2, 2019, '2019-03-19 16:47:42'),
(1060, 98, 4, 5.5, 2, 2019, '2019-03-19 16:49:43'),
(1061, 103, 4, 0.16, 2, 2019, '2019-03-19 16:49:57'),
(1062, 105, 4, 2.83, 2, 2019, '2019-03-19 16:50:09'),
(1063, 106, 4, 19, 2, 2019, '2019-03-19 16:50:23'),
(1064, 107, 4, 4, 2, 2019, '2019-03-19 16:51:35'),
(1065, 109, 4, 2.1, 2, 2019, '2019-03-19 16:52:28'),
(1066, 110, 4, 1, 2, 2019, '2019-03-19 16:52:39'),
(1067, 114, 4, 3.28, 2, 2019, '2019-03-19 16:52:52'),
(1068, 115, 4, 8, 2, 2019, '2019-03-19 16:54:00'),
(1069, 116, 4, 3, 2, 2019, '2019-03-19 16:55:04'),
(1070, 117, 4, 9.5, 2, 2019, '2019-03-19 16:55:26'),
(1071, 119, 4, 1.76, 2, 2019, '2019-03-19 16:55:37'),
(1072, 121, 4, 12.16, 2, 2019, '2019-03-19 17:01:13'),
(1073, 126, 4, 23.33, 2, 2019, '2019-03-19 17:01:34'),
(1074, 127, 4, 3, 2, 2019, '2019-03-19 17:02:00'),
(1075, 128, 4, 1.5, 2, 2019, '2019-03-19 17:02:29'),
(1076, 129, 4, 71, 2, 2019, '2019-03-19 17:02:56'),
(1077, 131, 4, 47.66, 2, 2019, '2019-03-19 17:03:10'),
(1078, 133, 4, 8.16, 2, 2019, '2019-03-19 17:03:26'),
(1079, 135, 4, 24, 2, 2019, '2019-03-19 17:03:54'),
(1080, 136, 4, 34.5, 2, 2019, '2019-03-19 17:04:09'),
(1081, 137, 4, 0.68, 2, 2019, '2019-03-19 17:04:29'),
(1082, 138, 4, 62, 2, 2019, '2019-03-19 17:05:02'),
(1083, 140, 4, 1.5, 2, 2019, '2019-03-19 17:05:14'),
(1084, 141, 4, 4.25, 2, 2019, '2019-03-19 17:05:48'),
(1085, 146, 4, 168, 2, 2019, '2019-03-19 17:06:01'),
(1086, 147, 4, 16.84, 2, 2019, '2019-03-19 17:06:28'),
(1087, 148, 4, 124.22, 2, 2019, '2019-03-19 17:06:51'),
(1088, 149, 4, 106, 2, 2019, '2019-03-19 17:07:46'),
(1089, 150, 4, 80, 2, 2019, '2019-03-19 17:09:00'),
(1090, 152, 4, 48, 2, 2019, '2019-03-19 17:09:16'),
(1091, 154, 4, 54, 2, 2019, '2019-03-19 17:09:26'),
(1092, 156, 4, 3.38, 2, 2019, '2019-06-12 16:38:59'),
(1093, 160, 4, 36, 2, 2019, '2019-03-19 17:21:33'),
(1094, 161, 4, 3.5, 2, 2019, '2019-03-19 17:23:59'),
(1095, 162, 4, 91.75, 2, 2019, '2019-03-19 17:26:21'),
(1096, 163, 4, 8, 2, 2019, '2019-03-19 17:38:59'),
(1097, 170, 4, 35, 2, 2019, '2019-03-19 17:39:20'),
(1098, 171, 4, 27.75, 2, 2019, '2019-03-19 17:39:42'),
(1099, 173, 4, 45.66, 2, 2019, '2019-03-19 17:40:00'),
(1100, 175, 4, 7.75, 2, 2019, '2019-03-19 17:40:11'),
(1101, 178, 4, 107, 2, 2019, '2019-03-19 17:40:37'),
(1102, 179, 4, 7.51, 2, 2019, '2019-03-19 17:40:49'),
(1103, 180, 4, 103.5, 2, 2019, '2019-03-19 17:40:59'),
(1104, 185, 4, 5.75, 2, 2019, '2019-03-19 17:41:11'),
(1105, 188, 4, 3.9, 2, 2019, '2019-03-19 17:41:31'),
(1106, 190, 4, 123, 2, 2019, '2019-03-19 17:41:44'),
(1107, 191, 4, 18, 2, 2019, '2019-03-19 17:42:17'),
(1108, 192, 4, 2.16, 2, 2019, '2019-03-19 17:42:28'),
(1109, 194, 4, 108.3, 2, 2019, '2019-03-19 17:43:01'),
(1110, 195, 4, 3, 2, 2019, '2019-03-19 17:43:10'),
(1111, 196, 4, 83, 2, 2019, '2019-03-19 17:43:24'),
(1112, 197, 4, 3, 2, 2019, '2019-03-19 17:43:35'),
(1113, 198, 4, 8, 2, 2019, '2019-03-19 17:43:48'),
(1114, 199, 4, 10.5, 2, 2019, '2019-03-19 17:43:57'),
(1115, 200, 4, 19, 2, 2019, '2019-03-19 17:44:09'),
(1116, 201, 4, 4.42, 2, 2019, '2019-03-19 17:44:25'),
(1117, 202, 4, 115, 2, 2019, '2019-03-19 17:44:36'),
(1118, 203, 4, 176, 2, 2019, '2019-03-19 17:44:46'),
(1119, 205, 4, 30, 2, 2019, '2019-03-19 17:44:55'),
(1120, 207, 4, 3.33, 2, 2019, '2019-03-19 17:45:06'),
(1121, 210, 4, 0.67, 2, 2019, '2019-03-19 17:45:50'),
(1122, 211, 4, 97.25, 2, 2019, '2019-03-19 17:47:35'),
(1123, 212, 4, 12, 2, 2019, '2019-03-19 17:47:46'),
(1124, 213, 4, 8.49, 2, 2019, '2019-03-19 17:47:56'),
(1125, 214, 4, 10.08, 2, 2019, '2019-03-19 17:48:32'),
(1126, 216, 4, 7, 2, 2019, '2019-03-19 17:48:46'),
(1127, 217, 4, 18, 2, 2019, '2019-03-19 17:48:58'),
(1128, 218, 4, 25.17, 2, 2019, '2019-03-19 17:49:20'),
(1129, 219, 4, 4, 2, 2019, '2019-03-19 17:49:32'),
(1130, 221, 4, 3, 2, 2019, '2019-03-19 17:49:46'),
(1131, 222, 4, 14.93, 2, 2019, '2019-03-19 17:49:56'),
(1132, 227, 4, 124, 2, 2019, '2019-03-19 17:50:06'),
(1134, 230, 4, 0.2, 2, 2019, '2019-03-19 17:50:27'),
(1135, 233, 4, 0.2, 2, 2019, '2019-03-19 17:50:50'),
(1136, 234, 4, 1.08, 2, 2019, '2019-03-19 17:51:00'),
(1137, 235, 4, 8, 2, 2019, '2019-03-19 17:51:10'),
(1138, 236, 4, 2.5, 2, 2019, '2019-03-19 17:51:20'),
(1139, 238, 4, 53, 2, 2019, '2019-03-19 17:51:30'),
(1140, 239, 4, 0.16, 2, 2019, '2019-03-19 17:51:40'),
(1141, 240, 4, 8.12, 2, 2019, '2019-03-19 17:51:52'),
(1142, 241, 4, 7.5, 2, 2019, '2019-03-19 17:52:05'),
(1143, 242, 4, 1.66, 2, 2019, '2019-03-19 17:52:14'),
(1144, 168, 4, 164, 3, 2019, '2019-05-29 17:04:02'),
(1145, 168, 4, 194, 4, 2019, '2019-05-29 17:04:17'),
(1146, 168, 4, 0, 1, 2019, '2019-05-29 17:04:29'),
(1147, 168, 4, 0, 2, 2019, '2019-05-29 17:04:42'),
(1148, 186, 4, 0, 2, 2019, '2019-05-29 17:05:26'),
(1149, 186, 4, 0, 3, 2019, '2019-05-29 17:05:38'),
(1150, 186, 4, 0, 4, 2019, '2019-05-29 17:05:48'),
(1151, 3, 4, 5.66, 3, 2019, '2019-06-12 16:49:20'),
(1152, 6, 4, 2, 3, 2019, '2019-06-12 16:49:34'),
(1153, 7, 4, 1, 3, 2019, '2019-06-12 16:49:57'),
(1154, 12, 4, 17, 3, 2019, '2019-06-12 16:51:43'),
(1155, 15, 4, 2.16, 3, 2019, '2019-06-12 16:51:59'),
(1156, 17, 4, 11.24, 3, 2019, '2019-06-12 16:52:28'),
(1157, 22, 4, 1.05, 3, 2019, '2019-06-12 16:52:41'),
(1158, 25, 4, 2.75, 3, 2019, '2019-06-12 16:52:57'),
(1159, 26, 4, 1.25, 3, 2019, '2019-06-12 16:53:21'),
(1160, 27, 4, 8.23, 3, 2019, '2019-06-12 16:53:40'),
(1161, 29, 4, 0.58, 3, 2019, '2019-06-12 16:54:02'),
(1162, 35, 4, 9, 3, 2019, '2019-06-12 16:55:01'),
(1163, 38, 4, 19.83, 3, 2019, '2019-06-12 16:55:20'),
(1164, 40, 4, 9.49, 3, 2019, '2019-06-12 16:56:12'),
(1165, 42, 4, 0.62, 3, 2019, '2019-06-12 16:56:24'),
(1166, 45, 4, 2.25, 3, 2019, '2019-06-12 16:56:38'),
(1167, 47, 4, 34.42, 3, 2019, '2019-06-12 16:58:33'),
(1168, 50, 4, 4, 3, 2019, '2019-06-12 16:58:44'),
(1169, 54, 4, 0.43, 3, 2019, '2019-06-12 16:59:10'),
(1170, 57, 4, 18, 3, 2019, '2019-06-12 16:59:23'),
(1171, 59, 4, 8.25, 3, 2019, '2019-06-12 16:59:42'),
(1172, 63, 4, 8, 3, 2019, '2019-06-12 17:00:13'),
(1173, 64, 4, 9, 3, 2019, '2019-06-12 17:00:23'),
(1174, 65, 4, 2.5, 3, 2019, '2019-06-12 17:00:35'),
(1175, 68, 4, 2.75, 3, 2019, '2019-06-12 17:00:51'),
(1176, 69, 4, 15.06, 3, 2019, '2019-06-12 17:01:10'),
(1177, 71, 4, 22, 3, 2019, '2019-06-12 17:01:40'),
(1178, 77, 4, 24, 3, 2019, '2019-06-12 17:01:53'),
(1179, 79, 4, 2.5, 3, 2019, '2019-06-12 17:02:04'),
(1180, 82, 4, 9.41, 3, 2019, '2019-06-12 17:02:21'),
(1181, 83, 4, 8.16, 3, 2019, '2019-06-12 17:02:31'),
(1182, 84, 4, 64.66, 3, 2019, '2019-06-12 17:02:51'),
(1183, 86, 4, 4.25, 3, 2019, '2019-06-12 17:03:42'),
(1184, 87, 4, 0.42, 3, 2019, '2019-06-12 17:04:07'),
(1185, 89, 4, 13.58, 3, 2019, '2019-06-12 17:04:22'),
(1186, 90, 4, 1, 3, 2019, '2019-06-12 17:04:31'),
(1187, 92, 4, 13, 3, 2019, '2019-06-12 17:04:48'),
(1188, 93, 4, 13.25, 3, 2019, '2019-06-12 17:05:00'),
(1189, 94, 4, 3, 3, 2019, '2019-06-12 17:05:11'),
(1190, 96, 4, 9, 3, 2019, '2019-06-12 17:05:25'),
(1191, 98, 4, 1.42, 3, 2019, '2019-06-12 17:06:03'),
(1192, 103, 4, 4.83, 3, 2019, '2019-06-12 17:06:17'),
(1193, 104, 4, 5.83, 3, 2019, '2019-06-12 17:06:27'),
(1194, 109, 4, 0.16, 3, 2019, '2019-06-12 17:06:39'),
(1195, 110, 4, 0.75, 3, 2019, '2019-06-12 17:06:52'),
(1196, 114, 4, 3.25, 3, 2019, '2019-06-12 17:07:05'),
(1197, 117, 4, 18.74, 3, 2019, '2019-06-12 17:07:22'),
(1198, 118, 4, 163, 3, 2019, '2019-06-12 17:07:33'),
(1199, 120, 4, 36.88, 3, 2019, '2019-06-12 17:07:45'),
(1200, 121, 4, 6.25, 3, 2019, '2019-06-12 17:07:56'),
(1201, 123, 4, 1.75, 3, 2019, '2019-06-12 17:08:05'),
(1202, 125, 4, 8, 3, 2019, '2019-06-12 17:09:00'),
(1203, 130, 4, 4, 3, 2019, '2019-06-12 17:09:11'),
(1204, 136, 4, 18.42, 3, 2019, '2019-06-12 17:09:22'),
(1205, 137, 4, 3.42, 3, 2019, '2019-06-12 17:09:34'),
(1206, 138, 4, 6.65, 3, 2019, '2019-06-12 17:09:43'),
(1207, 140, 4, 4.08, 3, 2019, '2019-06-12 17:09:54'),
(1208, 143, 4, 2, 3, 2019, '2019-06-12 17:10:03'),
(1209, 145, 4, 2.42, 3, 2019, '2019-06-12 17:10:13'),
(1210, 146, 4, 10.16, 3, 2019, '2019-06-12 17:10:27'),
(1211, 147, 4, 8.38, 3, 2019, '2019-06-12 17:10:39'),
(1212, 148, 4, 0.25, 3, 2019, '2019-06-12 17:10:50'),
(1213, 149, 4, 48.25, 3, 2019, '2019-06-12 17:11:01'),
(1214, 155, 4, 9, 3, 2019, '2019-06-12 17:11:11'),
(1215, 156, 4, 17, 3, 2019, '2019-06-12 17:11:24'),
(1216, 160, 4, 1.58, 3, 2019, '2019-06-12 17:12:24'),
(1217, 162, 4, 30, 3, 2019, '2019-06-12 17:12:33'),
(1218, 163, 4, 3, 3, 2019, '2019-06-12 17:12:42'),
(1219, 166, 4, 4, 3, 2019, '2019-06-12 17:12:52'),
(1220, 167, 4, 45, 3, 2019, '2019-06-12 17:13:01'),
(1221, 171, 4, 35.25, 3, 2019, '2019-06-12 17:13:36'),
(1222, 172, 4, 45, 3, 2019, '2019-06-12 17:13:59'),
(1223, 173, 4, 9.75, 3, 2019, '2019-06-12 17:14:11'),
(1224, 176, 4, 71, 3, 2019, '2019-06-12 17:14:22'),
(1225, 178, 4, 37, 3, 2019, '2019-06-12 17:14:33'),
(1226, 180, 4, 98, 3, 2019, '2019-06-12 17:14:46'),
(1227, 183, 4, 21.92, 3, 2019, '2019-06-12 17:14:59'),
(1228, 184, 4, 5.25, 3, 2019, '2019-06-12 17:15:19'),
(1229, 185, 4, 2.08, 3, 2019, '2019-06-12 17:15:28'),
(1230, 188, 4, 0.5, 3, 2019, '2019-06-12 17:15:39'),
(1231, 190, 4, 0.22, 3, 2019, '2019-06-12 17:15:49'),
(1232, 192, 4, 10.83, 3, 2019, '2019-06-12 17:16:16'),
(1233, 194, 4, 13, 3, 2019, '2019-06-12 17:16:26'),
(1234, 195, 4, 25, 3, 2019, '2019-06-12 17:17:33'),
(1235, 196, 4, 52, 3, 2019, '2019-06-12 17:17:53'),
(1236, 198, 4, 0.7, 3, 2019, '2019-06-12 17:18:04'),
(1237, 200, 4, 42, 3, 2019, '2019-06-12 17:18:19'),
(1238, 205, 4, 14.83, 3, 2019, '2019-06-12 17:18:32'),
(1239, 208, 4, 1.92, 3, 2019, '2019-06-12 17:18:48'),
(1240, 209, 4, 2, 3, 2019, '2019-06-12 17:18:58'),
(1241, 211, 4, 0.24, 3, 2019, '2019-06-12 17:19:08'),
(1242, 212, 4, 8, 3, 2019, '2019-06-12 17:19:17'),
(1243, 213, 4, 5.75, 3, 2019, '2019-06-12 17:19:33'),
(1244, 215, 4, 3, 3, 2019, '2019-06-12 17:19:42'),
(1245, 222, 4, 19.58, 3, 2019, '2019-06-12 17:19:55'),
(1246, 225, 4, 88.08, 3, 2019, '2019-06-12 17:20:11'),
(1247, 226, 4, 18, 3, 2019, '2019-06-12 17:20:25'),
(1248, 227, 4, 18, 3, 2019, '2019-06-12 17:20:41'),
(1249, 229, 4, 2.5, 3, 2019, '2019-06-12 17:21:23'),
(1250, 232, 4, 9.42, 3, 2019, '2019-06-12 17:21:42'),
(1251, 233, 4, 3.92, 3, 2019, '2019-06-12 17:21:56'),
(1252, 235, 4, 1.16, 3, 2019, '2019-06-12 17:22:12'),
(1253, 236, 4, 26.58, 3, 2019, '2019-06-12 17:22:26'),
(1254, 238, 4, 7.58, 3, 2019, '2019-06-12 17:22:43'),
(1255, 239, 4, 3, 3, 2019, '2019-06-12 17:22:53'),
(1256, 240, 4, 11.06, 3, 2019, '2019-06-12 17:23:03'),
(1257, 242, 4, 7.5, 3, 2019, '2019-06-12 17:23:17'),
(1258, 245, 4, 2, 3, 2019, '2019-06-12 17:26:40'),
(1259, 157, 4, 17, 3, 2019, '2019-06-14 13:53:44'),
(1260, 1, 4, 3.41, 4, 2019, '2019-06-14 14:07:06'),
(1261, 2, 4, 9, 4, 2019, '2019-06-14 14:10:24'),
(1262, 6, 4, 68.72, 4, 2019, '2019-06-14 14:10:59'),
(1263, 7, 4, 0.5, 4, 2019, '2019-06-14 14:11:14'),
(1264, 10, 4, 15.25, 4, 2019, '2019-06-14 14:11:35'),
(1265, 11, 4, 10.33, 4, 2019, '2019-06-14 14:12:53'),
(1266, 12, 4, 23.5, 4, 2019, '2019-06-14 14:13:03'),
(1267, 15, 4, 8, 4, 2019, '2019-06-14 14:13:17'),
(1268, 16, 4, 7.53, 4, 2019, '2019-06-14 14:13:31'),
(1269, 17, 4, 5.83, 4, 2019, '2019-06-14 14:13:42'),
(1270, 21, 4, 0.28, 4, 2019, '2019-06-14 14:14:00'),
(1271, 22, 4, 6.33, 4, 2019, '2019-06-14 14:14:15'),
(1272, 25, 4, 9, 4, 2019, '2019-06-14 14:15:07'),
(1273, 27, 4, 6.05, 4, 2019, '2019-06-14 14:15:28'),
(1274, 28, 4, 4.58, 4, 2019, '2019-06-14 14:15:39'),
(1275, 29, 4, 0.75, 4, 2019, '2019-06-14 14:16:10'),
(1276, 30, 4, 18, 4, 2019, '2019-06-14 14:17:27'),
(1277, 34, 4, 44, 4, 2019, '2019-06-14 14:17:39'),
(1278, 35, 4, 18, 4, 2019, '2019-06-14 14:17:52'),
(1279, 37, 4, 0.25, 4, 2019, '2019-06-14 14:18:03'),
(1280, 38, 4, 33.42, 4, 2019, '2019-06-14 14:18:23'),
(1281, 40, 4, 40.91, 4, 2019, '2019-06-14 14:18:37'),
(1282, 42, 4, 3.08, 4, 2019, '2019-06-14 14:18:48'),
(1283, 44, 4, 30.33, 4, 2019, '2019-06-14 14:19:32'),
(1284, 45, 4, 5.58, 4, 2019, '2019-06-14 14:19:56'),
(1285, 47, 4, 23.66, 4, 2019, '2019-06-14 14:20:08'),
(1286, 48, 4, 6, 4, 2019, '2019-06-14 14:20:22'),
(1287, 49, 4, 4, 4, 2019, '2019-06-14 14:20:33'),
(1288, 54, 4, 21.42, 4, 2019, '2019-06-14 14:24:41'),
(1289, 57, 4, 18, 4, 2019, '2019-06-14 14:24:54'),
(1290, 58, 4, 3.42, 4, 2019, '2019-06-14 14:25:17'),
(1291, 61, 4, 30, 4, 2019, '2019-06-14 14:25:30'),
(1292, 62, 4, 0.42, 4, 2019, '2019-06-14 14:25:49'),
(1293, 63, 4, 6, 4, 2019, '2019-06-14 14:26:25'),
(1294, 65, 4, 7.2, 4, 2019, '2019-06-14 14:26:36'),
(1295, 66, 4, 10.58, 4, 2019, '2019-06-14 14:26:56'),
(1296, 67, 4, 0.33, 4, 2019, '2019-06-14 14:27:11'),
(1297, 68, 4, 5, 4, 2019, '2019-06-14 14:27:27'),
(1298, 69, 4, 36.67, 4, 2019, '2019-06-14 14:27:42'),
(1299, 71, 4, 36, 4, 2019, '2019-06-14 14:28:32'),
(1300, 72, 4, 12.41, 4, 2019, '2019-06-14 14:28:42'),
(1301, 73, 4, 28.53, 4, 2019, '2019-06-14 14:29:02'),
(1302, 78, 4, 94.33, 4, 2019, '2019-06-14 14:29:54'),
(1303, 79, 4, 10.33, 4, 2019, '2019-06-14 14:30:07'),
(1304, 82, 4, 38.94, 4, 2019, '2019-06-14 14:30:37'),
(1305, 83, 4, 31.44, 4, 2019, '2019-06-14 14:30:49'),
(1306, 84, 4, 86.08, 4, 2019, '2019-06-14 14:31:04'),
(1307, 87, 4, 4.43, 4, 2019, '2019-06-14 14:31:36'),
(1308, 89, 4, 52.38, 4, 2019, '2019-06-14 14:31:53'),
(1309, 92, 4, 7.33, 4, 2019, '2019-06-14 14:34:43'),
(1310, 96, 4, 9.24, 4, 2019, '2019-06-14 14:34:55'),
(1311, 97, 4, 10.16, 4, 2019, '2019-06-14 14:36:11'),
(1312, 98, 4, 19.2, 4, 2019, '2019-06-14 14:36:47'),
(1313, 102, 4, 3.83, 4, 2019, '2019-06-14 14:37:01'),
(1314, 103, 4, 37.83, 4, 2019, '2019-06-14 14:37:18'),
(1315, 105, 4, 4.25, 4, 2019, '2019-06-14 14:37:29'),
(1316, 106, 4, 3, 4, 2019, '2019-06-14 14:37:39'),
(1317, 110, 4, 4.33, 4, 2019, '2019-06-14 14:37:54'),
(1318, 112, 4, 79, 4, 2019, '2019-06-14 14:38:14'),
(1319, 114, 4, 12.66, 4, 2019, '2019-06-14 14:38:27'),
(1320, 115, 4, 9, 4, 2019, '2019-06-14 14:38:53'),
(1321, 117, 4, 41, 4, 2019, '2019-06-14 14:39:03'),
(1322, 119, 4, 2.93, 4, 2019, '2019-06-14 14:39:14'),
(1323, 120, 4, 22.91, 4, 2019, '2019-06-14 14:39:31'),
(1324, 121, 4, 14.33, 4, 2019, '2019-06-14 14:39:44'),
(1325, 122, 4, 1, 4, 2019, '2019-06-14 14:39:55'),
(1326, 123, 4, 18, 4, 2019, '2019-06-14 14:40:15'),
(1327, 124, 4, 33.67, 4, 2019, '2019-06-14 14:40:25'),
(1328, 125, 4, 1.25, 4, 2019, '2019-06-14 14:40:49'),
(1329, 126, 4, 37.91, 4, 2019, '2019-06-14 14:41:15'),
(1330, 127, 4, 12, 4, 2019, '2019-06-14 14:41:25'),
(1331, 128, 4, 20.75, 4, 2019, '2019-06-14 14:41:35'),
(1332, 129, 4, 1.33, 4, 2019, '2019-06-14 14:41:45'),
(1333, 133, 4, 1.58, 4, 2019, '2019-06-14 14:41:58'),
(1334, 136, 4, 30.25, 4, 2019, '2019-06-14 14:42:14'),
(1335, 137, 4, 9, 4, 2019, '2019-06-14 14:42:25'),
(1336, 138, 4, 17.24, 4, 2019, '2019-06-14 14:42:35'),
(1337, 139, 4, 4, 4, 2019, '2019-06-14 14:42:46'),
(1338, 140, 4, 24.95, 4, 2019, '2019-06-14 14:43:02'),
(1339, 141, 4, 10.25, 4, 2019, '2019-06-14 14:43:13'),
(1340, 143, 4, 15.83, 4, 2019, '2019-06-14 14:43:25'),
(1341, 146, 4, 8.54, 4, 2019, '2019-06-14 14:43:36'),
(1342, 147, 4, 118, 4, 2019, '2019-06-14 14:43:46'),
(1343, 148, 4, 0.42, 4, 2019, '2019-06-14 14:43:56'),
(1344, 149, 4, 83.05, 4, 2019, '2019-06-14 14:44:56'),
(1345, 152, 4, 1.91, 4, 2019, '2019-06-14 14:47:47'),
(1346, 156, 4, 80, 4, 2019, '2019-06-14 14:48:09'),
(1348, 158, 4, 24, 4, 2019, '2019-06-14 14:48:49'),
(1349, 161, 4, 2, 4, 2019, '2019-06-14 14:49:34'),
(1350, 162, 4, 184.8, 4, 2019, '2019-06-14 14:49:48'),
(1351, 165, 4, 9, 4, 2019, '2019-06-14 16:13:23'),
(1352, 165, 4, 9, 3, 2019, '2019-06-14 16:13:45'),
(1353, 166, 4, 8, 4, 2019, '2019-06-14 16:39:19'),
(1354, 170, 4, 73.25, 4, 2019, '2019-06-14 16:42:09'),
(1355, 171, 4, 12.91, 4, 2019, '2019-06-14 16:42:26'),
(1356, 172, 4, 27, 4, 2019, '2019-06-14 16:42:38'),
(1357, 173, 4, 9.2, 4, 2019, '2019-06-14 16:43:28'),
(1358, 178, 4, 110.2, 4, 2019, '2019-06-14 16:43:45'),
(1359, 179, 4, 1.83, 4, 2019, '2019-06-14 16:43:57'),
(1360, 181, 4, 9, 4, 2019, '2019-06-14 16:44:19'),
(1361, 182, 4, 90.66, 4, 2019, '2019-06-14 16:44:39'),
(1362, 183, 4, 12.68, 4, 2019, '2019-06-14 16:52:02'),
(1363, 184, 4, 1.91, 4, 2019, '2019-06-14 16:52:15'),
(1364, 188, 4, 0.7, 4, 2019, '2019-06-14 16:52:33'),
(1365, 190, 4, 7.34, 4, 2019, '2019-06-14 16:52:54'),
(1366, 192, 4, 13.25, 4, 2019, '2019-06-14 16:53:06'),
(1367, 194, 4, 5, 4, 2019, '2019-06-14 16:53:16'),
(1368, 195, 4, 31.08, 4, 2019, '2019-06-14 16:53:31'),
(1369, 196, 4, 74.58, 4, 2019, '2019-06-14 16:53:47'),
(1370, 197, 4, 0.53, 4, 2019, '2019-06-14 16:53:57'),
(1371, 200, 4, 36, 4, 2019, '2019-06-14 16:54:06'),
(1372, 202, 4, 1.33, 4, 2019, '2019-06-14 16:54:17'),
(1373, 205, 4, 13.08, 4, 2019, '2019-06-14 16:54:35'),
(1374, 209, 4, 3, 4, 2019, '2019-06-14 17:39:31'),
(1375, 211, 4, 11.05, 4, 2019, '2019-06-14 16:55:06'),
(1376, 212, 4, 7, 4, 2019, '2019-06-14 16:55:15'),
(1377, 213, 4, 10.91, 4, 2019, '2019-06-14 16:56:46'),
(1378, 217, 4, 21.42, 4, 2019, '2019-06-14 16:57:06'),
(1379, 218, 4, 10.03, 4, 2019, '2019-06-14 16:57:17'),
(1380, 219, 4, 4, 4, 2019, '2019-06-14 16:57:32'),
(1381, 222, 4, 76.25, 4, 2019, '2019-06-14 17:00:11'),
(1382, 225, 4, 186, 4, 2019, '2019-06-14 17:00:31'),
(1383, 228, 4, 1, 4, 2019, '2019-06-14 17:00:40'),
(1384, 229, 4, 1.5, 4, 2019, '2019-09-24 13:32:29'),
(1385, 233, 4, 0.28, 4, 2019, '2019-06-14 17:01:32'),
(1386, 235, 4, 1.66, 4, 2019, '2019-06-14 17:01:44'),
(1387, 236, 4, 152.5, 4, 2019, '2019-06-14 17:01:57'),
(1388, 237, 4, 6, 4, 2019, '2019-06-14 17:02:08'),
(1389, 238, 4, 7.58, 4, 2019, '2019-06-14 17:02:44'),
(1390, 240, 4, 10.42, 4, 2019, '2019-06-14 17:02:57'),
(1391, 241, 4, 3.24, 4, 2019, '2019-06-14 17:03:30'),
(1392, 242, 4, 11.38, 4, 2019, '2019-06-14 17:03:42'),
(1393, 246, 4, 13, 4, 2019, '2019-06-14 17:12:48'),
(1394, 247, 4, 5, 4, 2019, '2019-06-14 17:17:02'),
(1395, 1, 4, 1.16, 5, 2019, '2019-06-18 11:19:28'),
(1396, 2, 4, 9, 5, 2019, '2019-06-18 11:19:48'),
(1397, 6, 4, 17, 5, 2019, '2019-06-18 11:20:04'),
(1398, 12, 4, 50.32, 5, 2019, '2019-06-18 11:20:14'),
(1399, 15, 4, 2.33, 5, 2019, '2019-06-18 11:20:26'),
(1400, 17, 4, 4, 5, 2019, '2019-06-18 11:20:37'),
(1401, 21, 4, 14.99, 5, 2019, '2019-06-18 11:20:56'),
(1402, 24, 4, 5, 5, 2019, '2019-06-18 11:21:08'),
(1403, 26, 4, 6, 5, 2019, '2019-06-18 11:21:38'),
(1404, 27, 4, 9.16, 5, 2019, '2019-06-18 11:21:48'),
(1405, 28, 4, 0.75, 5, 2019, '2019-06-18 11:22:11'),
(1406, 29, 4, 0.58, 5, 2019, '2019-06-18 11:22:24'),
(1407, 30, 4, 17, 5, 2019, '2019-06-18 11:22:40'),
(1408, 36, 4, 3.38, 5, 2019, '2019-06-18 11:23:16'),
(1409, 38, 4, 36.33, 5, 2019, '2019-06-18 11:23:31'),
(1410, 39, 4, 18, 5, 2019, '2019-06-18 11:23:45'),
(1411, 40, 4, 7.76, 5, 2019, '2019-06-18 11:24:28'),
(1412, 41, 4, 3, 5, 2019, '2019-06-18 11:24:38'),
(1413, 42, 4, 5.91, 5, 2019, '2019-06-18 11:24:49'),
(1414, 45, 4, 6, 5, 2019, '2019-06-18 11:25:00'),
(1415, 49, 4, 2.91, 5, 2019, '2019-06-18 11:25:12'),
(1416, 50, 4, 10.92, 5, 2019, '2019-06-18 11:25:23'),
(1417, 54, 4, 5.25, 5, 2019, '2019-06-18 11:25:39'),
(1418, 56, 4, 10, 5, 2019, '2019-06-18 11:25:48'),
(1419, 58, 4, 8.96, 5, 2019, '2019-06-18 11:26:11'),
(1420, 63, 4, 5.83, 5, 2019, '2019-06-18 11:26:41'),
(1421, 71, 4, 101.66, 5, 2019, '2019-06-18 11:27:18'),
(1422, 78, 4, 70, 5, 2019, '2019-06-18 11:27:30'),
(1423, 79, 4, 55.49, 5, 2019, '2019-06-18 11:27:41'),
(1424, 80, 4, 19.75, 5, 2019, '2019-06-18 11:27:52'),
(1425, 81, 4, 44.75, 5, 2019, '2019-06-18 11:28:06'),
(1426, 82, 4, 25.39, 5, 2019, '2019-06-18 11:29:21'),
(1427, 83, 4, 15.27, 5, 2019, '2019-06-18 11:29:41'),
(1428, 84, 4, 56.49, 5, 2019, '2019-06-18 11:30:05'),
(1429, 86, 4, 6.46, 5, 2019, '2019-06-18 11:30:21'),
(1430, 88, 4, 97, 5, 2019, '2019-06-18 11:31:07'),
(1431, 89, 4, 149, 5, 2019, '2019-06-18 11:31:25'),
(1432, 96, 4, 4.33, 5, 2019, '2019-06-18 11:31:41'),
(1433, 103, 4, 18.83, 5, 2019, '2019-06-18 11:31:56'),
(1434, 104, 4, 22.5, 5, 2019, '2019-06-18 11:32:07'),
(1435, 105, 4, 7.74, 5, 2019, '2019-06-18 11:32:22'),
(1436, 107, 4, 4, 5, 2019, '2019-06-18 11:32:33'),
(1437, 108, 4, 9, 5, 2019, '2019-06-18 11:32:48'),
(1438, 109, 4, 47.1, 5, 2019, '2019-06-18 11:32:58'),
(1439, 110, 4, 8.55, 5, 2019, '2019-06-18 11:33:14'),
(1440, 112, 4, 1.96, 5, 2019, '2019-06-18 11:33:25'),
(1441, 114, 4, 9.99, 5, 2019, '2019-06-18 11:33:40'),
(1442, 115, 4, 0.91, 5, 2019, '2019-06-18 11:33:57'),
(1443, 116, 4, 2.66, 5, 2019, '2019-06-18 11:34:14'),
(1444, 117, 4, 123, 5, 2019, '2019-06-18 11:39:59'),
(1445, 120, 4, 4, 5, 2019, '2019-06-18 11:40:10'),
(1446, 122, 4, 5.75, 5, 2019, '2019-06-18 11:40:47'),
(1447, 126, 4, 5.24, 5, 2019, '2019-06-18 11:41:09'),
(1448, 133, 4, 43.03, 5, 2019, '2019-06-18 11:41:30'),
(1449, 134, 4, 2.25, 5, 2019, '2019-06-18 12:05:40'),
(1450, 137, 4, 8, 5, 2019, '2019-06-18 12:13:09'),
(1451, 140, 4, 19.82, 5, 2019, '2019-06-18 12:13:24'),
(1452, 143, 4, 1.75, 5, 2019, '2019-06-18 12:13:35'),
(1453, 145, 4, 8, 5, 2019, '2019-06-18 12:13:47'),
(1454, 146, 4, 19.08, 5, 2019, '2019-06-18 12:14:17'),
(1455, 147, 4, 12, 5, 2019, '2019-06-18 12:14:26'),
(1456, 148, 4, 35, 5, 2019, '2019-06-18 12:14:35'),
(1457, 149, 4, 43.28, 5, 2019, '2019-06-18 12:14:57'),
(1458, 158, 4, 1.49, 5, 2019, '2019-06-18 12:15:09'),
(1459, 160, 4, 2.16, 5, 2019, '2019-06-18 12:15:23'),
(1460, 162, 4, 193, 5, 2019, '2019-06-18 12:15:37'),
(1461, 163, 4, 11.44, 5, 2019, '2019-06-18 12:15:48'),
(1462, 165, 4, 10.21, 5, 2019, '2019-06-18 12:15:58'),
(1463, 166, 4, 9, 5, 2019, '2019-06-18 12:16:08'),
(1464, 168, 4, 109.21, 5, 2019, '2019-06-18 12:16:21'),
(1465, 170, 4, 176, 5, 2019, '2019-06-18 12:16:35'),
(1466, 173, 4, 20, 5, 2019, '2019-06-18 12:16:45'),
(1467, 178, 4, 178.25, 5, 2019, '2019-06-18 12:17:07'),
(1468, 182, 4, 9, 5, 2019, '2019-06-18 12:17:18'),
(1469, 185, 4, 6.68, 5, 2019, '2019-06-18 12:17:45'),
(1470, 190, 4, 1.5, 5, 2019, '2019-06-18 12:17:55'),
(1471, 192, 4, 2.41, 5, 2019, '2019-06-18 12:18:04'),
(1472, 194, 4, 21.51, 5, 2019, '2019-06-18 12:18:20'),
(1473, 197, 4, 8.66, 5, 2019, '2019-06-18 12:18:41'),
(1474, 198, 4, 2.75, 5, 2019, '2019-06-18 12:19:08'),
(1475, 199, 4, 18, 5, 2019, '2019-06-18 12:19:18'),
(1476, 200, 4, 3.5, 5, 2019, '2019-06-18 12:19:27'),
(1477, 201, 4, 2.5, 5, 2019, '2019-06-18 12:19:36'),
(1478, 209, 4, 10.33, 5, 2019, '2019-06-18 12:19:51'),
(1479, 210, 4, 2.57, 5, 2019, '2019-06-18 12:20:01'),
(1480, 211, 4, 0.58, 5, 2019, '2019-06-18 12:20:12'),
(1481, 213, 4, 14, 5, 2019, '2019-06-18 12:20:23'),
(1482, 215, 4, 21, 5, 2019, '2019-06-18 12:20:32'),
(1483, 217, 4, 11, 5, 2019, '2019-06-18 12:20:42'),
(1484, 220, 4, 9.4, 5, 2019, '2019-06-18 12:20:55'),
(1485, 222, 4, 105, 5, 2019, '2019-06-18 12:21:07'),
(1486, 225, 4, 143.41, 5, 2019, '2019-06-18 12:21:25'),
(1487, 226, 4, 4, 5, 2019, '2019-06-18 12:21:35'),
(1488, 228, 4, 1.5, 5, 2019, '2019-06-18 12:22:13'),
(1489, 229, 4, 3, 5, 2019, '2019-06-18 12:22:23'),
(1490, 235, 4, 0.43, 5, 2019, '2019-06-18 12:34:09'),
(1491, 238, 4, 7.41, 5, 2019, '2019-06-18 12:34:53'),
(1492, 240, 4, 10.41, 5, 2019, '2019-06-18 12:36:47'),
(1493, 241, 4, 2.82, 5, 2019, '2019-06-18 12:37:19'),
(1494, 242, 4, 27.5, 5, 2019, '2019-06-18 12:37:50'),
(1495, 245, 4, 9, 5, 2019, '2019-06-18 12:39:02'),
(1496, 248, 4, 13, 5, 2019, '2019-06-18 12:43:10'),
(1497, 246, 4, 44, 5, 2019, '2019-06-18 12:43:20'),
(1498, 249, 4, 0.91, 5, 2019, '2019-06-18 12:48:11'),
(1499, 250, 4, 44.32, 5, 2019, '2019-06-18 12:48:25'),
(1500, 1, 2, 2, 6, 2019, '2019-09-13 17:40:34'),
(1501, 2, 2, 2, 6, 2019, '2019-09-13 17:40:55'),
(1502, 4, 2, 2, 6, 2019, '2019-09-13 17:41:15'),
(1503, 6, 2, 17, 6, 2019, '2019-09-13 17:41:34'),
(1504, 7, 2, 3.17, 6, 2019, '2019-09-13 17:41:50'),
(1505, 12, 2, 8.95, 6, 2019, '2019-09-13 17:42:05'),
(1506, 15, 2, 2.3, 6, 2019, '2019-09-13 17:42:23'),
(1507, 17, 2, 4, 6, 2019, '2019-09-13 17:42:41'),
(1508, 18, 2, 12.47, 6, 2019, '2019-09-13 17:42:58'),
(1509, 21, 2, 1.08, 6, 2019, '2019-09-13 17:43:14'),
(1510, 22, 2, 20, 6, 2019, '2019-09-13 17:43:34'),
(1511, 27, 2, 0.18, 6, 2019, '2019-09-13 17:43:55'),
(1512, 30, 2, 13, 6, 2019, '2019-09-13 17:44:13'),
(1513, 36, 2, 10.67, 6, 2019, '2019-09-13 17:45:11'),
(1514, 37, 2, 35, 6, 2019, '2019-09-13 17:45:30'),
(1515, 40, 2, 0.5, 6, 2019, '2019-09-13 17:45:54'),
(1516, 41, 2, 1.75, 6, 2019, '2019-09-13 17:46:10'),
(1517, 42, 2, 3, 6, 2019, '2019-09-13 17:46:31'),
(1518, 43, 2, 54, 6, 2019, '2019-09-13 17:46:50'),
(1519, 45, 2, 52, 6, 2019, '2019-09-13 17:47:10'),
(1520, 47, 2, 26, 6, 2019, '2019-09-13 17:47:30'),
(1521, 49, 2, 11.33, 6, 2019, '2019-09-13 17:47:49'),
(1522, 54, 2, 1.75, 6, 2019, '2019-09-13 17:48:35'),
(1523, 55, 2, 9, 6, 2019, '2019-09-13 17:48:58'),
(1524, 56, 2, 9, 6, 2019, '2019-09-13 17:49:26'),
(1525, 58, 2, 8.17, 6, 2019, '2019-09-13 17:49:48'),
(1526, 69, 2, 15.52, 6, 2019, '2019-09-13 17:50:14'),
(1527, 71, 2, 2.75, 6, 2019, '2019-09-13 17:50:34'),
(1528, 79, 2, 46.08, 6, 2019, '2019-09-13 17:50:56'),
(1529, 81, 2, 56.65, 6, 2019, '2019-09-13 17:51:17'),
(1530, 82, 2, 4.6, 6, 2019, '2019-09-13 17:51:49'),
(1531, 83, 2, 6.75, 6, 2019, '2019-09-13 17:52:10'),
(1532, 84, 2, 11.55, 6, 2019, '2019-09-13 17:52:37'),
(1533, 85, 2, 2, 6, 2019, '2019-09-13 17:52:53'),
(1534, 86, 2, 5.17, 6, 2019, '2019-09-13 17:53:12'),
(1535, 88, 2, 2, 6, 2019, '2019-09-13 17:53:29'),
(1536, 89, 2, 9, 6, 2019, '2019-09-13 17:54:07'),
(1537, 91, 2, 8, 6, 2019, '2019-09-13 17:54:26'),
(1538, 92, 2, 4.6, 6, 2019, '2019-09-13 17:54:43'),
(1539, 94, 2, 4.77, 6, 2019, '2019-09-13 17:55:04'),
(1540, 105, 2, 10.38, 6, 2019, '2019-09-13 17:55:27'),
(1541, 107, 2, 3.67, 6, 2019, '2019-09-13 17:55:45'),
(1542, 109, 2, 2, 6, 2019, '2019-09-13 17:56:02'),
(1543, 111, 2, 9, 6, 2019, '2019-09-13 17:56:24'),
(1544, 112, 2, 3.72, 6, 2019, '2019-09-13 17:56:40'),
(1545, 114, 2, 14.67, 6, 2019, '2019-09-13 17:56:57'),
(1546, 115, 2, 36, 6, 2019, '2019-09-13 17:57:18'),
(1547, 116, 2, 8.43, 6, 2019, '2019-09-13 17:57:33'),
(1548, 119, 2, 1.8, 6, 2019, '2019-09-13 17:57:51'),
(1549, 120, 2, 11.4, 6, 2019, '2019-09-13 17:58:10'),
(1550, 121, 2, 25.17, 6, 2019, '2019-09-13 17:58:28'),
(1551, 126, 2, 2.38, 6, 2019, '2019-09-13 17:58:51'),
(1552, 128, 2, 8.7, 6, 2019, '2019-09-13 17:59:09'),
(1553, 139, 2, 3.17, 6, 2019, '2019-09-13 17:59:38'),
(1554, 140, 2, 30, 6, 2019, '2019-09-13 17:59:54'),
(1555, 141, 2, 0.92, 6, 2019, '2019-09-13 18:00:10'),
(1556, 149, 2, 32.67, 6, 2019, '2019-09-13 18:00:32'),
(1557, 150, 2, 1.67, 6, 2019, '2019-09-13 18:00:51'),
(1558, 153, 2, 12, 6, 2019, '2019-09-13 18:01:09'),
(1559, 155, 2, 55.5, 6, 2019, '2019-09-13 18:01:27'),
(1560, 156, 2, 3, 6, 2019, '2019-09-13 18:01:46'),
(1561, 160, 2, 91.92, 6, 2019, '2019-09-13 18:02:11'),
(1562, 163, 2, 1.25, 6, 2019, '2019-09-13 18:02:33'),
(1563, 165, 2, 0.92, 6, 2019, '2019-09-13 18:02:53'),
(1564, 171, 2, 9, 6, 2019, '2019-09-13 18:03:11'),
(1565, 173, 2, 20, 6, 2019, '2019-09-13 18:03:34'),
(1566, 178, 2, 54.37, 6, 2019, '2019-09-13 18:03:52'),
(1567, 179, 2, 0.58, 6, 2019, '2019-09-13 18:04:13'),
(1568, 180, 2, 8, 6, 2019, '2019-09-13 18:04:31'),
(1569, 185, 2, 9, 6, 2019, '2019-09-13 18:04:51'),
(1570, 190, 2, 7.65, 6, 2019, '2019-09-13 18:05:06'),
(1571, 192, 2, 5.17, 6, 2019, '2019-09-13 18:05:24'),
(1572, 197, 2, 18, 6, 2019, '2019-09-13 18:06:57'),
(1573, 199, 2, 9, 6, 2019, '2019-09-13 18:07:15'),
(1574, 201, 2, 8, 6, 2019, '2019-09-13 18:07:31'),
(1575, 202, 2, 8, 6, 2019, '2019-09-13 18:07:47'),
(1576, 207, 2, 1.38, 6, 2019, '2019-09-13 18:08:06'),
(1577, 210, 2, 0.83, 6, 2019, '2019-09-13 18:08:23'),
(1578, 212, 2, 4.83, 6, 2019, '2019-09-13 18:08:39'),
(1579, 213, 2, 21.25, 6, 2019, '2019-09-13 18:08:55'),
(1580, 217, 2, 9, 6, 2019, '2019-09-13 18:09:17'),
(1581, 218, 2, 2, 6, 2019, '2019-09-13 18:09:32'),
(1582, 219, 2, 4, 6, 2019, '2019-09-13 18:09:49'),
(1583, 229, 2, 1.67, 6, 2019, '2019-09-13 18:10:08'),
(1584, 235, 2, 9, 6, 2019, '2019-09-13 18:10:24'),
(1585, 236, 2, 9, 6, 2019, '2019-09-13 18:10:38'),
(1586, 238, 2, 7.67, 6, 2019, '2019-09-13 18:10:53'),
(1587, 240, 2, 12.17, 6, 2019, '2019-09-13 18:11:11'),
(1588, 242, 2, 13.17, 6, 2019, '2019-09-13 18:11:28'),
(1589, 245, 2, 1.67, 6, 2019, '2019-09-13 18:11:44'),
(1590, 246, 2, 27, 6, 2019, '2019-09-13 18:11:57'),
(1591, 255, 2, 0.33, 6, 2019, '2019-09-13 18:12:10'),
(1592, 252, 2, 5.17, 6, 2019, '2019-09-13 18:12:34'),
(1593, 253, 2, 3.83, 6, 2019, '2019-09-13 18:12:52'),
(1594, 257, 2, 2.17, 6, 2019, '2019-09-13 18:13:11'),
(1595, 1, 10, 4.42, 7, 2019, '2019-09-16 11:24:52'),
(1596, 2, 10, 9.33, 7, 2019, '2019-09-16 11:25:23'),
(1597, 3, 10, 8.9, 7, 2019, '2019-09-16 11:26:15'),
(1598, 4, 10, 6.62, 7, 2019, '2019-09-16 11:26:39'),
(1599, 5, 10, 4, 7, 2019, '2019-09-16 11:27:03'),
(1600, 6, 10, 59.3, 7, 2019, '2019-09-16 11:27:28'),
(1601, 7, 10, 17, 7, 2019, '2019-09-16 11:33:20'),
(1602, 8, 10, 72, 7, 2019, '2019-09-16 11:33:39'),
(1603, 10, 10, 1.67, 7, 2019, '2019-09-16 11:34:55'),
(1604, 11, 10, 9.53, 7, 2019, '2019-09-16 11:35:13'),
(1605, 12, 10, 11.47, 7, 2019, '2019-09-16 11:35:34'),
(1606, 17, 10, 7, 7, 2019, '2019-09-16 11:35:51'),
(1607, 18, 10, 17.5, 7, 2019, '2019-09-16 11:36:09'),
(1608, 22, 10, 1, 7, 2019, '2019-09-16 11:36:27'),
(1609, 25, 10, 4.72, 7, 2019, '2019-09-16 11:36:50'),
(1610, 27, 10, 18, 7, 2019, '2019-09-16 11:38:15'),
(1611, 28, 10, 5, 7, 2019, '2019-09-16 11:38:31'),
(1612, 34, 10, 5, 7, 2019, '2019-09-16 11:40:15'),
(1613, 36, 10, 6.67, 7, 2019, '2019-09-16 11:40:52'),
(1614, 38, 10, 9, 7, 2019, '2019-09-16 11:41:18'),
(1615, 40, 10, 16.28, 7, 2019, '2019-09-16 11:41:35'),
(1616, 42, 10, 10.67, 7, 2019, '2019-09-16 11:42:36'),
(1617, 44, 10, 4.17, 7, 2019, '2019-09-16 11:42:58'),
(1618, 45, 10, 3.25, 7, 2019, '2019-09-16 11:43:20'),
(1619, 47, 10, 9, 7, 2019, '2019-09-16 11:43:34'),
(1620, 49, 10, 3.77, 7, 2019, '2019-09-16 11:43:49'),
(1621, 54, 10, 0.32, 7, 2019, '2019-09-16 11:44:05'),
(1622, 55, 10, 3.45, 7, 2019, '2019-09-16 11:44:34'),
(1623, 56, 10, 14, 7, 2019, '2019-09-16 11:44:52'),
(1624, 57, 10, 35, 7, 2019, '2019-09-16 11:45:22'),
(1625, 58, 10, 4.67, 7, 2019, '2019-09-16 11:45:45'),
(1626, 59, 10, 195, 7, 2019, '2019-09-16 11:48:20'),
(1627, 60, 10, 34.22, 7, 2019, '2019-09-16 11:48:39'),
(1628, 64, 10, 5.42, 7, 2019, '2019-09-16 11:48:57'),
(1629, 66, 10, 4.17, 7, 2019, '2019-09-16 11:49:20'),
(1630, 68, 10, 3, 7, 2019, '2019-09-16 11:49:43'),
(1631, 69, 10, 14.82, 7, 2019, '2019-09-16 11:50:04'),
(1632, 70, 10, 8, 7, 2019, '2019-09-16 11:50:25'),
(1633, 74, 10, 6.22, 7, 2019, '2019-09-16 11:50:50'),
(1634, 80, 10, 10.45, 7, 2019, '2019-09-16 11:51:21'),
(1635, 81, 10, 1.25, 7, 2019, '2019-09-16 11:51:40'),
(1636, 82, 10, 6.08, 7, 2019, '2019-09-16 11:52:00'),
(1637, 83, 10, 2.75, 7, 2019, '2019-09-16 11:52:21'),
(1638, 84, 10, 60.6, 7, 2019, '2019-09-16 11:53:09'),
(1639, 85, 10, 5.42, 7, 2019, '2019-09-16 11:54:00'),
(1640, 86, 10, 26.1, 7, 2019, '2019-09-16 11:54:52'),
(1641, 87, 10, 1.03, 7, 2019, '2019-09-16 11:55:12'),
(1642, 95, 10, 14.08, 7, 2019, '2019-09-16 11:55:34'),
(1643, 97, 10, 0.42, 7, 2019, '2019-09-16 11:55:49'),
(1644, 98, 10, 0.17, 7, 2019, '2019-09-16 11:56:04'),
(1645, 99, 10, 29.92, 7, 2019, '2019-09-16 11:56:19'),
(1646, 100, 10, 4.33, 7, 2019, '2019-09-16 11:56:36'),
(1647, 101, 10, 1.68, 7, 2019, '2019-09-16 11:57:00'),
(1648, 102, 10, 4, 7, 2019, '2019-09-16 11:57:18'),
(1649, 103, 10, 1.08, 7, 2019, '2019-09-16 11:57:38'),
(1650, 104, 10, 4.01, 7, 2019, '2019-09-16 11:57:54'),
(1651, 105, 10, 6.7, 7, 2019, '2019-09-16 11:58:22'),
(1652, 106, 10, 1.67, 7, 2019, '2019-09-16 11:58:42'),
(1653, 107, 10, 26, 7, 2019, '2019-09-16 11:58:59'),
(1654, 110, 10, 13.27, 7, 2019, '2019-09-16 11:59:15'),
(1655, 111, 10, 1, 7, 2019, '2019-09-16 11:59:33'),
(1656, 112, 10, 25.2, 7, 2019, '2019-09-16 11:59:53'),
(1657, 113, 10, 5.37, 7, 2019, '2019-09-16 12:00:11'),
(1658, 116, 10, 9, 7, 9, '2019-09-16 12:00:28'),
(1659, 117, 10, 9.07, 7, 2019, '2019-09-16 12:00:44'),
(1660, 120, 10, 97, 7, 2019, '2019-09-16 12:01:03'),
(1661, 121, 10, 6.95, 7, 2019, '2019-09-16 12:01:21'),
(1662, 122, 10, 17, 7, 2019, '2019-09-16 12:01:43'),
(1663, 124, 10, 1.67, 7, 2019, '2019-09-16 12:02:01'),
(1664, 126, 10, 10.65, 7, 2019, '2019-09-16 12:02:17'),
(1665, 127, 10, 11.25, 7, 2019, '2019-09-16 12:02:32'),
(1666, 128, 10, 2.33, 7, 2019, '2019-09-16 12:02:48'),
(1667, 129, 10, 0.92, 7, 2019, '2019-09-16 12:03:08'),
(1668, 130, 10, 2, 7, 2019, '2019-09-16 12:03:28'),
(1669, 131, 10, 25.16, 7, 2019, '2019-09-16 12:03:48'),
(1670, 134, 10, 0.25, 7, 2019, '2019-09-16 12:04:06'),
(1671, 135, 10, 72, 7, 2019, '2019-09-16 12:04:25'),
(1672, 136, 10, 14.3, 7, 2019, '2019-09-16 12:04:41'),
(1673, 137, 10, 9.57, 7, 2019, '2019-09-16 12:04:57'),
(1674, 138, 10, 49.8, 7, 2019, '2019-09-16 12:05:12'),
(1675, 139, 10, 2, 7, 2019, '2019-09-16 12:05:34'),
(1676, 140, 10, 18, 7, 2019, '2019-09-16 12:05:54'),
(1677, 146, 10, 7.18, 7, 2019, '2019-09-16 12:06:12'),
(1678, 147, 10, 4.83, 7, 2019, '2019-09-16 12:06:26'),
(1679, 148, 10, 19.67, 7, 2019, '2019-09-16 12:06:41'),
(1680, 149, 10, 20.8, 7, 2019, '2019-09-16 12:06:59'),
(1681, 158, 10, 3.23, 7, 2019, '2019-09-16 12:12:38'),
(1682, 159, 10, 101, 7, 2019, '2019-09-16 12:12:53'),
(1683, 160, 10, 1.27, 7, 2019, '2019-09-16 12:13:15'),
(1684, 162, 10, 36, 7, 2019, '2019-09-16 12:13:32'),
(1685, 163, 10, 3, 7, 2019, '2019-09-16 12:13:49'),
(1686, 166, 10, 29, 7, 2019, '2019-09-16 12:14:05'),
(1687, 169, 10, 163, 7, 2019, '2019-09-16 12:14:26'),
(1688, 170, 10, 9.8, 7, 2019, '2019-09-16 12:14:48'),
(1689, 174, 10, 22.28, 7, 2019, '2019-09-16 12:15:23'),
(1690, 175, 10, 12, 7, 2019, '2019-09-16 12:16:20'),
(1691, 176, 10, 71, 7, 2019, '2019-09-16 12:16:40'),
(1692, 177, 10, 28.53, 7, 2019, '2019-09-16 12:17:04'),
(1693, 178, 10, 128.22, 7, 2019, '2019-09-16 12:17:21'),
(1694, 180, 10, 8, 7, 2019, '2019-09-16 12:17:43'),
(1695, 182, 10, 4.65, 7, 2019, '2019-09-16 12:18:02'),
(1696, 184, 10, 4.45, 7, 2019, '2019-09-16 12:18:23'),
(1697, 185, 10, 4.28, 7, 2019, '2019-09-16 12:18:43'),
(1698, 187, 10, 13, 7, 2019, '2019-09-16 12:19:01'),
(1699, 188, 10, 3.42, 7, 2019, '2019-09-16 12:20:44'),
(1700, 189, 10, 121.55, 7, 2019, '2019-09-16 12:20:59'),
(1701, 190, 10, 1.35, 7, 2019, '2019-09-16 12:21:16'),
(1702, 197, 10, 2.75, 7, 2019, '2019-09-16 12:21:29'),
(1703, 199, 10, 10.67, 7, 2019, '2019-09-16 12:21:49'),
(1704, 201, 10, 2.25, 7, 2019, '2019-09-16 12:22:10'),
(1705, 202, 10, 8, 7, 2019, '2019-09-16 12:22:24'),
(1706, 209, 10, 1.95, 7, 2019, '2019-09-16 12:22:41'),
(1707, 210, 10, 1.17, 7, 2019, '2019-09-16 12:22:57'),
(1708, 212, 10, 106, 7, 2019, '2019-09-16 12:23:14'),
(1709, 213, 10, 9, 7, 2019, '2019-09-16 12:23:34'),
(1710, 217, 10, 1.67, 7, 2019, '2019-09-16 12:23:48'),
(1711, 218, 10, 47.4, 7, 2019, '2019-09-16 12:24:05'),
(1712, 222, 10, 17.17, 7, 2019, '2019-09-16 12:24:21'),
(1713, 223, 10, 5, 7, 2019, '2019-09-16 12:24:39'),
(1714, 225, 10, 5.35, 7, 2019, '2019-09-16 12:24:55'),
(1715, 226, 10, 3.5, 7, 2019, '2019-09-16 12:25:08'),
(1716, 229, 10, 0.5, 7, 2019, '2019-09-16 12:25:21'),
(1717, 232, 10, 0.23, 7, 2019, '2019-09-16 12:26:31'),
(1718, 233, 10, 10.22, 7, 2019, '2019-09-16 12:26:48'),
(1719, 234, 10, 9.18, 7, 2019, '2019-09-16 12:27:03'),
(1720, 235, 10, 8, 7, 2019, '2019-09-16 12:27:38'),
(1721, 236, 10, 4.67, 7, 2019, '2019-09-16 12:28:46'),
(1722, 238, 10, 5.05, 7, 2019, '2019-09-16 12:28:58'),
(1723, 240, 10, 115, 7, 2019, '2019-09-16 12:29:10'),
(1724, 241, 10, 99.67, 7, 2019, '2019-09-16 12:29:24'),
(1725, 245, 10, 7.3, 7, 2019, '2019-09-16 12:29:35'),
(1726, 248, 10, 11.33, 7, 2019, '2019-09-16 12:29:50'),
(1727, 251, 10, 1.18, 7, 2019, '2019-09-16 12:30:03'),
(1728, 249, 10, 8, 7, 2019, '2019-09-16 12:30:15'),
(1729, 255, 10, 0.23, 7, 2019, '2019-09-16 12:30:30'),
(1730, 1, 10, 0.38, 8, 2019, '2019-09-16 12:32:33'),
(1731, 3, 10, 2.16, 8, 2019, '2019-09-16 12:32:45'),
(1732, 8, 10, 10.5, 8, 2019, '2019-10-24 17:07:35'),
(1733, 11, 10, 1.67, 8, 2019, '2019-09-16 12:33:13'),
(1734, 12, 10, 15.7, 8, 2019, '2019-09-16 12:33:35'),
(1735, 16, 10, 1.75, 8, 2019, '2019-09-16 12:33:53'),
(1736, 18, 10, 4.6, 8, 2019, '2019-09-16 12:34:09'),
(1737, 19, 10, 44, 8, 2019, '2019-09-16 12:34:30'),
(1738, 25, 10, 15.02, 8, 2019, '2019-09-16 12:34:43'),
(1739, 27, 10, 7.51, 8, 2019, '2019-09-16 12:35:09'),
(1740, 29, 10, 1.08, 8, 2019, '2019-09-16 12:37:44'),
(1741, 35, 10, 0.23, 8, 2019, '2019-09-16 12:38:05'),
(1743, 38, 10, 13.7, 8, 2019, '2019-10-24 17:55:49'),
(1744, 42, 10, 11.55, 8, 2019, '2019-09-16 12:38:58'),
(1745, 45, 10, 0.5, 8, 2019, '2019-09-16 12:39:12'),
(1746, 47, 10, 0.5, 8, 2019, '2019-09-16 12:39:29'),
(1747, 50, 10, 4.92, 8, 2019, '2019-09-16 12:39:47'),
(1748, 54, 10, 0.5, 8, 2019, '2019-09-16 12:41:51'),
(1749, 57, 10, 9, 8, 2019, '2019-10-24 18:10:02'),
(1750, 58, 10, 4, 8, 2019, '2019-09-16 12:42:29'),
(1751, 60, 10, 26.67, 8, 2019, '2019-09-16 12:42:46'),
(1752, 63, 10, 0.28, 8, 2019, '2019-09-16 12:43:08'),
(1753, 64, 10, 1.96, 8, 2019, '2019-09-16 12:43:21'),
(1754, 66, 10, 19.62, 8, 2019, '2019-10-24 18:11:33'),
(1755, 69, 10, 16.88, 8, 2019, '2019-10-24 18:11:58'),
(1756, 74, 10, 0.36, 8, 2019, '2019-09-16 12:44:03'),
(1757, 80, 10, 28, 8, 2019, '2019-10-24 18:13:03'),
(1758, 81, 10, 3.16, 8, 2019, '2019-09-16 12:44:33'),
(1759, 82, 10, 2.87, 8, 2019, '2019-09-16 12:44:51'),
(1760, 83, 10, 47.58, 8, 2019, '2019-10-24 18:13:32'),
(1761, 84, 10, 9.76, 8, 2019, '2019-10-24 18:13:52'),
(1762, 86, 10, 0.58, 8, 2019, '2019-09-16 12:45:50'),
(1763, 90, 10, 0.93, 8, 2019, '2019-09-16 12:46:06'),
(1764, 92, 10, 13.25, 8, 2019, '2019-09-16 12:46:18'),
(1765, 94, 10, 2.08, 7, 2019, '2019-09-16 12:46:33'),
(1766, 97, 10, 8, 8, 2019, '2019-09-16 12:46:49'),
(1767, 99, 10, 48.23, 8, 2019, '2019-09-16 12:47:02'),
(1768, 101, 10, 10.95, 8, 2019, '2019-10-24 18:15:29'),
(1769, 102, 10, 11.5, 8, 2019, '2019-10-24 18:16:24'),
(1770, 103, 10, 3.07, 8, 2019, '2019-09-16 12:47:55'),
(1771, 104, 10, 26.35, 8, 2019, '2019-10-24 18:16:58'),
(1772, 105, 10, 18.13, 8, 2019, '2019-10-24 18:17:22'),
(1773, 109, 10, 4.83, 8, 2019, '2019-09-16 13:16:49'),
(1774, 110, 10, 3.1, 8, 2019, '2019-09-16 13:17:06'),
(1775, 114, 10, 3, 8, 2019, '2019-09-16 13:17:22'),
(1776, 117, 10, 5, 8, 2019, '2019-09-16 13:17:35'),
(1777, 119, 10, 1.47, 8, 2019, '2019-09-16 13:17:47'),
(1778, 121, 10, 10.88, 8, 2019, '2019-10-24 18:18:28'),
(1779, 126, 10, 3.76, 8, 2019, '2019-09-16 13:18:19'),
(1780, 127, 10, 0.91, 8, 2019, '2019-09-16 13:18:35'),
(1781, 128, 10, 10.18, 8, 2019, '2019-10-24 18:19:06'),
(1782, 129, 10, 2.06, 8, 2019, '2019-09-16 13:18:58'),
(1783, 135, 10, 3.88, 8, 2019, '2019-09-16 13:19:13'),
(1784, 139, 10, 17, 8, 2019, '2019-10-24 18:23:58'),
(1785, 141, 10, 0.83, 8, 2019, '2019-09-16 13:19:43'),
(1786, 142, 10, 2, 8, 2019, '2019-09-16 13:19:59'),
(1787, 143, 10, 12.68, 8, 2019, '2019-09-16 13:27:44'),
(1788, 146, 10, 6.53, 8, 2019, '2019-09-16 13:27:57'),
(1789, 147, 10, 0.18, 8, 2019, '2019-09-16 13:28:10'),
(1790, 159, 10, 2.37, 8, 2019, '2019-09-16 13:28:22'),
(1791, 166, 10, 4.83, 8, 2019, '2019-09-16 13:28:39'),
(1792, 174, 10, 1.93, 8, 2019, '2019-09-16 13:28:53'),
(1793, 175, 10, 10.13, 8, 2019, '2019-10-24 18:28:33'),
(1794, 180, 10, 9.85, 8, 2019, '2019-10-24 18:30:28'),
(1795, 182, 10, 1.13, 8, 2019, '2019-09-16 13:29:46'),
(1796, 184, 10, 0.08, 8, 2019, '2019-09-16 13:29:58'),
(1797, 187, 10, 3.17, 8, 2019, '2019-09-16 13:30:09'),
(1798, 188, 10, 54.38, 8, 2019, '2019-10-24 18:31:26'),
(1799, 189, 10, 36.51, 8, 2019, '2019-09-16 13:30:33'),
(1800, 190, 10, 1.38, 8, 2019, '2019-09-16 13:30:44'),
(1801, 191, 10, 2.06, 8, 2019, '2019-09-16 13:31:05'),
(1802, 195, 10, 2.63, 8, 2019, '2019-09-16 13:31:22'),
(1803, 198, 10, 4.13, 8, 2019, '2019-09-16 13:47:46'),
(1804, 200, 10, 3.6, 8, 2019, '2019-09-16 13:49:34'),
(1805, 207, 10, 21, 8, 2019, '2019-10-24 18:32:21'),
(1806, 209, 10, 6, 8, 2019, '2019-09-16 13:50:09'),
(1807, 210, 10, 0.21, 8, 2019, '2019-09-16 13:50:23'),
(1808, 212, 10, 4.25, 8, 2019, '2019-09-16 13:51:33'),
(1809, 213, 10, 10.06, 8, 2019, '2019-09-16 13:51:46'),
(1810, 217, 10, 4, 8, 2019, '2019-09-16 13:52:02'),
(1811, 222, 10, 4.81, 8, 2019, '2019-09-16 13:52:53'),
(1812, 224, 10, 24, 8, 2019, '2019-10-24 18:46:47'),
(1813, 228, 10, 9, 8, 2019, '2019-09-16 13:53:24'),
(1814, 232, 10, 9, 8, 2019, '2019-09-16 13:54:01'),
(1815, 233, 10, 2.33, 8, 2019, '2019-09-16 13:54:20'),
(1816, 236, 10, 27.18, 8, 2019, '2019-10-24 18:48:21'),
(1817, 238, 10, 8.85, 8, 2019, '2019-09-16 13:55:10'),
(1818, 239, 10, 2.07, 8, 2019, '2019-09-16 13:55:23'),
(1819, 240, 10, 5.67, 8, 2019, '2019-09-16 13:55:33'),
(1820, 251, 10, 1.15, 8, 2019, '2019-09-16 13:55:44'),
(1821, 250, 10, 0.52, 8, 2019, '2019-09-16 13:55:55'),
(1822, 262, 10, 0.98, 8, 2019, '2019-09-16 14:18:38'),
(1823, 36, 10, 6, 8, 2019, '2019-09-19 18:18:02'),
(1824, 6, 10, 32, 9, 2019, '2019-10-24 14:50:14'),
(1825, 7, 10, 4.17, 9, 2019, '2019-10-24 14:50:40'),
(1826, 8, 10, 42, 9, 2019, '2019-10-24 14:51:00'),
(1827, 10, 10, 25, 9, 2019, '2019-10-24 14:51:16'),
(1828, 12, 10, 16.92, 9, 2019, '2019-10-24 14:51:30'),
(1829, 13, 10, 27, 9, 2019, '2019-10-24 14:51:44'),
(1830, 15, 10, 8, 9, 2019, '2019-10-24 14:52:00'),
(1831, 17, 10, 10.5, 9, 2019, '2019-10-24 14:53:07'),
(1832, 24, 10, 2.9, 9, 2019, '2019-10-24 14:53:33'),
(1833, 25, 10, 1.77, 9, 2019, '2019-10-24 14:53:46'),
(1834, 26, 10, 24, 9, 2019, '2019-10-24 14:54:08'),
(1835, 27, 10, 4, 9, 2019, '2019-10-24 14:54:22'),
(1836, 28, 10, 4.27, 9, 2019, '2019-10-24 14:54:38'),
(1837, 30, 10, 39, 9, 2019, '2019-10-24 14:54:54'),
(1838, 37, 10, 1, 9, 2019, '2019-10-24 14:58:31'),
(1839, 38, 10, 44, 9, 2019, '2019-10-24 14:59:05'),
(1840, 39, 10, 30, 9, 2019, '2019-10-24 14:59:19'),
(1841, 40, 10, 8, 9, 2019, '2019-10-24 15:00:09'),
(1842, 42, 10, 7.27, 9, 2019, '2019-10-24 15:00:21'),
(1843, 44, 10, 32.63, 9, 2019, '2019-10-24 15:01:17'),
(1844, 46, 10, 9, 9, 2019, '2019-10-24 15:01:35'),
(1845, 47, 10, 2.62, 9, 2019, '2019-10-24 16:08:36'),
(1846, 50, 10, 2, 9, 2019, '2019-10-24 16:08:57'),
(1847, 51, 10, 18, 9, 2019, '2019-10-24 16:09:16'),
(1848, 54, 10, 37, 9, 2019, '2019-10-24 16:09:43'),
(1849, 55, 10, 57, 9, 2019, '2019-10-24 16:10:03'),
(1850, 57, 10, 11.93, 9, 2019, '2019-10-24 16:10:20'),
(1851, 60, 10, 10.52, 9, 2019, '2019-10-24 16:10:38'),
(1852, 61, 10, 20.25, 9, 2019, '2019-10-24 16:11:00'),
(1853, 64, 10, 44, 9, 2019, '2019-10-24 16:11:15'),
(1854, 66, 10, 2.22, 9, 2019, '2019-10-24 16:11:29'),
(1855, 67, 10, 2, 9, 2019, '2019-10-24 16:27:53'),
(1856, 68, 10, 0.4, 9, 2019, '2019-10-24 16:28:13'),
(1857, 74, 10, 5.93, 9, 2019, '2019-10-24 16:28:30'),
(1858, 75, 10, 56.48, 9, 2019, '2019-10-24 16:28:44'),
(1859, 76, 10, 9.43, 9, 2019, '2019-10-24 16:29:00'),
(1860, 81, 10, 3.65, 9, 2019, '2019-10-24 16:29:17'),
(1861, 82, 10, 8, 9, 2019, '2019-10-24 16:29:44'),
(1862, 83, 10, 22.92, 9, 2019, '2019-10-24 16:29:59'),
(1863, 84, 10, 31.07, 9, 2019, '2019-10-24 16:30:19'),
(1864, 90, 10, 25, 9, 2019, '2019-10-24 16:30:36'),
(1865, 71, 10, 5.5, 9, 2019, '2019-10-24 16:30:49'),
(1866, 94, 10, 5.17, 9, 2019, '2019-10-24 16:31:04'),
(1867, 97, 10, 9, 9, 2019, '2019-10-24 16:31:18'),
(1868, 99, 10, 11.73, 9, 2019, '2019-10-24 16:31:35'),
(1869, 102, 10, 14.72, 9, 2019, '2019-10-24 16:31:51'),
(1870, 104, 10, 1.62, 9, 2019, '2019-10-24 16:32:05'),
(1871, 105, 10, 1.08, 9, 2019, '2019-10-24 16:33:17'),
(1872, 106, 10, 70, 9, 2019, '2019-10-24 16:33:41'),
(1873, 107, 10, 1.15, 9, 2019, '2019-10-24 16:34:00'),
(1874, 109, 10, 8.43, 9, 2019, '2019-10-24 16:34:13'),
(1875, 110, 10, 3.1, 9, 2019, '2019-10-24 16:34:28'),
(1876, 113, 10, 1, 9, 2019, '2019-10-24 16:34:45'),
(1877, 114, 10, 6.13, 9, 2019, '2019-10-24 16:34:59'),
(1878, 115, 10, 8, 9, 2019, '2019-10-24 16:35:17'),
(1879, 116, 10, 4, 9, 2019, '2019-10-24 16:35:36'),
(1880, 117, 10, 23, 9, 2019, '2019-10-24 16:35:53'),
(1881, 119, 10, 11.02, 9, 2019, '2019-10-24 16:36:09'),
(1882, 120, 10, 85, 9, 2019, '2019-10-24 16:36:29'),
(1883, 121, 10, 9, 9, 2019, '2019-10-24 16:36:51'),
(1884, 126, 10, 8.92, 9, 2019, '2019-10-24 16:37:09'),
(1885, 127, 10, 4, 9, 2019, '2019-10-24 16:37:31'),
(1886, 128, 10, 26.77, 9, 2019, '2019-10-24 16:37:47'),
(1887, 131, 10, 12.17, 9, 2019, '2019-10-24 16:38:07'),
(1888, 134, 10, 4.17, 9, 2019, '2019-10-24 16:38:25'),
(1889, 136, 10, 6.67, 9, 2019, '2019-10-24 16:38:42'),
(1890, 137, 10, 21.23, 9, 2019, '2019-10-24 16:38:58'),
(1891, 139, 10, 35.15, 9, 2019, '2019-10-24 16:39:11'),
(1892, 140, 10, 27, 9, 2019, '2019-10-24 16:39:26'),
(1893, 143, 10, 7.55, 9, 2019, '2019-10-24 16:47:33'),
(1894, 146, 10, 8.05, 9, 2019, '2019-10-24 16:47:50'),
(1895, 147, 10, 0.1, 9, 2019, '2019-10-24 16:48:09'),
(1896, 148, 10, 3.35, 9, 2019, '2019-10-24 16:48:24'),
(1897, 149, 10, 110, 9, 2019, '2019-10-24 16:48:38'),
(1898, 151, 10, 44, 9, 2019, '2019-10-24 16:48:56'),
(1899, 152, 10, 18, 9, 2019, '2019-10-24 16:49:12'),
(1900, 155, 10, 8, 9, 2019, '2019-10-24 16:49:27'),
(1901, 158, 10, 2.2, 9, 2019, '2019-10-24 16:49:49'),
(1902, 159, 10, 28.6, 9, 2019, '2019-10-24 16:50:03'),
(1903, 162, 10, 29.97, 9, 2019, '2019-10-24 16:50:17'),
(1904, 163, 10, 0.5, 9, 2019, '2019-10-24 16:50:34'),
(1905, 165, 10, 61, 9, 2019, '2019-10-24 16:50:56'),
(1906, 166, 10, 19.97, 9, 2019, '2019-10-24 16:51:11'),
(1907, 170, 10, 4.12, 9, 2019, '2019-10-24 16:51:26'),
(1908, 172, 10, 4, 9, 2019, '2019-10-24 16:51:37'),
(1909, 173, 10, 28.63, 9, 2019, '2019-10-24 16:51:51'),
(1910, 174, 10, 19.32, 9, 2019, '2019-10-24 16:52:07'),
(1911, 175, 10, 11.47, 9, 2019, '2019-10-24 16:52:20'),
(1912, 177, 10, 11.85, 9, 2019, '2019-10-24 16:52:34'),
(1913, 178, 10, 173, 9, 2019, '2019-10-24 16:52:46'),
(1914, 179, 10, 9, 9, 2019, '2019-10-24 16:52:59'),
(1915, 187, 10, 4.08, 9, 2019, '2019-10-24 16:53:10'),
(1916, 188, 10, 9.35, 9, 2019, '2019-10-24 16:53:22'),
(1917, 189, 10, 60.57, 9, 2019, '2019-10-24 16:53:33'),
(1918, 190, 10, 2.18, 9, 2019, '2019-10-24 16:53:53'),
(1919, 194, 10, 20.83, 9, 2019, '2019-10-24 16:54:07'),
(1920, 195, 10, 8.88, 9, 2019, '2019-10-24 16:54:19'),
(1921, 199, 10, 9, 9, 2019, '2019-10-24 16:54:36'),
(1922, 200, 10, 8.7, 9, 2019, '2019-10-24 16:54:47'),
(1923, 202, 10, 2.33, 9, 2019, '2019-10-24 16:55:10'),
(1924, 207, 10, 8.05, 9, 2019, '2019-10-24 16:55:20'),
(1925, 208, 10, 4.35, 9, 2019, '2019-10-24 16:55:30'),
(1926, 209, 10, 8.37, 9, 2019, '2019-10-24 16:55:41'),
(1927, 210, 10, 0.63, 9, 2019, '2019-10-24 16:55:54'),
(1928, 212, 10, 1.25, 9, 2019, '2019-10-24 16:56:07'),
(1929, 213, 10, 9, 9, 2019, '2019-10-24 16:56:18'),
(1930, 215, 10, 12.45, 9, 2019, '2019-10-24 16:56:29'),
(1931, 216, 10, 1.25, 9, 2019, '2019-10-24 16:56:40'),
(1932, 217, 10, 6.05, 9, 2019, '2019-10-24 16:56:52'),
(1933, 222, 10, 76, 9, 2019, '2019-10-24 16:57:04'),
(1934, 226, 10, 56.75, 9, 2019, '2019-10-24 16:57:20'),
(1935, 235, 10, 9, 9, 2019, '2019-10-24 16:57:33'),
(1936, 236, 10, 49, 9, 2019, '2019-10-24 16:57:43'),
(1937, 238, 10, 9.9, 9, 2019, '2019-10-24 16:57:53'),
(1938, 240, 10, 9, 9, 2019, '2019-10-24 16:58:06'),
(1939, 245, 10, 63.9, 9, 2019, '2019-10-24 16:58:17'),
(1940, 256, 10, 9, 9, 2019, '2019-10-24 16:58:31'),
(1941, 249, 10, 10.97, 9, 2019, '2019-10-24 16:58:47'),
(1942, 255, 10, 0.43, 9, 2019, '2019-10-24 16:59:00'),
(1943, 258, 10, 1, 9, 2019, '2019-10-24 16:59:15'),
(1944, 253, 10, 35, 9, 2019, '2019-10-24 16:59:27'),
(1945, 257, 10, 4.07, 9, 2019, '2019-10-24 16:59:44'),
(1946, 261, 10, 0.73, 9, 2019, '2019-10-24 17:00:02'),
(1947, 4, 10, 88, 8, 2019, '2019-10-24 17:05:40'),
(1948, 6, 10, 44, 8, 2019, '2019-10-24 17:07:11'),
(1949, 13, 10, 44, 8, 2019, '2019-10-24 17:08:16'),
(1950, 41, 10, 26, 8, 2019, '2019-10-24 17:56:22'),
(1951, 49, 10, 53, 8, 2019, '2019-10-24 17:57:03'),
(1952, 61, 10, 12, 8, 2019, '2019-10-24 18:11:00'),
(1953, 75, 10, 43, 8, 2019, '2019-10-24 18:12:41'),
(1954, 94, 10, 2.08, 8, 2019, '2019-10-24 18:14:44'),
(1955, 120, 10, 26, 8, 2019, '2019-10-24 18:18:09'),
(1956, 131, 10, 9, 8, 2019, '2019-10-24 18:19:40'),
(1957, 136, 10, 44, 8, 2019, '2019-10-24 18:20:51'),
(1958, 138, 10, 27, 8, 2019, '2019-10-24 18:23:35'),
(1959, 162, 10, 9, 8, 2019, '2019-10-24 18:24:47'),
(1960, 165, 10, 9, 8, 2019, '2019-10-24 18:25:08'),
(1961, 169, 10, 114, 8, 2019, '2019-10-24 18:25:32'),
(1962, 170, 10, 53, 8, 2019, '2019-10-24 18:28:06'),
(1963, 177, 10, 18, 8, 2019, '2019-10-24 18:29:05'),
(1964, 218, 10, 44, 8, 2019, '2019-10-24 18:46:23'),
(1965, 226, 10, 44, 8, 2019, '2019-10-24 18:47:22'),
(1966, 237, 10, 6, 8, 2019, '2019-10-24 18:49:17'),
(1967, 3, 10, 9, 10, 2019, '2019-11-07 17:13:35'),
(1968, 6, 10, 44, 10, 2019, '2019-11-07 17:14:01'),
(1969, 7, 10, 0.4, 10, 2019, '2019-11-07 17:14:23'),
(1970, 8, 10, 126, 10, 2019, '2019-11-07 17:14:42'),
(1971, 11, 10, 15.98, 10, 2019, '2019-11-07 17:14:55'),
(1972, 12, 10, 18.92, 10, 2019, '2019-11-07 17:15:05'),
(1973, 14, 10, 6, 10, 2019, '2019-11-07 17:15:18'),
(1974, 17, 10, 4.17, 10, 2019, '2019-11-07 17:15:32'),
(1975, 18, 10, 26.37, 10, 2019, '2019-11-07 17:15:48'),
(1976, 24, 10, 19.43, 10, 2019, '2019-11-07 17:16:03'),
(1977, 25, 10, 3.75, 10, 2019, '2019-11-07 17:16:18'),
(1978, 26, 10, 6, 10, 2019, '2019-11-07 17:16:36'),
(1979, 29, 10, 3.45, 10, 2019, '2019-11-07 17:16:49'),
(1980, 30, 10, 0.17, 10, 2019, '2019-11-07 17:17:01'),
(1981, 35, 10, 18, 10, 2019, '2019-11-07 17:17:16'),
(1982, 36, 10, 30, 10, 2019, '2019-11-07 17:17:29'),
(1983, 38, 10, 25.3, 10, 2019, '2019-11-07 17:17:43'),
(1984, 40, 10, 0.8, 10, 2019, '2019-11-07 17:17:58'),
(1985, 41, 10, 8, 10, 2019, '2019-11-07 17:18:15'),
(1986, 42, 10, 3.43, 10, 2019, '2019-11-07 17:18:27'),
(1987, 44, 10, 78, 10, 2019, '2019-11-07 17:18:39'),
(1988, 45, 10, 4.38, 10, 2019, '2019-11-07 17:18:52'),
(1989, 46, 10, 56.13, 10, 2019, '2019-11-07 17:19:07'),
(1990, 47, 10, 2.23, 10, 2019, '2019-11-07 17:19:18'),
(1991, 49, 10, 9.93, 10, 2019, '2019-11-07 17:19:35'),
(1992, 54, 10, 24.28, 10, 2019, '2019-11-07 17:19:47'),
(1993, 55, 10, 9, 10, 2019, '2019-11-07 17:20:02'),
(1994, 56, 10, 10.3, 10, 2019, '2019-11-07 17:20:17'),
(1995, 57, 10, 27, 10, 2019, '2019-11-07 17:20:30'),
(1996, 58, 10, 13.37, 10, 2019, '2019-11-07 17:20:45'),
(1997, 60, 10, 59.85, 10, 2019, '2019-11-07 17:20:58'),
(1998, 61, 10, 30, 10, 2019, '2019-11-07 17:21:10'),
(1999, 63, 10, 1.07, 10, 2019, '2019-11-07 17:21:24'),
(2000, 64, 10, 41.45, 10, 2019, '2019-11-07 17:21:36'),
(2001, 66, 10, 2.58, 10, 2019, '2019-11-07 17:22:01'),
(2002, 67, 10, 9, 10, 2019, '2019-11-07 17:22:16'),
(2003, 68, 10, 0.45, 10, 2019, '2019-11-07 17:22:28'),
(2004, 69, 10, 21.75, 10, 2019, '2019-11-07 17:22:40'),
(2005, 77, 10, 9, 10, 2019, '2019-11-07 17:22:56'),
(2006, 78, 10, 4.53, 10, 2019, '2019-11-07 17:23:08'),
(2007, 81, 10, 62, 10, 2019, '2019-11-07 17:23:28'),
(2008, 83, 10, 26, 10, 2019, '2019-11-07 17:23:44'),
(2009, 84, 10, 26, 10, 2019, '2019-11-07 17:23:56'),
(2010, 86, 10, 0.43, 10, 2019, '2019-11-07 17:24:11'),
(2011, 90, 10, 36, 10, 2019, '2019-11-07 17:24:33'),
(2012, 92, 10, 13.93, 10, 2019, '2019-11-07 17:25:46'),
(2013, 93, 10, 38.03, 10, 2019, '2019-11-07 17:25:58'),
(2014, 96, 10, 5.73, 10, 2019, '2019-11-07 17:26:10'),
(2015, 97, 10, 17, 10, 2019, '2019-11-07 17:26:54'),
(2016, 98, 10, 17, 10, 2019, '2019-11-07 17:27:10'),
(2017, 99, 10, 48.13, 10, 2019, '2019-11-07 17:27:32'),
(2018, 101, 10, 2.5, 10, 2019, '2019-11-07 17:27:44'),
(2019, 102, 10, 17.37, 10, 2019, '2019-11-07 17:28:04'),
(2020, 104, 10, 44, 10, 2019, '2019-11-07 17:28:29'),
(2021, 105, 10, 2.15, 10, 2019, '2019-11-07 17:28:41'),
(2022, 106, 10, 36.28, 10, 2019, '2019-11-07 17:29:00'),
(2023, 110, 10, 1.22, 10, 2019, '2019-11-07 17:29:32'),
(2024, 111, 10, 0.53, 10, 2019, '2019-11-07 17:31:57'),
(2025, 113, 10, 17, 10, 2019, '2019-11-07 17:32:11');
INSERT INTO `absenteismo` (`idAbsenteismo`, `idFuncionario`, `idUsuario`, `qtdHoras`, `mes`, `ano`, `dataLancamento`) VALUES
(2026, 117, 10, 2.88, 10, 2019, '2019-11-07 17:32:27'),
(2027, 119, 10, 7.79, 10, 2019, '2019-11-07 17:32:42'),
(2028, 120, 10, 98, 10, 2019, '2019-11-07 17:32:56'),
(2029, 121, 10, 52, 10, 2019, '2019-11-07 17:33:14'),
(2030, 126, 10, 3, 10, 2019, '2019-11-07 17:33:28'),
(2031, 127, 10, 11.75, 10, 2019, '2019-11-07 17:33:41'),
(2032, 131, 10, 31.28, 10, 2019, '2019-11-07 17:33:56'),
(2033, 134, 10, 4.17, 10, 2019, '2019-11-07 17:34:14'),
(2034, 136, 10, 3.25, 10, 2019, '2019-11-07 17:34:30'),
(2035, 137, 10, 1.32, 10, 2019, '2019-11-07 17:34:46'),
(2036, 138, 10, 19.33, 10, 2019, '2019-11-07 17:34:58'),
(2037, 139, 10, 44, 10, 2019, '2019-11-07 17:35:56'),
(2038, 140, 10, 6.33, 10, 2019, '2019-11-07 17:36:08'),
(2039, 141, 10, 4.73, 10, 2019, '2019-11-07 17:36:24'),
(2040, 146, 10, 0.13, 10, 2019, '2019-11-07 17:36:36'),
(2041, 147, 10, 19.03, 10, 2019, '2019-11-07 17:36:50'),
(2042, 148, 10, 4, 10, 2019, '2019-11-07 17:37:05'),
(2043, 149, 10, 58.97, 10, 2019, '2019-11-07 17:37:20'),
(2044, 157, 10, 17, 10, 2019, '2019-11-07 17:37:30'),
(2045, 159, 10, 52.12, 10, 2019, '2019-11-07 17:37:54'),
(2046, 162, 10, 18.88, 10, 2019, '2019-11-07 17:39:07'),
(2047, 163, 10, 10.72, 10, 2019, '2019-11-07 17:39:19'),
(2048, 165, 10, 14, 10, 2019, '2019-11-07 17:39:28'),
(2049, 166, 10, 1.67, 10, 2019, '2019-11-07 17:39:38'),
(2050, 170, 10, 50.9, 10, 2019, '2019-11-07 17:39:52'),
(2051, 171, 10, 11.5, 10, 2019, '2019-11-07 17:40:08'),
(2052, 172, 10, 89, 10, 2019, '2019-11-07 17:40:19'),
(2053, 173, 10, 14.62, 10, 2019, '2019-11-07 17:40:30'),
(2054, 176, 10, 44, 10, 2019, '2019-11-07 17:40:40'),
(2055, 180, 10, 9, 10, 2019, '2019-11-07 17:40:52'),
(2056, 185, 10, 6.88, 10, 2019, '2019-11-07 17:41:03'),
(2057, 187, 10, 9, 10, 2019, '2019-11-07 17:41:46'),
(2058, 188, 10, 8, 10, 2019, '2019-11-07 17:41:57'),
(2059, 189, 10, 83.78, 10, 2019, '2019-11-07 17:42:08'),
(2060, 190, 10, 4.9, 10, 2019, '2019-11-07 17:42:53'),
(2061, 194, 10, 17.28, 10, 2019, '2019-11-07 17:43:12'),
(2062, 195, 10, 2.77, 10, 2019, '2019-11-07 17:43:23'),
(2063, 199, 10, 10.82, 10, 2019, '2019-11-07 17:43:34'),
(2064, 200, 10, 6.53, 10, 2019, '2019-11-07 17:43:44'),
(2065, 207, 10, 0.17, 10, 2019, '2019-11-07 17:43:56'),
(2066, 209, 10, 49, 10, 2019, '2019-11-07 17:45:31'),
(2067, 210, 10, 0.88, 10, 2019, '2019-11-07 17:45:42'),
(2068, 211, 10, 0.17, 10, 2019, '2019-11-07 17:45:51'),
(2069, 212, 10, 5, 10, 2019, '2019-11-07 17:46:04'),
(2070, 213, 10, 8.92, 10, 2019, '2019-11-07 17:46:14'),
(2071, 215, 10, 4.52, 10, 2019, '2019-11-07 17:46:25'),
(2072, 217, 10, 1, 10, 2019, '2019-11-07 17:46:38'),
(2073, 218, 10, 11.13, 10, 2019, '2019-11-07 17:46:49'),
(2074, 219, 10, 13, 10, 2019, '2019-11-07 17:46:58'),
(2075, 220, 10, 18.33, 10, 2019, '2019-11-07 17:47:10'),
(2076, 222, 10, 5.13, 10, 2019, '2019-11-07 17:47:23'),
(2077, 225, 10, 8.02, 10, 2019, '2019-11-07 17:47:34'),
(2078, 232, 10, 9, 10, 2019, '2019-11-07 17:47:47'),
(2079, 234, 10, 8, 10, 2019, '2019-11-07 17:48:03'),
(2080, 235, 10, 8.18, 10, 2019, '2019-11-07 17:48:16'),
(2081, 236, 10, 46, 10, 2019, '2019-11-07 17:48:26'),
(2082, 238, 10, 8.13, 10, 2019, '2019-11-07 17:48:40'),
(2083, 239, 10, 12.55, 10, 2019, '2019-11-07 17:48:49'),
(2084, 240, 10, 7, 10, 2019, '2019-11-07 17:49:00'),
(2085, 245, 10, 17, 10, 2019, '2019-11-07 17:49:09'),
(2086, 251, 10, 8.92, 10, 2019, '2019-11-07 17:49:47'),
(2087, 256, 10, 8, 10, 2019, '2019-11-07 17:49:58'),
(2088, 249, 10, 17, 10, 2019, '2019-11-07 17:51:24'),
(2089, 258, 10, 2.5, 10, 2019, '2019-11-07 17:51:35'),
(2090, 252, 10, 4.15, 10, 2019, '2019-11-07 17:51:48'),
(2091, 257, 10, 1.8, 10, 2019, '2019-11-07 17:51:59'),
(2092, 254, 10, 9, 10, 2019, '2019-11-07 17:52:09'),
(2093, 265, 10, 1.02, 10, 2019, '2019-11-07 17:52:21'),
(2094, 2, 10, 13.08, 11, 2019, '2019-12-30 16:28:49'),
(2095, 3, 10, 2, 11, 2019, '2019-12-30 16:29:05'),
(2096, 6, 10, 17, 11, 2019, '2019-12-30 16:29:32'),
(2097, 8, 10, 48, 11, 2019, '2019-12-30 16:29:45'),
(2098, 10, 10, 9, 11, 2019, '2019-12-30 16:30:01'),
(2099, 11, 10, 5.48, 11, 2019, '2019-12-30 16:30:13'),
(2100, 12, 10, 9.08, 11, 2019, '2019-12-30 16:30:24'),
(2101, 13, 10, 2.57, 11, 2019, '2019-12-30 16:30:37'),
(2102, 15, 10, 4.25, 11, 2019, '2019-12-30 16:30:51'),
(2103, 16, 10, 3.17, 11, 2019, '2019-12-30 16:31:03'),
(2104, 17, 10, 6.4, 11, 2019, '2019-12-30 16:31:14'),
(2105, 18, 10, 2.17, 11, 2019, '2019-12-30 16:31:26'),
(2106, 26, 10, 48, 11, 2019, '2019-12-30 16:31:42'),
(2107, 27, 10, 6.53, 11, 2019, '2019-12-30 16:31:57'),
(2108, 28, 10, 9, 11, 2019, '2019-12-30 16:32:09'),
(2109, 30, 10, 8, 11, 2019, '2019-12-30 16:32:22'),
(2110, 35, 10, 14.6, 11, 2019, '2019-12-30 16:32:36'),
(2111, 36, 10, 9, 11, 2019, '2019-12-30 16:32:50'),
(2112, 37, 10, 17, 11, 2019, '2019-12-30 16:33:04'),
(2113, 38, 10, 29.42, 11, 2019, '2019-12-30 16:33:16'),
(2114, 40, 10, 47.02, 11, 2019, '2019-12-30 16:33:29'),
(2115, 41, 10, 89.7, 11, 2019, '2019-12-30 16:33:44'),
(2116, 42, 10, 3.83, 11, 2019, '2019-12-30 16:33:56'),
(2117, 44, 10, 53, 11, 2019, '2019-12-30 16:34:08'),
(2118, 45, 10, 2.58, 11, 2019, '2019-12-30 16:34:21'),
(2119, 47, 10, 9, 11, 2019, '2019-12-30 16:34:39'),
(2120, 49, 10, 3.68, 11, 2019, '2019-12-30 16:34:53'),
(2121, 54, 10, 17.67, 11, 2019, '2019-12-30 16:35:07'),
(2122, 56, 10, 3.4, 11, 2019, '2019-12-30 16:35:28'),
(2123, 57, 10, 8.05, 11, 2019, '2019-12-30 16:35:56'),
(2124, 60, 10, 52.25, 11, 2019, '2019-12-30 16:36:13'),
(2125, 61, 10, 60, 11, 2019, '2019-12-30 16:36:27'),
(2126, 63, 10, 4.5, 11, 2019, '2019-12-30 16:36:44'),
(2127, 64, 10, 20.58, 11, 2019, '2019-12-30 16:36:56'),
(2128, 65, 10, 2.2, 11, 2019, '2019-12-30 16:37:10'),
(2129, 66, 10, 3.95, 11, 2019, '2019-12-30 16:37:25'),
(2130, 69, 10, 9.62, 11, 2019, '2019-12-30 16:37:38'),
(2131, 70, 10, 2.83, 11, 2019, '2019-12-30 16:37:56'),
(2132, 72, 10, 1.9, 11, 2019, '2019-12-30 16:38:11'),
(2133, 74, 10, 0.17, 11, 2019, '2019-12-30 16:38:25'),
(2134, 75, 10, 71, 11, 2019, '2019-12-30 16:38:39'),
(2135, 76, 10, 3.17, 11, 2019, '2019-12-30 16:38:54'),
(2136, 78, 10, 3.33, 11, 2019, '2019-12-30 16:39:09'),
(2137, 81, 10, 5.65, 11, 2019, '2019-12-30 16:39:22'),
(2138, 82, 10, 2.38, 11, 2019, '2019-12-30 16:40:08'),
(2139, 83, 10, 27, 11, 2019, '2019-12-30 16:40:22'),
(2140, 84, 10, 68.45, 11, 2019, '2019-12-30 16:40:36'),
(2141, 86, 10, 20.88, 11, 2019, '2019-12-30 16:40:54'),
(2142, 91, 10, 4.17, 11, 2019, '2019-12-30 16:41:13'),
(2143, 92, 10, 13.65, 11, 2019, '2019-12-30 16:41:27'),
(2144, 95, 10, 4.03, 11, 2019, '2019-12-30 16:41:52'),
(2145, 96, 10, 4.08, 11, 2019, '2019-12-30 16:42:13'),
(2146, 98, 10, 7.82, 11, 2019, '2019-12-30 16:42:27'),
(2147, 99, 10, 31, 11, 2019, '2019-12-30 16:42:41'),
(2148, 101, 10, 26, 11, 2019, '2019-12-30 16:43:02'),
(2149, 102, 10, 12.83, 11, 2019, '2019-12-30 16:43:19'),
(2150, 104, 10, 12.73, 11, 2019, '2019-12-30 16:43:34'),
(2151, 105, 10, 32.48, 11, 2019, '2019-12-30 16:43:48'),
(2152, 106, 10, 6.92, 11, 2019, '2019-12-30 16:44:02'),
(2153, 107, 10, 18, 11, 2019, '2019-12-30 16:44:22'),
(2154, 109, 10, 9, 11, 2019, '2019-12-30 16:44:41'),
(2155, 110, 10, 3.68, 11, 2019, '2019-12-30 16:44:56'),
(2156, 112, 10, 21.17, 11, 2019, '2019-12-30 16:45:12'),
(2157, 114, 10, 0.75, 11, 2019, '2019-12-30 16:45:35'),
(2158, 115, 10, 8, 11, 2019, '2019-12-30 16:45:53'),
(2159, 117, 10, 5.37, 11, 2019, '2019-12-30 16:46:19'),
(2160, 119, 10, 1.57, 11, 2019, '2019-12-30 16:48:37'),
(2161, 120, 10, 76.25, 11, 2019, '2019-12-30 16:48:51'),
(2162, 121, 10, 10.77, 11, 2019, '2019-12-30 16:49:07'),
(2163, 124, 10, 5, 11, 2019, '2019-12-30 16:49:21'),
(2164, 125, 10, 3, 11, 2019, '2019-12-30 16:49:40'),
(2165, 126, 10, 2, 11, 2019, '2019-12-30 16:49:54'),
(2166, 127, 10, 8, 11, 2019, '2019-12-30 16:50:14'),
(2167, 128, 10, 9, 11, 2019, '2019-12-30 16:50:31'),
(2168, 129, 10, 4.7, 11, 2019, '2019-12-30 16:50:53'),
(2169, 131, 10, 84, 11, 2019, '2019-12-30 16:51:08'),
(2170, 132, 10, 4.08, 11, 2019, '2019-12-30 16:51:24'),
(2171, 136, 10, 27.5, 11, 2019, '2019-12-30 16:51:44'),
(2172, 137, 10, 4.5, 11, 2019, '2019-12-30 16:51:59'),
(2173, 138, 10, 44, 11, 2019, '2019-12-30 16:52:15'),
(2174, 139, 10, 9, 11, 2019, '2019-12-30 16:52:35'),
(2175, 140, 10, 18, 11, 2019, '2019-12-30 16:52:53'),
(2176, 141, 10, 1.13, 11, 2019, '2019-12-30 16:53:10'),
(2177, 143, 10, 1.13, 11, 2019, '2019-12-30 16:53:28'),
(2178, 145, 10, 8, 11, 2019, '2019-12-30 16:53:45'),
(2179, 146, 10, 11, 11, 2019, '2019-12-30 17:14:12'),
(2180, 147, 10, 9, 11, 2019, '2019-12-30 17:14:31'),
(2181, 148, 10, 4, 11, 2019, '2019-12-30 17:14:50'),
(2182, 149, 10, 43, 11, 2019, '2019-12-30 17:15:08'),
(2183, 152, 10, 6, 11, 2019, '2019-12-30 17:15:31'),
(2184, 156, 10, 1.7, 11, 2019, '2019-12-30 17:15:48'),
(2185, 159, 10, 40.43, 11, 2019, '2019-12-30 17:16:04'),
(2186, 161, 10, 2, 11, 2019, '2019-12-30 17:16:23'),
(2187, 162, 10, 10.73, 11, 2019, '2019-12-30 17:23:34'),
(2188, 163, 10, 5.7, 11, 2019, '2019-12-30 17:23:49'),
(2189, 166, 10, 15.58, 11, 2019, '2019-12-30 17:24:04'),
(2190, 171, 10, 26, 11, 2019, '2019-12-30 17:24:19'),
(2191, 172, 10, 36, 11, 2019, '2019-12-30 17:24:36'),
(2192, 173, 10, 10.58, 11, 2019, '2019-12-30 17:24:49'),
(2193, 174, 10, 35, 11, 2019, '2019-12-30 17:25:02'),
(2194, 175, 10, 13.08, 11, 2019, '2019-12-30 17:25:14'),
(2195, 176, 10, 44, 11, 2019, '2019-12-30 17:25:28'),
(2196, 177, 10, 8, 11, 2019, '2019-12-30 17:25:40'),
(2197, 178, 10, 160, 11, 2019, '2019-12-30 17:25:52'),
(2198, 179, 10, 9, 11, 2019, '2019-12-30 17:26:03'),
(2199, 182, 10, 9.62, 11, 2019, '2019-12-30 17:26:29'),
(2200, 185, 10, 19.95, 11, 2019, '2019-12-30 17:26:40'),
(2201, 187, 10, 9, 11, 2019, '2019-12-30 17:26:52'),
(2202, 188, 10, 10.72, 11, 2019, '2019-12-30 17:27:03'),
(2203, 189, 10, 172, 11, 2019, '2019-12-30 17:27:25'),
(2204, 190, 10, 1.7, 11, 2019, '2019-12-30 17:27:38'),
(2205, 192, 10, 9, 11, 2019, '2019-12-30 17:27:52'),
(2206, 194, 10, 40, 11, 2019, '2019-12-30 17:28:04'),
(2207, 197, 10, 8, 11, 2019, '2019-12-30 17:28:22'),
(2208, 199, 10, 27, 11, 2019, '2019-12-30 17:28:36'),
(2209, 200, 10, 2.93, 11, 2019, '2019-12-30 17:28:48'),
(2210, 201, 10, 0.67, 11, 2019, '2019-12-30 17:29:02'),
(2211, 208, 10, 1.45, 11, 2019, '2019-12-30 17:29:15'),
(2212, 209, 10, 7.9, 11, 2019, '2019-12-30 17:29:28'),
(2213, 210, 10, 5.3, 11, 2019, '2019-12-30 17:29:44'),
(2214, 211, 10, 2.72, 11, 2019, '2019-12-30 17:29:59'),
(2215, 212, 10, 6.65, 11, 2019, '2019-12-30 17:30:16'),
(2216, 213, 10, 20.17, 11, 2019, '2019-12-30 17:30:28'),
(2217, 214, 10, 26, 11, 2019, '2019-12-30 17:30:45'),
(2218, 215, 10, 5.62, 11, 2019, '2019-12-30 17:31:00'),
(2219, 217, 10, 9, 11, 2019, '2019-12-30 17:31:12'),
(2220, 218, 10, 6.43, 11, 2019, '2019-12-30 17:31:23'),
(2221, 219, 10, 2.5, 11, 2019, '2019-12-30 17:31:35'),
(2222, 220, 10, 4, 11, 2019, '2019-12-30 17:31:48'),
(2223, 222, 10, 16.95, 11, 2019, '2019-12-30 17:32:00'),
(2224, 224, 10, 6, 11, 2019, '2019-12-30 17:32:13'),
(2225, 229, 10, 2.25, 11, 2019, '2019-12-30 17:32:31'),
(2226, 232, 10, 3.92, 11, 2019, '2019-12-30 17:32:45'),
(2227, 233, 10, 27, 11, 2019, '2019-12-30 17:33:00'),
(2228, 234, 10, 8, 11, 2019, '2019-12-30 17:33:13'),
(2229, 235, 10, 17.9, 11, 2019, '2019-12-30 17:33:24'),
(2230, 236, 10, 4.82, 11, 2019, '2019-12-30 17:33:37'),
(2231, 237, 10, 6, 11, 2019, '2019-12-30 17:33:52'),
(2232, 238, 10, 14.15, 11, 2019, '2019-12-30 17:34:03'),
(2233, 239, 10, 10.33, 11, 2019, '2019-12-30 17:34:15'),
(2234, 240, 10, 16.88, 11, 2019, '2019-12-30 17:34:26'),
(2235, 245, 10, 12.98, 11, 2019, '2019-12-30 17:34:38'),
(2236, 248, 10, 18.75, 11, 2019, '2019-12-30 17:34:51'),
(2237, 256, 10, 3.87, 11, 2019, '2019-12-30 17:35:09'),
(2238, 249, 10, 8.25, 11, 2019, '2019-12-30 17:35:20'),
(2239, 255, 10, 1.2, 11, 2019, '2019-12-30 17:35:35'),
(2240, 258, 10, 2.85, 11, 2019, '2019-12-30 17:35:49'),
(2241, 252, 10, 15, 11, 2019, '2019-12-30 17:36:05'),
(2242, 253, 10, 9, 11, 2019, '2019-12-30 17:36:19'),
(2243, 257, 10, 1.13, 11, 2019, '2019-12-30 17:36:30'),
(2244, 254, 10, 9.55, 11, 2019, '2019-12-30 17:36:42'),
(2245, 261, 10, 0.82, 11, 2019, '2019-12-30 17:36:52'),
(2246, 263, 10, 8.33, 11, 2019, '2019-12-30 17:37:04'),
(2247, 266, 10, 2.23, 11, 2019, '2019-12-30 17:58:10'),
(2248, 267, 10, 8, 11, 2019, '2019-12-30 17:58:28');

-- --------------------------------------------------------

--
-- Estrutura para tabela `aproveitamento`
--

CREATE TABLE `aproveitamento` (
  `idAproveitamento` int(11) NOT NULL,
  `idUsuario` int(11) DEFAULT NULL,
  `idFuncionario` int(11) DEFAULT NULL,
  `idUsuarioUltimaAlteracao` int(11) DEFAULT NULL,
  `semestre` int(11) DEFAULT NULL,
  `ano` int(11) DEFAULT NULL,
  `dataLancamento` timestamp NOT NULL DEFAULT CURRENT_TIMESTAMP ON UPDATE CURRENT_TIMESTAMP,
  `dataUltimaAlteracao` timestamp NOT NULL DEFAULT '0000-00-00 00:00:00',
  `horasAbsenteismo` float DEFAULT NULL,
  `maxHorasAbsenteismo` float DEFAULT NULL,
  `maxFatorDisciplinar` float DEFAULT NULL,
  `pesoDesempenho` float DEFAULT NULL,
  `pesoAbsenteismo` float DEFAULT NULL,
  `pesoFatorDisciplinar` float DEFAULT NULL,
  `fatorDisciplinar` float DEFAULT NULL,
  `indiceDesempenho` float DEFAULT NULL,
  `indiceCargaHoraria` float DEFAULT NULL,
  `indiceAbsenteismo` float DEFAULT NULL,
  `indiceDisciplinar` float DEFAULT NULL,
  `indiceAproveitamento` float DEFAULT NULL
) ENGINE=InnoDB DEFAULT CHARSET=utf8;

--
-- Fazendo dump de dados para tabela `aproveitamento`
--

INSERT INTO `aproveitamento` (`idAproveitamento`, `idUsuario`, `idFuncionario`, `idUsuarioUltimaAlteracao`, `semestre`, `ano`, `dataLancamento`, `dataUltimaAlteracao`, `horasAbsenteismo`, `maxHorasAbsenteismo`, `maxFatorDisciplinar`, `pesoDesempenho`, `pesoAbsenteismo`, `pesoFatorDisciplinar`, `fatorDisciplinar`, `indiceDesempenho`, `indiceCargaHoraria`, `indiceAbsenteismo`, `indiceDisciplinar`, `indiceAproveitamento`) VALUES
(658, 2, 1, NULL, 2, 2018, '2019-05-02 19:34:00', '0000-00-00 00:00:00', 19.8, 695.94, 6, 3, 2, 1, 0, 0.912, 1, 0.971549, 1, 0.946516),
(659, 2, 2, NULL, 2, 2018, '2019-05-02 19:34:00', '0000-00-00 00:00:00', 92.39, 695.94, 6, 3, 2, 1, 0, 0.737, 1, 0.867244, 1, 0.824248),
(660, 2, 3, NULL, 2, 2018, '2019-05-02 19:34:00', '0000-00-00 00:00:00', 22.35, 695.94, 6, 3, 2, 1, 0, 0.743, 1, 0.967885, 1, 0.860795),
(661, 2, 4, NULL, 2, 2018, '2019-05-02 19:34:00', '0000-00-00 00:00:00', 295.73, 695.94, 6, 3, 2, 1, 0, 0.757, 1, 0.575064, 1, 0.736855),
(662, 2, 5, NULL, 2, 2018, '2019-05-02 19:34:00', '0000-00-00 00:00:00', 18, 695.94, 6, 3, 2, 1, 0, 0.837, 1.22222, 0.968388, 1, 0.907963),
(663, 2, 6, NULL, 2, 2018, '2019-05-02 19:34:00', '0000-00-00 00:00:00', 354.58, 695.94, 6, 3, 2, 1, 0, 0.641, 1, 0.490502, 1, 0.650667),
(664, 2, 7, NULL, 2, 2018, '2019-05-02 19:34:00', '0000-00-00 00:00:00', 44.5, 695.94, 6, 3, 2, 1, 0, 0.747, 1, 0.936058, 1, 0.852186),
(665, 2, 8, NULL, 2, 2018, '2019-05-02 19:34:00', '0000-00-00 00:00:00', 0, 695.94, 6, 3, 2, 1, 3, 0.775, 1.22222, 1, 0.5, 0.804167),
(666, 2, 9, NULL, 2, 2018, '2019-05-02 19:34:00', '0000-00-00 00:00:00', 0.42, 695.94, 6, 3, 2, 1, 0, 0.841, 1.22222, 0.999262, 1, 0.920254),
(667, 2, 11, NULL, 2, 2018, '2019-05-02 19:34:00', '0000-00-00 00:00:00', 26.34, 695.94, 6, 3, 2, 1, 0, 0.781, 1, 0.962152, 1, 0.877884),
(668, 2, 12, NULL, 2, 2018, '2019-05-02 19:34:00', '0000-00-00 00:00:00', 30.53, 695.94, 6, 3, 2, 1, 0, 0.949, 1, 0.956131, 1, 0.959877),
(669, 2, 13, NULL, 2, 2018, '2019-05-02 19:34:00', '0000-00-00 00:00:00', 142.58, 695.94, 6, 3, 2, 1, 0, 0.818, 1, 0.795126, 1, 0.840709),
(670, 2, 14, NULL, 2, 2018, '2019-05-02 19:34:00', '0000-00-00 00:00:00', 7.75, 695.94, 6, 3, 2, 1, 0, 0.88, 1.22222, 0.986389, 1, 0.935463),
(671, 2, 15, NULL, 2, 2018, '2019-05-02 19:34:00', '0000-00-00 00:00:00', 0, 695.94, 6, 3, 2, 1, 0, 0.772, 1, 1, 1, 0.886),
(672, 2, 16, NULL, 2, 2018, '2019-05-02 19:34:01', '0000-00-00 00:00:00', 29.17, 695.94, 6, 3, 2, 1, 0, 0.722, 1, 0.958085, 1, 0.847028),
(673, 2, 17, NULL, 2, 2018, '2019-05-02 19:34:01', '0000-00-00 00:00:00', 31.27, 695.94, 6, 3, 2, 1, 0, 0.787, 1, 0.955068, 1, 0.878523),
(674, 2, 18, NULL, 2, 2018, '2019-05-02 19:34:01', '0000-00-00 00:00:00', 31.42, 695.94, 6, 3, 2, 1, 0, 0.809, 1, 0.954852, 1, 0.889451),
(675, 2, 20, NULL, 2, 2018, '2019-05-02 19:34:01', '0000-00-00 00:00:00', 10.6, 695.94, 6, 3, 2, 1, 0, 0.788, 1, 0.984769, 1, 0.888923),
(676, 2, 21, NULL, 2, 2018, '2019-05-02 19:34:01', '0000-00-00 00:00:00', 5.38, 695.94, 6, 3, 2, 1, 0, 0.744, 1, 0.992269, 1, 0.869423),
(677, 2, 22, NULL, 2, 2018, '2019-05-02 19:34:01', '0000-00-00 00:00:00', 56.16, 695.94, 6, 3, 2, 1, 0, 0.776, 1, 0.919303, 1, 0.861101),
(678, 2, 24, NULL, 2, 2018, '2019-05-02 19:34:01', '0000-00-00 00:00:00', 63.75, 695.94, 6, 3, 2, 1, 0, 0.82, 1, 0.908397, 1, 0.879466),
(679, 2, 25, NULL, 2, 2018, '2019-05-02 19:34:01', '0000-00-00 00:00:00', 46.89, 695.94, 6, 3, 2, 1, 0, 0.941, 1, 0.932624, 1, 0.948041),
(680, 2, 26, NULL, 2, 2018, '2019-05-02 19:34:01', '0000-00-00 00:00:00', 7.31, 695.94, 6, 3, 2, 1, 0, 0.855, 1.22222, 0.987162, 1, 0.923221),
(681, 2, 27, NULL, 2, 2018, '2019-05-02 19:34:01', '0000-00-00 00:00:00', 47.11, 695.94, 6, 3, 2, 1, 0, 0.938, 1, 0.932307, 1, 0.946436),
(682, 2, 28, NULL, 2, 2018, '2019-05-02 19:34:01', '0000-00-00 00:00:00', 16.65, 695.94, 6, 3, 2, 1, 0, 0.908, 1, 0.976076, 1, 0.946025),
(683, 2, 29, NULL, 2, 2018, '2019-05-02 19:34:01', '0000-00-00 00:00:00', 11.66, 695.94, 6, 3, 2, 1, 0, 0.746, 1, 0.983246, 1, 0.867415),
(684, 2, 30, NULL, 2, 2018, '2019-05-02 19:34:01', '0000-00-00 00:00:00', 51.28, 695.94, 6, 3, 2, 1, 0, 0.917, 1, 0.926315, 1, 0.933939),
(685, 2, 31, NULL, 2, 2018, '2019-05-02 19:34:01', '0000-00-00 00:00:00', 25.23, 695.94, 6, 3, 2, 1, 0, 0.81, 1, 0.963747, 1, 0.892916),
(686, 2, 32, NULL, 2, 2018, '2019-05-02 19:34:01', '0000-00-00 00:00:00', 0, 695.94, 6, 3, 2, 1, 0, 0.905, 1.22222, 1, 1, 0.9525),
(687, 2, 33, NULL, 2, 2018, '2019-05-02 19:34:02', '0000-00-00 00:00:00', 34.81, 695.94, 6, 3, 2, 1, 0, 0.89, 1.22222, 0.938866, 1, 0.924622),
(688, 2, 34, NULL, 2, 2018, '2019-05-02 19:34:02', '0000-00-00 00:00:00', 1.5, 695.94, 6, 3, 2, 1, 0, 0.938, 1, 0.997845, 1, 0.968282),
(689, 2, 35, NULL, 2, 2018, '2019-05-02 19:34:02', '0000-00-00 00:00:00', 71.08, 695.94, 6, 3, 2, 1, 0, 0.803, 1, 0.897865, 1, 0.867455),
(690, 2, 36, NULL, 2, 2018, '2019-05-02 19:34:02', '0000-00-00 00:00:00', 97.74, 695.94, 6, 3, 2, 1, 0, 0.882, 1, 0.859557, 1, 0.894186),
(691, 2, 37, NULL, 2, 2018, '2019-05-02 19:34:02', '0000-00-00 00:00:00', 96.84, 695.94, 6, 3, 2, 1, 1, 0.748, 1, 0.86085, 0.833333, 0.799839),
(692, 2, 38, NULL, 2, 2018, '2019-05-02 19:34:02', '0000-00-00 00:00:00', 244.2, 695.94, 6, 3, 2, 1, 0, 0.794, 1, 0.649108, 1, 0.780036),
(693, 2, 39, NULL, 2, 2018, '2019-05-02 19:34:02', '0000-00-00 00:00:00', 60, 695.94, 6, 3, 2, 1, 0, 0.833, 1.22222, 0.894627, 1, 0.881376),
(694, 2, 40, NULL, 2, 2018, '2019-05-02 19:34:02', '0000-00-00 00:00:00', 33.86, 695.94, 6, 3, 2, 1, 0, 0.814, 1, 0.951346, 1, 0.890782),
(695, 2, 41, NULL, 2, 2018, '2019-05-02 19:34:02', '0000-00-00 00:00:00', 13.83, 695.94, 6, 3, 2, 1, 0, 0.819, 1, 0.980128, 1, 0.902876),
(696, 2, 42, NULL, 2, 2018, '2019-05-02 19:34:03', '0000-00-00 00:00:00', 32.69, 695.94, 6, 3, 2, 1, 0, 0.904, 1, 0.953028, 1, 0.936343),
(697, 2, 44, NULL, 2, 2018, '2019-05-02 19:34:03', '0000-00-00 00:00:00', 160.32, 695.94, 6, 3, 2, 1, 0, 0.672, 1, 0.769635, 1, 0.759212),
(698, 2, 45, NULL, 2, 2018, '2019-05-02 19:34:03', '0000-00-00 00:00:00', 46.5, 695.94, 6, 3, 2, 1, 0, 0.926, 1, 0.933184, 1, 0.940728),
(699, 2, 46, NULL, 2, 2018, '2019-05-02 19:34:03', '0000-00-00 00:00:00', 206, 695.94, 6, 3, 2, 1, 0, 0.796, 1, 0.703997, 1, 0.799332),
(700, 2, 47, NULL, 2, 2018, '2019-05-02 19:34:03', '0000-00-00 00:00:00', 141.75, 695.94, 6, 3, 2, 1, 0, 0.726, 1, 0.796319, 1, 0.795106),
(701, 2, 48, NULL, 2, 2018, '2019-05-02 19:34:03', '0000-00-00 00:00:00', 0, 695.94, 6, 3, 2, 1, 0, 0.9, 1.22222, 1, 1, 0.95),
(702, 2, 49, NULL, 2, 2018, '2019-05-02 19:34:03', '0000-00-00 00:00:00', 19.74, 695.94, 6, 3, 2, 1, 0, 0.83, 1, 0.971635, 1, 0.905545),
(703, 2, 50, NULL, 2, 2018, '2019-05-02 19:34:03', '0000-00-00 00:00:00', 30, 695.94, 6, 3, 2, 1, 0, 0.907, 1, 0.956893, 1, 0.939131),
(704, 2, 51, NULL, 2, 2018, '2019-05-02 19:34:03', '0000-00-00 00:00:00', 0, 695.94, 6, 3, 2, 1, 0, 0.86, 1.22222, 1, 1, 0.93),
(705, 2, 52, NULL, 2, 2018, '2019-05-02 19:34:03', '0000-00-00 00:00:00', 0, 695.94, 6, 3, 2, 1, 0, 0.857, 1.22222, 1, 1, 0.9285),
(706, 2, 53, NULL, 2, 2018, '2019-05-02 19:34:03', '0000-00-00 00:00:00', 12.83, 695.94, 6, 3, 2, 1, 0, 0.82, 1.22222, 0.977468, 1, 0.902489),
(707, 2, 54, NULL, 2, 2018, '2019-05-02 19:34:03', '0000-00-00 00:00:00', 129.82, 695.94, 6, 3, 2, 1, 0, 0.761, 1, 0.813461, 1, 0.81832),
(708, 2, 55, NULL, 2, 2018, '2019-05-02 19:34:03', '0000-00-00 00:00:00', 37.37, 695.94, 6, 3, 2, 1, 0, 0.901, 1, 0.946303, 1, 0.932601),
(709, 2, 56, NULL, 2, 2018, '2019-05-02 19:34:03', '0000-00-00 00:00:00', 172.67, 695.94, 6, 3, 2, 1, 0, 0.83, 1, 0.75189, 1, 0.832296),
(710, 2, 57, NULL, 2, 2018, '2019-05-02 19:34:04', '0000-00-00 00:00:00', 50.36, 695.94, 6, 3, 2, 1, 0, 0.905, 1, 0.927637, 1, 0.928379),
(711, 2, 58, NULL, 2, 2018, '2019-05-02 19:34:04', '0000-00-00 00:00:00', 29.24, 695.94, 6, 3, 2, 1, 0, 0.931, 1, 0.957985, 1, 0.951495),
(712, 2, 59, NULL, 2, 2018, '2019-05-02 19:34:04', '0000-00-00 00:00:00', 37.38, 695.94, 6, 3, 2, 1, 0, 0.708, 1, 0.946288, 1, 0.836096),
(713, 2, 60, NULL, 2, 2018, '2019-05-02 19:34:04', '0000-00-00 00:00:00', 73.93, 695.94, 6, 3, 2, 1, 0, 0.645, 1, 0.89377, 1, 0.78709),
(714, 2, 61, NULL, 2, 2018, '2019-05-02 19:34:04', '0000-00-00 00:00:00', 95, 695.94, 6, 3, 2, 1, 0, 0.799, 1.22222, 0.833159, 1, 0.843886),
(715, 2, 62, NULL, 2, 2018, '2019-05-02 19:34:04', '0000-00-00 00:00:00', 22, 695.94, 6, 3, 2, 1, 0, 0.903, 1, 0.968388, 1, 0.940963),
(716, 2, 63, NULL, 2, 2018, '2019-05-02 19:34:04', '0000-00-00 00:00:00', 30.63, 695.94, 6, 3, 2, 1, 0, 0.75, 1, 0.955988, 1, 0.860329),
(717, 2, 64, NULL, 2, 2018, '2019-05-02 19:34:04', '0000-00-00 00:00:00', 155.21, 695.94, 6, 3, 2, 1, 0, 0.751, 1, 0.776978, 1, 0.801159),
(718, 2, 65, NULL, 2, 2018, '2019-05-02 19:34:04', '0000-00-00 00:00:00', 11.5, 695.94, 6, 3, 2, 1, 0, 0.895, 1, 0.983476, 1, 0.941992),
(719, 2, 66, NULL, 2, 2018, '2019-05-02 19:34:04', '0000-00-00 00:00:00', 28.06, 695.94, 6, 3, 2, 1, 0, 0.93, 1, 0.95968, 1, 0.95156),
(720, 2, 67, NULL, 2, 2018, '2019-05-02 19:34:04', '0000-00-00 00:00:00', 3, 695.94, 6, 3, 2, 1, 0, 0.959, 1, 0.995689, 1, 0.978063),
(721, 2, 68, NULL, 2, 2018, '2019-05-02 19:34:04', '0000-00-00 00:00:00', 9.83, 695.94, 6, 3, 2, 1, 0, 0.802, 1, 0.985875, 1, 0.896292),
(722, 2, 69, NULL, 2, 2018, '2019-05-02 19:34:04', '0000-00-00 00:00:00', 104.08, 695.94, 6, 3, 2, 1, 0, 0.794, 1, 0.850447, 1, 0.847149),
(723, 2, 70, NULL, 2, 2018, '2019-05-02 19:34:04', '0000-00-00 00:00:00', 94.66, 695.94, 6, 3, 2, 1, 0, 0.803, 1, 0.863982, 1, 0.856161),
(724, 2, 71, NULL, 2, 2018, '2019-05-02 19:34:05', '0000-00-00 00:00:00', 236.66, 695.94, 6, 3, 2, 1, 0, 0.821, 1, 0.659942, 1, 0.797147),
(725, 2, 72, NULL, 2, 2018, '2019-05-02 19:34:05', '0000-00-00 00:00:00', 101, 695.94, 6, 3, 2, 1, 0, 0.883, 1, 0.854873, 1, 0.893124),
(726, 2, 73, NULL, 2, 2018, '2019-05-02 19:34:05', '0000-00-00 00:00:00', 53.49, 695.94, 6, 3, 2, 1, 0, 0.859, 1, 0.92314, 1, 0.90388),
(727, 2, 74, NULL, 2, 2018, '2019-05-02 19:34:05', '0000-00-00 00:00:00', 39.77, 695.94, 6, 3, 2, 1, 0, 0.954, 1, 0.942854, 1, 0.957951),
(728, 2, 75, NULL, 2, 2018, '2019-05-02 19:34:05', '0000-00-00 00:00:00', 13.8, 695.94, 6, 3, 2, 1, 0, 0.711, 1, 0.980171, 1, 0.84889),
(729, 2, 76, NULL, 2, 2018, '2019-05-02 19:34:05', '0000-00-00 00:00:00', 23.19, 695.94, 6, 3, 2, 1, 0, 0.793, 1, 0.966678, 1, 0.885393),
(730, 2, 77, NULL, 2, 2018, '2019-05-02 19:34:05', '0000-00-00 00:00:00', 2.25, 695.94, 6, 3, 2, 1, 0, 0.808, 1.22222, 0.996049, 1, 0.902683),
(731, 2, 78, NULL, 2, 2018, '2019-05-02 19:34:05', '0000-00-00 00:00:00', 41.96, 695.94, 6, 3, 2, 1, 0, 0.885, 1, 0.939707, 1, 0.922403),
(732, 2, 79, NULL, 2, 2018, '2019-05-02 19:34:05', '0000-00-00 00:00:00', 20.91, 695.94, 6, 3, 2, 1, 0, 0.877, 1, 0.969954, 1, 0.928485),
(733, 2, 80, NULL, 2, 2018, '2019-05-02 19:34:05', '0000-00-00 00:00:00', 2.51, 695.94, 6, 3, 2, 1, 0, 0.957, 1, 0.996393, 1, 0.977298),
(734, 2, 81, NULL, 2, 2018, '2019-05-02 19:34:05', '0000-00-00 00:00:00', 33.83, 695.94, 6, 3, 2, 1, 0, 0.721, 1, 0.951389, 1, 0.844297),
(735, 2, 82, NULL, 2, 2018, '2019-05-02 19:34:05', '0000-00-00 00:00:00', 30.59, 695.94, 6, 3, 2, 1, 0, 0.822, 1, 0.956045, 1, 0.896348),
(736, 2, 83, NULL, 2, 2018, '2019-05-02 19:34:05', '0000-00-00 00:00:00', 178.9, 695.94, 6, 3, 2, 1, 0, 0.847, 1, 0.742938, 1, 0.837813),
(737, 2, 85, NULL, 2, 2018, '2019-05-02 19:34:05', '0000-00-00 00:00:00', 2.2, 695.94, 6, 3, 2, 1, 0, 0.793, 1, 0.996839, 1, 0.895446),
(738, 2, 86, NULL, 2, 2018, '2019-05-02 19:34:05', '0000-00-00 00:00:00', 150.37, 695.94, 6, 3, 2, 1, 0, 0.815, 1, 0.783933, 1, 0.835478),
(739, 2, 87, NULL, 2, 2018, '2019-05-02 19:34:05', '0000-00-00 00:00:00', 3.15, 695.94, 6, 3, 2, 1, 0, 0.771, 1, 0.995474, 1, 0.883991),
(740, 2, 88, NULL, 2, 2018, '2019-05-02 19:34:05', '0000-00-00 00:00:00', 8, 695.94, 6, 3, 2, 1, 0, 0.79, 1, 0.988505, 1, 0.891168),
(741, 2, 89, NULL, 2, 2018, '2019-05-02 19:34:05', '0000-00-00 00:00:00', 161.8, 695.94, 6, 3, 2, 1, 0, 0.736, 1, 0.767509, 1, 0.790503),
(742, 2, 90, NULL, 2, 2018, '2019-05-02 19:34:06', '0000-00-00 00:00:00', 26.75, 695.94, 6, 3, 2, 1, 0, 0.936, 1, 0.961563, 1, 0.955188),
(743, 2, 91, NULL, 2, 2018, '2019-05-02 19:34:06', '0000-00-00 00:00:00', 33.5, 695.94, 6, 3, 2, 1, 0, 0.803, 1, 0.951864, 1, 0.885455),
(744, 2, 92, NULL, 2, 2018, '2019-05-02 19:34:06', '0000-00-00 00:00:00', 58.75, 695.94, 6, 3, 2, 1, 0, 0.795, 1, 0.915582, 1, 0.869361),
(745, 2, 95, NULL, 2, 2018, '2019-05-02 19:34:06', '0000-00-00 00:00:00', 4.66, 695.94, 6, 3, 2, 1, 0, 0.895, 1, 0.993304, 1, 0.945268),
(746, 2, 93, NULL, 2, 2018, '2019-05-02 19:34:06', '0000-00-00 00:00:00', 21, 695.94, 6, 3, 2, 1, 0, 0.887, 1, 0.969825, 1, 0.933442),
(747, 2, 94, NULL, 2, 2018, '2019-05-02 19:34:06', '0000-00-00 00:00:00', 9.25, 695.94, 6, 3, 2, 1, 0, 0.923, 1, 0.986709, 1, 0.95707),
(748, 2, 96, NULL, 2, 2018, '2019-05-02 19:34:07', '0000-00-00 00:00:00', 6.28, 695.94, 6, 3, 2, 1, 0, 0.797, 1, 0.990976, 1, 0.895492),
(749, 2, 97, NULL, 2, 2018, '2019-05-02 19:34:07', '0000-00-00 00:00:00', 53.72, 695.94, 6, 3, 2, 1, 0, 0.763, 1, 0.922809, 1, 0.85577),
(750, 2, 98, NULL, 2, 2018, '2019-05-02 19:34:07', '0000-00-00 00:00:00', 105.77, 695.94, 6, 3, 2, 1, 0, 0.895, 1, 0.848019, 1, 0.896839),
(751, 2, 99, NULL, 2, 2018, '2019-05-02 19:34:07', '0000-00-00 00:00:00', 212.57, 695.94, 6, 3, 2, 1, 0, 0.776, 1, 0.694557, 1, 0.786186),
(752, 2, 101, NULL, 2, 2018, '2019-05-02 19:34:08', '0000-00-00 00:00:00', 58.93, 695.94, 6, 3, 2, 1, 0, 0.772, 1, 0.915323, 1, 0.857774),
(753, 2, 102, NULL, 2, 2018, '2019-05-02 19:34:08', '0000-00-00 00:00:00', 116.62, 695.94, 6, 3, 2, 1, 0, 0.778, 1, 0.832428, 1, 0.833143),
(754, 2, 103, NULL, 2, 2018, '2019-05-02 19:34:08', '0000-00-00 00:00:00', 25.5, 695.94, 6, 3, 2, 1, 0, 0.838, 1, 0.963359, 1, 0.906786),
(755, 2, 104, NULL, 2, 2018, '2019-05-02 19:34:08', '0000-00-00 00:00:00', 176.21, 695.94, 6, 3, 2, 1, 0, 0.712, 1, 0.746803, 1, 0.771601),
(756, 2, 105, NULL, 2, 2018, '2019-05-02 19:34:09', '0000-00-00 00:00:00', 78.97, 695.94, 6, 3, 2, 1, 0, 0.907, 1, 0.886528, 1, 0.915676),
(757, 2, 106, NULL, 2, 2018, '2019-05-02 19:34:09', '0000-00-00 00:00:00', 83.57, 695.94, 6, 3, 2, 1, 0, 0.891, 1, 0.879918, 1, 0.905473),
(758, 2, 107, NULL, 2, 2018, '2019-05-02 19:34:09', '0000-00-00 00:00:00', 53, 695.94, 6, 3, 2, 1, 0, 0.953, 1, 0.923844, 1, 0.951115),
(759, 2, 108, NULL, 2, 2018, '2019-05-02 19:34:09', '0000-00-00 00:00:00', 24.42, 695.94, 6, 3, 2, 1, 0, 0.825, 1, 0.964911, 1, 0.900804),
(760, 2, 109, NULL, 2, 2018, '2019-05-02 19:34:10', '0000-00-00 00:00:00', 19.91, 695.94, 6, 3, 2, 1, 0, 0.926, 1, 0.971391, 1, 0.953464),
(761, 2, 110, NULL, 2, 2018, '2019-05-02 19:34:10', '0000-00-00 00:00:00', 20.16, 695.94, 6, 3, 2, 1, 0, 0.735, 1, 0.971032, 1, 0.857844),
(762, 2, 111, NULL, 2, 2018, '2019-05-02 19:34:10', '0000-00-00 00:00:00', 29.73, 695.94, 6, 3, 2, 1, 0, 0.775, 1, 0.957281, 1, 0.87326),
(763, 2, 113, NULL, 2, 2018, '2019-05-02 19:34:11', '0000-00-00 00:00:00', 31.25, 695.94, 6, 3, 2, 1, 0, 0.799, 1, 0.955097, 1, 0.884532),
(764, 2, 114, NULL, 2, 2018, '2019-05-02 19:34:11', '0000-00-00 00:00:00', 52.57, 695.94, 6, 3, 2, 1, 0, 0.794, 1, 0.924462, 1, 0.871821),
(765, 2, 115, NULL, 2, 2018, '2019-05-02 19:34:11', '0000-00-00 00:00:00', 71, 695.94, 6, 3, 2, 1, 0, 0.887, 1, 0.89798, 1, 0.909493),
(766, 2, 116, NULL, 2, 2018, '2019-05-02 19:34:11', '0000-00-00 00:00:00', 41.83, 695.94, 6, 3, 2, 1, 0, 0.94, 1, 0.939894, 1, 0.949965),
(767, 2, 117, NULL, 2, 2018, '2019-05-02 19:34:12', '0000-00-00 00:00:00', 160.11, 695.94, 6, 3, 2, 1, 0, 0.578, 1, 0.769937, 1, 0.712312),
(768, 2, 118, NULL, 2, 2018, '2019-05-02 19:34:12', '0000-00-00 00:00:00', 286.17, 695.94, 6, 3, 2, 1, 6, 0.484, 1, 0.588801, 0, 0.438267),
(769, 2, 119, NULL, 2, 2018, '2019-05-02 19:34:12', '0000-00-00 00:00:00', 255, 695.94, 6, 3, 2, 1, 0, 0.793, 1, 0.633589, 1, 0.774363),
(770, 2, 121, NULL, 2, 2018, '2019-05-02 19:34:12', '0000-00-00 00:00:00', 86.82, 695.94, 6, 3, 2, 1, 0, 0.953, 1, 0.875248, 1, 0.934916),
(771, 2, 122, NULL, 2, 2018, '2019-05-02 19:34:12', '0000-00-00 00:00:00', 0, 695.94, 6, 3, 2, 1, 0, 0.852, 1, 1, 1, 0.926),
(772, 2, 123, NULL, 2, 2018, '2019-05-02 19:34:13', '0000-00-00 00:00:00', 64.63, 695.94, 6, 3, 2, 1, 0, 0.901, 1, 0.907133, 1, 0.919544),
(773, 2, 124, NULL, 2, 2018, '2019-05-02 19:34:13', '0000-00-00 00:00:00', 49.54, 695.94, 6, 3, 2, 1, 0, 0.903, 1, 0.928816, 1, 0.927772),
(774, 2, 125, NULL, 2, 2018, '2019-05-02 19:34:13', '0000-00-00 00:00:00', 29.79, 695.94, 6, 3, 2, 1, 0, 0.823, 1, 0.957195, 1, 0.897232),
(775, 2, 126, NULL, 2, 2018, '2019-05-02 19:34:13', '0000-00-00 00:00:00', 10.28, 695.94, 6, 3, 2, 1, 0, 0.788, 1, 0.985229, 1, 0.889076),
(776, 2, 127, NULL, 2, 2018, '2019-05-02 19:34:14', '0000-00-00 00:00:00', 46.83, 695.94, 6, 3, 2, 1, 0, 0.914, 1, 0.93271, 1, 0.93457),
(777, 2, 128, NULL, 2, 2018, '2019-05-02 19:34:14', '0000-00-00 00:00:00', 159, 695.94, 6, 3, 2, 1, 0, 0.803, 1, 0.771532, 1, 0.825344),
(778, 2, 129, NULL, 2, 2018, '2019-05-02 19:34:14', '0000-00-00 00:00:00', 0, 695.94, 6, 3, 2, 1, 0, 0.644, 1, 1, 1, 0.822),
(779, 2, 130, NULL, 2, 2018, '2019-05-02 19:34:14', '0000-00-00 00:00:00', 44, 695.94, 6, 3, 2, 1, 0, 0.945, 1, 0.936776, 1, 0.951425),
(780, 2, 131, NULL, 2, 2018, '2019-05-02 19:34:14', '0000-00-00 00:00:00', 155.39, 695.94, 6, 3, 2, 1, 0, 0.757, 1, 0.776719, 1, 0.804073),
(781, 2, 132, NULL, 2, 2018, '2019-05-02 19:34:15', '0000-00-00 00:00:00', 49, 695.94, 6, 3, 2, 1, 0, 0.832, 1, 0.929592, 1, 0.892531),
(782, 2, 133, NULL, 2, 2018, '2019-05-02 19:34:15', '0000-00-00 00:00:00', 35.54, 695.94, 6, 3, 2, 1, 0, 0.935, 1, 0.948932, 1, 0.950477),
(783, 2, 134, NULL, 2, 2018, '2019-05-02 19:34:15', '0000-00-00 00:00:00', 44.25, 695.94, 6, 3, 2, 1, 0, 0.892, 1, 0.936417, 1, 0.924806),
(784, 2, 135, NULL, 2, 2018, '2019-05-02 19:34:15', '0000-00-00 00:00:00', 18, 695.94, 6, 3, 2, 1, 0, 0.883, 1.22222, 0.968388, 1, 0.930963),
(785, 2, 136, NULL, 2, 2018, '2019-05-02 19:34:15', '0000-00-00 00:00:00', 115.25, 695.94, 6, 3, 2, 1, 0, 0.811, 1, 0.834397, 1, 0.850299),
(786, 2, 138, NULL, 2, 2018, '2019-05-02 19:34:15', '0000-00-00 00:00:00', 176.48, 695.94, 6, 3, 2, 1, 0, 0.769, 1, 0.746415, 1, 0.799972),
(787, 2, 139, NULL, 2, 2018, '2019-05-02 19:34:15', '0000-00-00 00:00:00', 34.58, 695.94, 6, 3, 2, 1, 0, 0.821, 1, 0.950312, 1, 0.893937),
(788, 2, 140, NULL, 2, 2018, '2019-05-02 19:34:15', '0000-00-00 00:00:00', 50.83, 695.94, 6, 3, 2, 1, 0, 0.911, 1, 0.926962, 1, 0.931154),
(789, 2, 142, NULL, 2, 2018, '2019-05-02 19:34:16', '0000-00-00 00:00:00', 4, 695.94, 6, 3, 2, 1, 0, 0.918, 1, 0.994252, 1, 0.957084),
(790, 2, 143, NULL, 2, 2018, '2019-05-02 19:34:16', '0000-00-00 00:00:00', 43.08, 695.94, 6, 3, 2, 1, 0, 0.806, 1, 0.938098, 1, 0.882366),
(791, 2, 144, NULL, 2, 2018, '2019-05-02 19:34:16', '0000-00-00 00:00:00', 9, 695.94, 6, 3, 2, 1, 0, 0.869, 1.1, 0.985775, 1, 0.929758),
(792, 2, 145, NULL, 2, 2018, '2019-05-02 19:34:16', '0000-00-00 00:00:00', 6.16, 695.94, 6, 3, 2, 1, 0, 0.885, 1, 0.991149, 1, 0.93955),
(793, 2, 146, NULL, 2, 2018, '2019-05-02 19:34:16', '0000-00-00 00:00:00', 88.07, 695.94, 6, 3, 2, 1, 0, 0.844, 1, 0.873452, 1, 0.879817),
(794, 2, 147, NULL, 2, 2018, '2019-05-02 19:34:16', '0000-00-00 00:00:00', 57.42, 695.94, 6, 3, 2, 1, 0, 0.815, 1, 0.917493, 1, 0.879998),
(795, 2, 150, NULL, 2, 2018, '2019-05-02 19:34:16', '0000-00-00 00:00:00', 0.68, 695.94, 6, 3, 2, 1, 0, 0.936, 1, 0.999023, 1, 0.967674),
(796, 2, 151, NULL, 2, 2018, '2019-05-02 19:34:16', '0000-00-00 00:00:00', 8, 695.94, 6, 3, 2, 1, 0, 0.77, 1.22222, 0.98595, 1, 0.880317),
(797, 2, 152, NULL, 2, 2018, '2019-05-02 19:34:16', '0000-00-00 00:00:00', 0, 695.94, 6, 3, 2, 1, 0, 0.886, 1.22222, 1, 1, 0.943),
(798, 2, 153, NULL, 2, 2018, '2019-05-02 19:34:16', '0000-00-00 00:00:00', 72, 695.94, 6, 3, 2, 1, 0, 0.782, 1.22222, 0.873552, 1, 0.848851),
(799, 2, 154, NULL, 2, 2018, '2019-05-02 19:34:16', '0000-00-00 00:00:00', 0, 695.94, 6, 3, 2, 1, 0, 0.777, 1.22222, 1, 1, 0.8885),
(800, 2, 155, NULL, 2, 2018, '2019-05-02 19:34:16', '0000-00-00 00:00:00', 94, 695.94, 6, 3, 2, 1, 0, 0.906, 1, 0.864931, 1, 0.907977),
(801, 2, 156, NULL, 2, 2018, '2019-05-02 19:34:16', '0000-00-00 00:00:00', 9.07, 695.94, 6, 3, 2, 1, 0, 0.974, 1, 0.986967, 1, 0.982656),
(802, 2, 157, NULL, 2, 2018, '2019-05-02 19:34:16', '0000-00-00 00:00:00', 51.42, 695.94, 6, 3, 2, 1, 0, 0.736, 1, 0.926114, 1, 0.843371),
(803, 2, 158, NULL, 2, 2018, '2019-05-02 19:34:17', '0000-00-00 00:00:00', 5.33, 695.94, 6, 3, 2, 1, 0, 0.837, 1, 0.992341, 1, 0.915947),
(804, 2, 162, NULL, 2, 2018, '2019-05-02 19:34:17', '0000-00-00 00:00:00', 150.07, 695.94, 6, 3, 2, 1, 0, 0.893, 1, 0.784364, 1, 0.874621),
(805, 2, 163, NULL, 2, 2018, '2019-05-02 19:34:17', '0000-00-00 00:00:00', 45.25, 695.94, 6, 3, 2, 1, 0, 0.944, 1, 0.93498, 1, 0.950327),
(806, 2, 164, NULL, 2, 2018, '2019-05-02 19:34:17', '0000-00-00 00:00:00', 48, 695.94, 6, 3, 2, 1, 0, 0.775, 1, 0.931029, 1, 0.86451),
(807, 2, 165, NULL, 2, 2018, '2019-05-02 19:34:17', '0000-00-00 00:00:00', 89.49, 695.94, 6, 3, 2, 1, 0, 0.815, 1, 0.871411, 1, 0.864637),
(808, 2, 166, NULL, 2, 2018, '2019-05-02 19:34:17', '0000-00-00 00:00:00', 112.5, 695.94, 6, 3, 2, 1, 0, 0.79, 1, 0.838348, 1, 0.841116),
(809, 2, 167, NULL, 2, 2018, '2019-05-02 19:34:17', '0000-00-00 00:00:00', 282.82, 695.94, 6, 3, 2, 1, 1, 0.554, 1, 0.593614, 0.833333, 0.61376),
(810, 2, 168, NULL, 2, 2018, '2019-05-02 19:34:17', '0000-00-00 00:00:00', 258.83, 695.94, 6, 3, 2, 1, 0, 0.657, 1, 0.628086, 1, 0.704529),
(811, 2, 170, NULL, 2, 2018, '2019-05-02 19:34:17', '0000-00-00 00:00:00', 212.55, 695.94, 6, 3, 2, 1, 0, 0.805, 1, 0.694586, 1, 0.800695),
(812, 2, 171, NULL, 2, 2018, '2019-05-02 19:34:17', '0000-00-00 00:00:00', 165.42, 695.94, 6, 3, 2, 1, 0, 0.802, 1, 0.762307, 1, 0.821769),
(813, 2, 172, NULL, 2, 2018, '2019-05-02 19:34:18', '0000-00-00 00:00:00', 177.83, 695.94, 6, 3, 2, 1, 0, 0.791, 1, 0.744475, 1, 0.810325),
(814, 2, 173, NULL, 2, 2018, '2019-05-02 19:34:18', '0000-00-00 00:00:00', 73.8, 695.94, 6, 3, 2, 1, 0, 0.742, 1, 0.893956, 1, 0.835652),
(815, 2, 174, NULL, 2, 2018, '2019-05-02 19:34:18', '0000-00-00 00:00:00', 142.37, 695.94, 6, 3, 2, 1, 0, 0.757, 1, 0.795428, 1, 0.810309),
(816, 2, 175, NULL, 2, 2018, '2019-05-02 19:34:18', '0000-00-00 00:00:00', 5, 695.94, 6, 3, 2, 1, 0, 0.9, 1, 0.992815, 1, 0.947605),
(817, 2, 176, NULL, 2, 2018, '2019-05-02 19:34:18', '0000-00-00 00:00:00', 94.08, 695.94, 6, 3, 2, 1, 0, 0.799, 1, 0.864816, 1, 0.854439),
(818, 2, 177, NULL, 2, 2018, '2019-05-02 19:34:18', '0000-00-00 00:00:00', 60.42, 695.94, 6, 3, 2, 1, 0, 0.933, 1, 0.913182, 1, 0.937561),
(819, 2, 179, NULL, 2, 2018, '2019-05-02 19:34:18', '0000-00-00 00:00:00', 67.04, 695.94, 6, 3, 2, 1, 0, 0.827, 1, 0.90367, 1, 0.88139),
(820, 2, 180, NULL, 2, 2018, '2019-05-02 19:34:18', '0000-00-00 00:00:00', 212.45, 695.94, 6, 3, 2, 1, 0, 0.744, 1, 0.694729, 1, 0.770243),
(821, 2, 181, NULL, 2, 2018, '2019-05-02 19:34:18', '0000-00-00 00:00:00', 27, 695.94, 6, 3, 2, 1, 0, 0.854, 1, 0.961204, 1, 0.914068),
(822, 2, 183, NULL, 2, 2018, '2019-05-02 19:34:18', '0000-00-00 00:00:00', 3.16, 695.94, 6, 3, 2, 1, 0, 0.942, 1, 0.995459, 1, 0.969486),
(823, 2, 184, NULL, 2, 2018, '2019-05-02 19:34:18', '0000-00-00 00:00:00', 5.84, 695.94, 6, 3, 2, 1, 0, 0.805, 1, 0.991609, 1, 0.899703),
(824, 2, 185, NULL, 2, 2018, '2019-05-02 19:34:18', '0000-00-00 00:00:00', 40.06, 695.94, 6, 3, 2, 1, 0, 0.894, 1, 0.942438, 1, 0.927813),
(825, 2, 186, NULL, 2, 2018, '2019-05-02 19:34:18', '0000-00-00 00:00:00', 135.82, 695.94, 6, 3, 2, 1, 0, 0.593, 1, 0.804839, 1, 0.731447),
(826, 2, 187, NULL, 2, 2018, '2019-05-02 19:34:19', '0000-00-00 00:00:00', 29.5, 695.94, 6, 3, 2, 1, 0, 0.648, 1, 0.957611, 1, 0.80987),
(827, 2, 188, NULL, 2, 2018, '2019-05-02 19:34:19', '0000-00-00 00:00:00', 29.55, 695.94, 6, 3, 2, 1, 0, 0.815, 1, 0.957539, 1, 0.893346),
(828, 2, 189, NULL, 2, 2018, '2019-05-02 19:34:19', '0000-00-00 00:00:00', 695.94, 695.94, 6, 3, 2, 1, 3, 0.557, 1, 0, 0.5, 0.361833),
(829, 2, 190, NULL, 2, 2018, '2019-05-02 19:34:19', '0000-00-00 00:00:00', 42.61, 695.94, 6, 3, 2, 1, 0, 0.895, 1, 0.938773, 1, 0.927091),
(830, 2, 191, NULL, 2, 2018, '2019-05-02 19:34:19', '0000-00-00 00:00:00', 9.91, 695.94, 6, 3, 2, 1, 0, 0.739, 1, 0.98576, 1, 0.864753),
(831, 2, 192, NULL, 2, 2018, '2019-05-02 19:34:19', '0000-00-00 00:00:00', 40.25, 695.94, 6, 3, 2, 1, 0, 0.898, 1, 0.942165, 1, 0.929722),
(832, 2, 193, NULL, 2, 2018, '2019-05-02 19:34:19', '0000-00-00 00:00:00', 139, 695.94, 6, 3, 2, 1, 0, 0.86, 1, 0.80027, 1, 0.863423),
(833, 2, 194, NULL, 2, 2018, '2019-05-02 19:34:19', '0000-00-00 00:00:00', 105.58, 695.94, 6, 3, 2, 1, 0, 0.927, 1, 0.848292, 1, 0.91293),
(834, 2, 195, NULL, 2, 2018, '2019-05-02 19:34:19', '0000-00-00 00:00:00', 57.62, 695.94, 6, 3, 2, 1, 0, 0.708, 1, 0.917206, 1, 0.826402),
(835, 2, 196, NULL, 2, 2018, '2019-05-02 19:34:19', '0000-00-00 00:00:00', 209.68, 695.94, 6, 3, 2, 1, 3, 0.613, 1, 0.69871, 0.5, 0.622737),
(836, 2, 197, NULL, 2, 2018, '2019-05-02 19:34:19', '0000-00-00 00:00:00', 40.83, 695.94, 6, 3, 2, 1, 0, 0.789, 1, 0.941331, 1, 0.874944),
(837, 2, 198, NULL, 2, 2018, '2019-05-02 19:34:20', '0000-00-00 00:00:00', 12.08, 695.94, 6, 3, 2, 1, 0, 0.942, 1, 0.982642, 1, 0.965214),
(838, 2, 199, NULL, 2, 2018, '2019-05-02 19:34:20', '0000-00-00 00:00:00', 62.24, 695.94, 6, 3, 2, 1, 0, 0.945, 1, 0.910567, 1, 0.942689),
(839, 2, 200, NULL, 2, 2018, '2019-05-02 19:34:20', '0000-00-00 00:00:00', 127.66, 695.94, 6, 3, 2, 1, 0, 0.72, 1.22222, 0.775801, 1, 0.785267),
(840, 2, 201, NULL, 2, 2018, '2019-05-02 19:34:20', '0000-00-00 00:00:00', 17.66, 695.94, 6, 3, 2, 1, 0, 0.959, 1, 0.974624, 1, 0.971041),
(841, 2, 202, NULL, 2, 2018, '2019-05-02 19:34:20', '0000-00-00 00:00:00', 65.16, 695.94, 6, 3, 2, 1, 0, 0.669, 1, 0.906371, 1, 0.80329),
(842, 2, 203, NULL, 2, 2018, '2019-05-02 19:34:20', '0000-00-00 00:00:00', 105.58, 695.94, 6, 3, 2, 1, 0, 0.695, 1, 0.848292, 1, 0.79693),
(843, 2, 204, NULL, 2, 2018, '2019-05-02 19:34:20', '0000-00-00 00:00:00', 124.21, 695.94, 6, 3, 2, 1, 3, 0.428, 1, 0.821522, 0.5, 0.571174),
(844, 2, 205, NULL, 2, 2018, '2019-05-02 19:34:20', '0000-00-00 00:00:00', 88.91, 695.94, 6, 3, 2, 1, 0, 0.911, 1, 0.872245, 1, 0.912915),
(845, 2, 206, NULL, 2, 2018, '2019-05-02 19:34:20', '0000-00-00 00:00:00', 0, 695.94, 6, 3, 2, 1, 0, 0.911, 1, 1, 1, 0.9555),
(846, 2, 207, NULL, 2, 2018, '2019-05-02 19:34:20', '0000-00-00 00:00:00', 11.06, 695.94, 6, 3, 2, 1, 0, 0.763, 1, 0.984108, 1, 0.876203),
(847, 2, 208, NULL, 2, 2018, '2019-05-02 19:34:20', '0000-00-00 00:00:00', 19.33, 695.94, 6, 3, 2, 1, 0, 0.696, 1, 0.972225, 1, 0.838742),
(848, 2, 209, NULL, 2, 2018, '2019-05-02 19:34:20', '0000-00-00 00:00:00', 162.55, 695.94, 6, 3, 2, 1, 0, 0.801, 1, 0.766431, 1, 0.822644),
(849, 2, 210, NULL, 2, 2018, '2019-05-02 19:34:20', '0000-00-00 00:00:00', 31.31, 695.94, 6, 3, 2, 1, 0, 0.931, 1, 0.95501, 1, 0.950503),
(850, 2, 211, NULL, 2, 2018, '2019-05-02 19:34:21', '0000-00-00 00:00:00', 10.15, 695.94, 6, 3, 2, 1, 0, 0.82, 1, 0.985415, 1, 0.905138),
(851, 2, 212, NULL, 2, 2018, '2019-05-02 19:34:21', '0000-00-00 00:00:00', 100.65, 695.94, 6, 3, 2, 1, 0, 0.778, 2.2, 0.681826, 1, 0.782942),
(852, 2, 213, NULL, 2, 2018, '2019-05-02 19:34:21', '0000-00-00 00:00:00', 118.62, 695.94, 6, 3, 2, 1, 0, 0.722, 1, 0.829554, 1, 0.804185),
(853, 2, 214, NULL, 2, 2018, '2019-05-02 19:34:21', '0000-00-00 00:00:00', 10.83, 695.94, 6, 3, 2, 1, 0, 0.934, 1, 0.984438, 1, 0.961813),
(854, 2, 216, NULL, 2, 2018, '2019-05-02 19:34:21', '0000-00-00 00:00:00', 12, 695.94, 6, 3, 2, 1, 0, 0.76, 1.22222, 0.978925, 1, 0.872975),
(855, 2, 217, NULL, 2, 2018, '2019-05-02 19:34:21', '0000-00-00 00:00:00', 284.87, 695.94, 6, 3, 2, 1, 0, 0.904, 1, 0.590669, 1, 0.815556),
(856, 2, 218, NULL, 2, 2018, '2019-05-02 19:34:21', '0000-00-00 00:00:00', 50.32, 695.94, 6, 3, 2, 1, 0, 0.879, 1, 0.927695, 1, 0.915398),
(857, 2, 220, NULL, 2, 2018, '2019-05-02 19:34:21', '0000-00-00 00:00:00', 12.25, 695.94, 6, 3, 2, 1, 0, 0.871, 1, 0.982398, 1, 0.929633),
(858, 2, 222, NULL, 2, 2018, '2019-05-02 19:34:21', '0000-00-00 00:00:00', 76.1, 695.94, 6, 3, 2, 1, 0, 0.859, 1, 0.890651, 1, 0.89305),
(859, 2, 223, NULL, 2, 2018, '2019-05-02 19:34:21', '0000-00-00 00:00:00', 3.5, 695.94, 6, 3, 2, 1, 0, 0.803, 1, 0.994971, 1, 0.899824),
(860, 2, 224, NULL, 2, 2018, '2019-05-02 19:34:21', '0000-00-00 00:00:00', 6, 695.94, 6, 3, 2, 1, 0, 0.789, 1, 0.991379, 1, 0.891626),
(861, 2, 225, NULL, 2, 2018, '2019-05-02 19:34:22', '0000-00-00 00:00:00', 30.66, 695.94, 6, 3, 2, 1, 0, 0.792, 1, 0.955944, 1, 0.881315),
(862, 2, 226, NULL, 2, 2018, '2019-05-02 19:34:22', '0000-00-00 00:00:00', 8.83, 695.94, 6, 3, 2, 1, 0, 0.788, 1, 0.987312, 1, 0.889771),
(863, 2, 229, NULL, 2, 2018, '2019-05-02 19:34:22', '0000-00-00 00:00:00', 12.28, 695.94, 6, 3, 2, 1, 0, 0.927, 1, 0.982355, 1, 0.957618),
(864, 2, 230, NULL, 2, 2018, '2019-05-02 19:34:22', '0000-00-00 00:00:00', 222.92, 695.94, 6, 3, 2, 1, 0, 0.797, 1, 0.679685, 1, 0.791728),
(865, 2, 231, NULL, 2, 2018, '2019-05-02 19:34:22', '0000-00-00 00:00:00', 10.62, 695.94, 6, 3, 2, 1, 0, 0.76, 1, 0.98474, 1, 0.874913),
(866, 2, 232, NULL, 2, 2018, '2019-05-02 19:34:22', '0000-00-00 00:00:00', 31, 695.94, 6, 3, 2, 1, 0, 0.927, 1, 0.955456, 1, 0.948652),
(867, 2, 233, NULL, 2, 2018, '2019-05-02 19:34:22', '0000-00-00 00:00:00', 0, 695.94, 6, 3, 2, 1, 0, 0.944, 1, 1, 1, 0.972),
(868, 2, 234, NULL, 2, 2018, '2019-05-02 19:34:22', '0000-00-00 00:00:00', 9.3, 695.94, 6, 3, 2, 1, 0, 0.905, 1, 0.986637, 1, 0.948046),
(869, 2, 235, NULL, 2, 2018, '2019-05-02 19:34:22', '0000-00-00 00:00:00', 29.29, 695.94, 6, 3, 2, 1, 0, 0.914, 1, 0.957913, 1, 0.942971),
(870, 2, 236, NULL, 2, 2018, '2019-05-02 19:34:22', '0000-00-00 00:00:00', 95.63, 695.94, 6, 3, 2, 1, 0, 0.921, 1, 0.862589, 1, 0.914696),
(871, 2, 237, NULL, 2, 2018, '2019-05-02 19:34:22', '0000-00-00 00:00:00', 6, 695.94, 6, 3, 2, 1, 0, 0.81, 1.22222, 0.989463, 1, 0.901488),
(872, 2, 238, NULL, 2, 2018, '2019-05-02 19:34:22', '0000-00-00 00:00:00', 2.05, 695.94, 6, 3, 2, 1, 0, 0.857, 1, 0.997054, 1, 0.927518),
(873, 2, 239, NULL, 2, 2018, '2019-05-02 19:34:22', '0000-00-00 00:00:00', 67, 695.94, 6, 3, 2, 1, 0, 0.808, 1, 0.903727, 1, 0.871909),
(874, 2, 240, NULL, 2, 2018, '2019-05-02 19:34:23', '0000-00-00 00:00:00', 51.23, 695.94, 6, 3, 2, 1, 0, 0.892, 1, 0.926387, 1, 0.921462),
(875, 2, 241, NULL, 2, 2018, '2019-05-02 19:34:23', '0000-00-00 00:00:00', 88.16, 695.94, 6, 3, 2, 1, 0, 0.843, 1, 0.873322, 1, 0.879274),
(876, 2, 242, NULL, 2, 2018, '2019-05-02 19:34:23', '0000-00-00 00:00:00', 17.5, 695.94, 6, 3, 2, 1, 0, 0.891, 1, 0.974854, 1, 0.937118),
(1087, 2, 1, NULL, 1, 2019, '2019-09-26 13:58:34', '0000-00-00 00:00:00', 6.57, 526.62, 6, 3, 2, 1, 0, 0.896, 1, 0.987524, 1, 0.943841),
(1088, 2, 2, NULL, 1, 2019, '2019-09-26 13:58:34', '0000-00-00 00:00:00', 20, 526.62, 6, 3, 2, 1, 0, 0.841, 1, 0.962022, 1, 0.907841),
(1089, 2, 3, NULL, 1, 2019, '2019-09-26 13:58:34', '0000-00-00 00:00:00', 5.66, 526.62, 6, 3, 2, 1, 0, 0.818, 1, 0.989252, 1, 0.905417),
(1090, 2, 4, NULL, 1, 2019, '2019-09-26 13:58:34', '0000-00-00 00:00:00', 2, 526.62, 6, 3, 2, 1, 0, 0.757, 1, 0.996202, 1, 0.877234),
(1091, 2, 5, NULL, 1, 2019, '2019-09-26 13:58:34', '0000-00-00 00:00:00', 1.42, 526.62, 6, 3, 2, 1, 0, 0.797, 1.22222, 0.996704, 1, 0.897401),
(1092, 2, 6, NULL, 1, 2019, '2019-09-26 13:58:35', '0000-00-00 00:00:00', 270.72, 526.62, 6, 3, 2, 1, 0, 0.655, 1, 0.485929, 1, 0.656143),
(1093, 2, 7, NULL, 1, 2019, '2019-09-26 13:58:35', '0000-00-00 00:00:00', 4.67, 526.62, 6, 3, 2, 1, 0, 0.868, 1, 0.991132, 1, 0.931044),
(1094, 2, 8, NULL, 1, 2019, '2019-09-26 13:58:35', '0000-00-00 00:00:00', 0, 526.62, 6, 3, 2, 1, 0, 0.656, 1.22222, 1, 1, 0.828),
(1095, 2, 9, NULL, 1, 2019, '2019-09-26 13:58:35', '0000-00-00 00:00:00', 0, 526.62, 6, 3, 2, 1, 0, 0.849, 1.22222, 1, 1, 0.9245),
(1096, 2, 10, NULL, 1, 2019, '2019-09-26 13:58:35', '0000-00-00 00:00:00', 37.25, 526.62, 6, 3, 2, 1, 0, 0.929, 1, 0.929266, 1, 0.940922),
(1097, 2, 11, NULL, 1, 2019, '2019-09-26 13:58:35', '0000-00-00 00:00:00', 13.15, 526.62, 6, 3, 2, 1, 0, 0.863, 1, 0.975029, 1, 0.923176),
(1098, 2, 12, NULL, 1, 2019, '2019-09-26 13:58:35', '0000-00-00 00:00:00', 110.19, 526.62, 6, 3, 2, 1, 0, 0.954, 1, 0.79076, 1, 0.907253),
(1099, 2, 13, NULL, 1, 2019, '2019-09-26 13:58:35', '0000-00-00 00:00:00', 168, 526.62, 6, 3, 2, 1, 0, 0.923, 1, 0.680984, 1, 0.855161),
(1100, 2, 14, NULL, 1, 2019, '2019-09-26 13:58:35', '0000-00-00 00:00:00', 0, 526.62, 6, 3, 2, 1, 0, 0.779, 1.22222, 1, 1, 0.8895),
(1101, 2, 15, NULL, 1, 2019, '2019-09-26 13:58:35', '0000-00-00 00:00:00', 14.79, 526.62, 6, 3, 2, 1, 0, 0.87, 1, 0.971915, 1, 0.925638),
(1102, 2, 16, NULL, 1, 2019, '2019-09-26 13:58:35', '0000-00-00 00:00:00', 9.53, 526.62, 6, 3, 2, 1, 0, 0.774, 1, 0.981903, 1, 0.880968),
(1103, 2, 17, NULL, 1, 2019, '2019-09-26 13:58:35', '0000-00-00 00:00:00', 25.07, 526.62, 6, 3, 2, 1, 0, 0.909, 1, 0.952395, 1, 0.938632),
(1104, 2, 18, NULL, 1, 2019, '2019-09-26 13:58:35', '0000-00-00 00:00:00', 12.97, 526.62, 6, 3, 2, 1, 0, 0.907, 1, 0.975371, 1, 0.94529),
(1105, 2, 20, NULL, 1, 2019, '2019-09-26 13:58:35', '0000-00-00 00:00:00', 0, 526.62, 6, 3, 2, 1, 0, 0.898, 1, 1, 1, 0.949),
(1106, 2, 21, NULL, 1, 2019, '2019-09-26 13:58:35', '0000-00-00 00:00:00', 96.35, 526.62, 6, 3, 2, 1, 0, 0.777, 1, 0.817041, 1, 0.827514),
(1107, 2, 22, NULL, 1, 2019, '2019-09-26 13:58:35', '0000-00-00 00:00:00', 30.54, 526.62, 6, 3, 2, 1, 0, 0.882, 1, 0.942008, 1, 0.921669),
(1108, 2, 24, NULL, 1, 2019, '2019-09-26 13:58:36', '0000-00-00 00:00:00', 25.16, 526.62, 6, 3, 2, 1, 0, 0.919, 1, 0.952224, 1, 0.943575),
(1109, 2, 25, NULL, 1, 2019, '2019-09-26 13:58:36', '0000-00-00 00:00:00', 23.75, 526.62, 6, 3, 2, 1, 0, 0.939, 1, 0.954901, 1, 0.954467),
(1110, 2, 26, NULL, 1, 2019, '2019-09-26 13:58:36', '0000-00-00 00:00:00', 7.25, 526.62, 6, 3, 2, 1, 0, 0.751, 1.22222, 0.983174, 1, 0.869891),
(1111, 2, 27, NULL, 1, 2019, '2019-09-26 13:58:36', '0000-00-00 00:00:00', 43.52, 526.62, 6, 3, 2, 1, 0, 0.95, 1, 0.91736, 1, 0.947453),
(1112, 2, 28, NULL, 1, 2019, '2019-09-26 13:58:36', '0000-00-00 00:00:00', 10.33, 526.62, 6, 3, 2, 1, 0, 0.931, 1, 0.980384, 1, 0.958961),
(1113, 2, 29, NULL, 1, 2019, '2019-09-26 13:58:36', '0000-00-00 00:00:00', 4.24, 526.62, 6, 3, 2, 1, 0, 0.854, 1, 0.991949, 1, 0.924316),
(1114, 2, 30, NULL, 1, 2019, '2019-09-26 13:58:36', '0000-00-00 00:00:00', 73, 526.62, 6, 3, 2, 1, 0, 0.94, 1, 0.86138, 1, 0.923793),
(1115, 2, 31, NULL, 1, 2019, '2019-09-26 13:58:36', '0000-00-00 00:00:00', 0, 526.62, 6, 3, 2, 1, 0, 0.935, 1, 1, 1, 0.9675),
(1116, 2, 32, NULL, 1, 2019, '2019-09-26 13:58:36', '0000-00-00 00:00:00', 0, 526.62, 6, 3, 2, 1, 0, 0.869, 1.22222, 1, 1, 0.9345),
(1117, 2, 33, NULL, 1, 2019, '2019-09-26 13:58:36', '0000-00-00 00:00:00', 0, 526.62, 6, 3, 2, 1, 0, 0.911, 1.22222, 1, 1, 0.9555),
(1118, 2, 34, NULL, 1, 2019, '2019-09-26 13:58:36', '0000-00-00 00:00:00', 124, 526.62, 6, 3, 2, 1, 0, 0.973, 1, 0.764536, 1, 0.908012),
(1119, 2, 35, NULL, 1, 2019, '2019-09-26 13:58:36', '0000-00-00 00:00:00', 27, 526.62, 6, 3, 2, 1, 0, 0.903, 1, 0.94873, 1, 0.93441),
(1120, 2, 36, NULL, 1, 2019, '2019-09-26 13:58:36', '0000-00-00 00:00:00', 23.47, 526.62, 6, 3, 2, 1, 0, 0.951, 1, 0.955433, 1, 0.960644),
(1121, 2, 37, NULL, 1, 2019, '2019-09-26 13:58:36', '0000-00-00 00:00:00', 40.17, 526.62, 6, 3, 2, 1, 0, 0.82, 1, 0.923721, 1, 0.884574),
(1122, 2, 38, NULL, 1, 2019, '2019-09-26 13:58:36', '0000-00-00 00:00:00', 107.58, 526.62, 6, 3, 2, 1, 0, 0.829, 1, 0.795716, 1, 0.846405),
(1123, 2, 39, NULL, 1, 2019, '2019-09-26 13:58:37', '0000-00-00 00:00:00', 18, 526.62, 6, 3, 2, 1, 0, 0.872, 1.22222, 0.958224, 1, 0.922075),
(1124, 2, 40, NULL, 1, 2019, '2019-09-26 13:58:37', '0000-00-00 00:00:00', 60.66, 526.62, 6, 3, 2, 1, 0, 0.938, 1, 0.884813, 1, 0.930604),
(1125, 2, 41, NULL, 1, 2019, '2019-09-26 13:58:37', '0000-00-00 00:00:00', 4.75, 526.62, 6, 3, 2, 1, 0, 0.939, 1, 0.99098, 1, 0.966493),
(1126, 2, 42, NULL, 1, 2019, '2019-09-26 13:58:37', '0000-00-00 00:00:00', 17.03, 526.62, 6, 3, 2, 1, 0, 0.964, 1, 0.967662, 1, 0.971221),
(1127, 2, 44, NULL, 1, 2019, '2019-09-26 13:58:37', '0000-00-00 00:00:00', 30.33, 526.62, 6, 3, 2, 1, 0, 0.672, 1, 0.942406, 1, 0.816802),
(1128, 2, 45, NULL, 1, 2019, '2019-09-26 13:58:37', '0000-00-00 00:00:00', 65.83, 526.62, 6, 3, 2, 1, 0, 0.928, 1, 0.874995, 1, 0.922332),
(1129, 2, 47, NULL, 1, 2019, '2019-09-26 13:58:37', '0000-00-00 00:00:00', 135.08, 526.62, 6, 3, 2, 1, 0, 0.902, 1, 0.743496, 1, 0.865499),
(1130, 2, 48, NULL, 1, 2019, '2019-09-26 13:58:37', '0000-00-00 00:00:00', 6, 526.62, 6, 3, 2, 1, 0, 0.782, 1.22222, 0.986075, 1, 0.886358),
(1131, 2, 49, NULL, 1, 2019, '2019-09-26 13:58:37', '0000-00-00 00:00:00', 18.24, 526.62, 6, 3, 2, 1, 0, 0.931, 1, 0.965364, 1, 0.953955),
(1132, 2, 50, NULL, 1, 2019, '2019-09-26 13:58:37', '0000-00-00 00:00:00', 16.42, 526.62, 6, 3, 2, 1, 0, 0.934, 1, 0.96882, 1, 0.956607),
(1133, 2, 51, NULL, 1, 2019, '2019-09-26 13:58:37', '0000-00-00 00:00:00', 0, 526.62, 6, 3, 2, 1, 0, 0.848, 1.22222, 1, 1, 0.924),
(1134, 2, 52, NULL, 1, 2019, '2019-09-26 13:58:37', '0000-00-00 00:00:00', 13, 526.62, 6, 3, 2, 1, 0, 0.862, 1.22222, 0.969829, 1, 0.920943),
(1135, 2, 53, NULL, 1, 2019, '2019-09-26 13:58:37', '0000-00-00 00:00:00', 0, 526.62, 6, 3, 2, 1, 0, 0.781, 1.22222, 1, 1, 0.8905),
(1136, 2, 54, NULL, 1, 2019, '2019-09-26 13:58:37', '0000-00-00 00:00:00', 91.85, 526.62, 6, 3, 2, 1, 0, 0.947, 1, 0.825586, 1, 0.915362),
(1137, 2, 55, NULL, 1, 2019, '2019-09-26 13:58:37', '0000-00-00 00:00:00', 26.16, 526.62, 6, 3, 2, 1, 0, 0.942, 1, 0.950325, 1, 0.954442),
(1138, 2, 56, NULL, 1, 2019, '2019-09-26 13:58:37', '0000-00-00 00:00:00', 22.35, 526.62, 6, 3, 2, 1, 0, 0.941, 1, 0.95756, 1, 0.956353),
(1139, 2, 57, NULL, 1, 2019, '2019-09-26 13:58:38', '0000-00-00 00:00:00', 142, 526.62, 6, 3, 2, 1, 0, 0.93, 1, 0.730356, 1, 0.875119),
(1140, 2, 58, NULL, 1, 2019, '2019-09-26 13:58:38', '0000-00-00 00:00:00', 27.55, 526.62, 6, 3, 2, 1, 0, 0.938, 1, 0.947685, 1, 0.951562),
(1141, 2, 59, NULL, 1, 2019, '2019-09-26 13:58:38', '0000-00-00 00:00:00', 16.28, 526.62, 6, 3, 2, 1, 0, 0.708, 1, 0.969086, 1, 0.843695),
(1142, 2, 60, NULL, 1, 2019, '2019-09-26 13:58:38', '0000-00-00 00:00:00', 0, 526.62, 6, 3, 2, 1, 0, 0.645, 1, 1, 1, 0.8225),
(1143, 2, 61, NULL, 1, 2019, '2019-09-26 13:58:38', '0000-00-00 00:00:00', 30, 526.62, 6, 3, 2, 1, 0, 0.515, 1.22222, 0.930374, 1, 0.734291),
(1144, 2, 62, NULL, 1, 2019, '2019-09-26 13:58:38', '0000-00-00 00:00:00', 1.08, 526.62, 6, 3, 2, 1, 0, 0.918, 1, 0.997949, 1, 0.958316),
(1145, 2, 63, NULL, 1, 2019, '2019-09-26 13:58:38', '0000-00-00 00:00:00', 81.83, 526.62, 6, 3, 2, 1, 0, 0.916, 1, 0.844613, 1, 0.906204),
(1146, 2, 64, NULL, 1, 2019, '2019-09-26 13:58:38', '0000-00-00 00:00:00', 10.75, 526.62, 6, 3, 2, 1, 0, 0.751, 1, 0.979587, 1, 0.868696),
(1147, 2, 65, NULL, 1, 2019, '2019-09-26 13:58:38', '0000-00-00 00:00:00', 9.7, 526.62, 6, 3, 2, 1, 0, 0.928, 1, 0.981581, 1, 0.95786),
(1148, 2, 66, NULL, 1, 2019, '2019-09-26 13:58:38', '0000-00-00 00:00:00', 54.83, 526.62, 6, 3, 2, 1, 0, 0.932, 1, 0.895883, 1, 0.931294),
(1149, 2, 67, NULL, 1, 2019, '2019-09-26 13:58:38', '0000-00-00 00:00:00', 0.33, 526.62, 6, 3, 2, 1, 0, 0.963, 1, 0.999373, 1, 0.981291),
(1150, 2, 68, NULL, 1, 2019, '2019-09-26 13:58:38', '0000-00-00 00:00:00', 10.33, 526.62, 6, 3, 2, 1, 0, 0.898, 1, 0.980384, 1, 0.942461),
(1151, 2, 69, NULL, 1, 2019, '2019-09-26 13:58:38', '0000-00-00 00:00:00', 67.25, 526.62, 6, 3, 2, 1, 0, 0.944, 1, 0.872299, 1, 0.929433),
(1152, 2, 70, NULL, 1, 2019, '2019-09-26 13:58:38', '0000-00-00 00:00:00', 26.25, 526.62, 6, 3, 2, 1, 0, 0.927, 1, 0.950154, 1, 0.946885),
(1153, 2, 72, NULL, 1, 2019, '2019-09-26 13:58:38', '0000-00-00 00:00:00', 12.41, 526.62, 6, 3, 2, 1, 0, 0.905, 1, 0.976435, 1, 0.944645),
(1154, 2, 73, NULL, 1, 2019, '2019-09-26 13:58:39', '0000-00-00 00:00:00', 28.53, 526.62, 6, 3, 2, 1, 0, 0.859, 1, 0.945824, 1, 0.911441),
(1155, 2, 74, NULL, 1, 2019, '2019-09-26 13:58:39', '0000-00-00 00:00:00', 8.7, 526.62, 6, 3, 2, 1, 0, 0.956, 1, 0.98348, 1, 0.972493),
(1156, 2, 75, NULL, 1, 2019, '2019-09-26 13:58:39', '0000-00-00 00:00:00', 0, 526.62, 6, 3, 2, 1, 0, 0.777, 1, 1, 1, 0.8885),
(1157, 2, 76, NULL, 1, 2019, '2019-09-26 13:58:39', '0000-00-00 00:00:00', 0, 526.62, 6, 3, 2, 1, 0, 0.914, 1, 1, 1, 0.957),
(1158, 2, 77, NULL, 1, 2019, '2019-09-26 13:58:39', '0000-00-00 00:00:00', 24, 526.62, 6, 3, 2, 1, 0, 0.775, 1.22222, 0.944299, 1, 0.868933),
(1159, 2, 78, NULL, 1, 2019, '2019-09-26 13:58:39', '0000-00-00 00:00:00', 173.33, 526.62, 6, 3, 2, 1, 0, 0.904, 1, 0.670863, 1, 0.842288),
(1160, 2, 79, NULL, 1, 2019, '2019-09-26 13:58:39', '0000-00-00 00:00:00', 212.39, 526.62, 6, 3, 2, 1, 0, 0.39, 1, 0.596692, 1, 0.560564),
(1161, 2, 80, NULL, 1, 2019, '2019-09-26 13:58:39', '0000-00-00 00:00:00', 24.08, 526.62, 6, 3, 2, 1, 0, 0.964, 1, 0.954274, 1, 0.966758),
(1162, 2, 81, NULL, 1, 2019, '2019-09-26 13:58:39', '0000-00-00 00:00:00', 112.9, 526.62, 6, 3, 2, 1, 0, 0.843, 1, 0.785614, 1, 0.850038),
(1163, 2, 82, NULL, 1, 2019, '2019-09-26 13:58:39', '0000-00-00 00:00:00', 90.26, 526.62, 6, 3, 2, 1, 0, 0.936, 1, 0.828605, 1, 0.910868),
(1164, 2, 83, NULL, 1, 2019, '2019-09-26 13:58:39', '0000-00-00 00:00:00', 95.61, 526.62, 6, 3, 2, 1, 0, 0.874, 1, 0.818446, 1, 0.876482),
(1165, 2, 84, NULL, 1, 2019, '2019-09-26 13:58:39', '0000-00-00 00:00:00', 301.44, 526.62, 6, 3, 2, 1, 0, 0.623, 1, 0.427595, 1, 0.620698),
(1166, 2, 85, NULL, 1, 2019, '2019-09-26 13:58:39', '0000-00-00 00:00:00', 82, 526.62, 6, 3, 2, 1, 0, 0.873, 1, 0.84429, 1, 0.884597),
(1167, 2, 86, NULL, 1, 2019, '2019-09-26 13:58:39', '0000-00-00 00:00:00', 18.71, 526.62, 6, 3, 2, 1, 0, 0.892, 1, 0.964472, 1, 0.934157),
(1168, 2, 87, NULL, 1, 2019, '2019-09-26 13:58:40', '0000-00-00 00:00:00', 8.27, 526.62, 6, 3, 2, 1, 0, 0.854, 1, 0.984296, 1, 0.921765),
(1169, 2, 88, NULL, 1, 2019, '2019-09-26 13:58:40', '0000-00-00 00:00:00', 125, 526.62, 6, 3, 2, 1, 2, 0.836, 1, 0.762637, 0.666667, 0.783324),
(1170, 2, 89, NULL, 1, 2019, '2019-09-26 13:58:40', '0000-00-00 00:00:00', 232.54, 526.62, 6, 3, 2, 1, 0, 0.809, 1, 0.558429, 1, 0.75731),
(1171, 2, 90, NULL, 1, 2019, '2019-09-26 13:58:40', '0000-00-00 00:00:00', 4.5, 526.62, 6, 3, 2, 1, 0, 0.944, 1, 0.991455, 1, 0.969152),
(1172, 2, 91, NULL, 1, 2019, '2019-09-26 13:58:40', '0000-00-00 00:00:00', 8, 526.62, 6, 3, 2, 1, 0, 0.899, 1, 0.984809, 1, 0.944436),
(1173, 2, 92, NULL, 1, 2019, '2019-09-26 13:58:40', '0000-00-00 00:00:00', 24.93, 526.62, 6, 3, 2, 1, 0, 0.795, 1, 0.95266, 1, 0.88172),
(1174, 2, 95, NULL, 1, 2019, '2019-09-26 13:58:40', '0000-00-00 00:00:00', 0, 526.62, 6, 3, 2, 1, 0, 0.898, 1, 1, 1, 0.949),
(1175, 2, 93, NULL, 1, 2019, '2019-09-26 13:58:40', '0000-00-00 00:00:00', 13.25, 526.62, 6, 3, 2, 1, 0, 0.902, 1, 0.97484, 1, 0.942613),
(1176, 2, 94, NULL, 1, 2019, '2019-09-26 13:58:40', '0000-00-00 00:00:00', 12.94, 526.62, 6, 3, 2, 1, 0, 0.871, 1, 0.975428, 1, 0.927309),
(1177, 2, 96, NULL, 1, 2019, '2019-09-26 13:58:40', '0000-00-00 00:00:00', 27.9, 526.62, 6, 3, 2, 1, 0, 0.886, 1, 0.947021, 1, 0.92534),
(1178, 2, 97, NULL, 1, 2019, '2019-09-26 13:58:40', '0000-00-00 00:00:00', 10.16, 526.62, 6, 3, 2, 1, 0, 0.763, 1, 0.980707, 1, 0.875069),
(1179, 2, 98, NULL, 1, 2019, '2019-09-26 13:58:40', '0000-00-00 00:00:00', 26.12, 526.62, 6, 3, 2, 1, 0, 0.869, 1, 0.950401, 1, 0.917967),
(1180, 2, 99, NULL, 1, 2019, '2019-09-26 13:58:40', '0000-00-00 00:00:00', 0, 526.62, 6, 3, 2, 1, 0, 0.776, 1, 1, 1, 0.888),
(1181, 2, 101, NULL, 1, 2019, '2019-09-26 13:58:40', '0000-00-00 00:00:00', 0, 526.62, 6, 3, 2, 1, 0, 0.772, 1, 1, 1, 0.886),
(1182, 2, 102, NULL, 1, 2019, '2019-09-26 13:58:41', '0000-00-00 00:00:00', 12.83, 526.62, 6, 3, 2, 1, 0, 0.883, 1, 0.975637, 1, 0.933379),
(1183, 2, 103, NULL, 1, 2019, '2019-09-26 13:58:41', '0000-00-00 00:00:00', 71.35, 526.62, 6, 3, 2, 1, 0, 0.87, 1, 0.864513, 1, 0.889838),
(1184, 2, 104, NULL, 1, 2019, '2019-09-26 13:58:41', '0000-00-00 00:00:00', 28.33, 526.62, 6, 3, 2, 1, 0, 0.874, 1, 0.946204, 1, 0.919068),
(1185, 2, 105, NULL, 1, 2019, '2019-09-26 13:58:41', '0000-00-00 00:00:00', 26.2, 526.62, 6, 3, 2, 1, 0, 0.894, 1, 0.950249, 1, 0.930416),
(1186, 2, 106, NULL, 1, 2019, '2019-09-26 13:58:41', '0000-00-00 00:00:00', 22, 526.62, 6, 3, 2, 1, 0, 0.898, 1, 0.958224, 1, 0.935075),
(1187, 2, 107, NULL, 1, 2019, '2019-09-26 13:58:41', '0000-00-00 00:00:00', 37.17, 526.62, 6, 3, 2, 1, 0, 0.985, 1, 0.929418, 1, 0.968973),
(1188, 2, 108, NULL, 1, 2019, '2019-09-26 13:58:41', '0000-00-00 00:00:00', 9, 526.62, 6, 3, 2, 1, 0, 0.932, 1, 0.98291, 1, 0.960303),
(1189, 2, 109, NULL, 1, 2019, '2019-09-26 13:58:41', '0000-00-00 00:00:00', 51.36, 526.62, 6, 3, 2, 1, 0, 0.949, 1, 0.902472, 1, 0.941991),
(1190, 2, 110, NULL, 1, 2019, '2019-09-26 13:58:41', '0000-00-00 00:00:00', 14.63, 526.62, 6, 3, 2, 1, 0, 0.766, 1, 0.972219, 1, 0.87374),
(1191, 2, 111, NULL, 1, 2019, '2019-09-26 13:58:41', '0000-00-00 00:00:00', 9, 526.62, 6, 3, 2, 1, 0, 0.83, 1, 0.98291, 1, 0.909303),
(1192, 2, 112, NULL, 1, 2019, '2019-09-26 13:58:42', '0000-00-00 00:00:00', 84.68, 526.62, 6, 3, 2, 1, 0, 0.856, 1, 0.839201, 1, 0.8744),
(1193, 2, 113, NULL, 1, 2019, '2019-09-26 13:58:42', '0000-00-00 00:00:00', 0, 526.62, 6, 3, 2, 1, 0, 0.858, 1, 1, 1, 0.929),
(1194, 2, 114, NULL, 1, 2019, '2019-09-26 13:58:42', '0000-00-00 00:00:00', 56.5, 526.62, 6, 3, 2, 1, 0, 0.895, 1, 0.892712, 1, 0.911737),
(1195, 2, 115, NULL, 1, 2019, '2019-09-26 13:58:42', '0000-00-00 00:00:00', 53.91, 526.62, 6, 3, 2, 1, 0, 0.896, 1, 0.89763, 1, 0.913877),
(1196, 2, 116, NULL, 1, 2019, '2019-09-26 13:58:42', '0000-00-00 00:00:00', 14.09, 526.62, 6, 3, 2, 1, 0, 0.939, 1, 0.973244, 1, 0.960581),
(1197, 2, 117, NULL, 1, 2019, '2019-09-26 13:58:42', '0000-00-00 00:00:00', 192.24, 526.62, 6, 3, 2, 1, 0, 0.789, 1, 0.634955, 1, 0.772818),
(1198, 2, 119, NULL, 1, 2019, '2019-09-26 13:58:42', '0000-00-00 00:00:00', 9.49, 526.62, 6, 3, 2, 1, 0, 0.877, 1, 0.981979, 1, 0.932493),
(1199, 2, 120, NULL, 1, 2019, '2019-09-26 13:58:42', '0000-00-00 00:00:00', 119.19, 526.62, 6, 3, 2, 1, 0, 0.906, 1, 0.77367, 1, 0.877557),
(1200, 2, 121, NULL, 1, 2019, '2019-09-26 13:58:42', '0000-00-00 00:00:00', 78.9, 526.62, 6, 3, 2, 1, 0, 0.983, 1, 0.850177, 1, 0.941559),
(1201, 2, 122, NULL, 1, 2019, '2019-09-26 13:58:42', '0000-00-00 00:00:00', 11.24, 526.62, 6, 3, 2, 1, 0, 0.9, 1, 0.978656, 1, 0.942885),
(1202, 2, 123, NULL, 1, 2019, '2019-09-26 13:58:42', '0000-00-00 00:00:00', 19.75, 526.62, 6, 3, 2, 1, 0, 0.938, 1, 0.962497, 1, 0.956499),
(1203, 2, 124, NULL, 1, 2019, '2019-09-26 13:58:42', '0000-00-00 00:00:00', 108.83, 526.62, 6, 3, 2, 1, 0, 0.956, 1, 0.793342, 1, 0.909114),
(1204, 2, 125, NULL, 1, 2019, '2019-09-26 13:58:42', '0000-00-00 00:00:00', 9.25, 526.62, 6, 3, 2, 1, 0, 0.938, 1, 0.982435, 1, 0.963145),
(1205, 2, 126, NULL, 1, 2019, '2019-09-26 13:58:42', '0000-00-00 00:00:00', 139.11, 526.62, 6, 3, 2, 1, 0, 0.886, 1, 0.735844, 1, 0.854948),
(1206, 2, 127, NULL, 1, 2019, '2019-09-26 13:58:42', '0000-00-00 00:00:00', 15, 526.62, 6, 3, 2, 1, 0, 0.95, 1, 0.971516, 1, 0.965505),
(1207, 2, 128, NULL, 1, 2019, '2019-09-26 13:58:42', '0000-00-00 00:00:00', 30.95, 526.62, 6, 3, 2, 1, 0, 0.904, 1, 0.941229, 1, 0.93241),
(1208, 2, 129, NULL, 1, 2019, '2019-09-26 13:58:42', '0000-00-00 00:00:00', 72.33, 526.62, 6, 3, 2, 1, 0, 0.664, 1, 0.862652, 1, 0.786217),
(1209, 2, 130, NULL, 1, 2019, '2019-09-26 13:58:43', '0000-00-00 00:00:00', 4, 526.62, 6, 3, 2, 1, 0, 0.664, 1, 0.992404, 1, 0.829468),
(1210, 2, 131, NULL, 1, 2019, '2019-09-26 13:58:43', '0000-00-00 00:00:00', 60.16, 526.62, 6, 3, 2, 1, 0, 0.757, 1, 0.885762, 1, 0.840421),
(1211, 2, 132, NULL, 1, 2019, '2019-09-26 13:58:43', '0000-00-00 00:00:00', 18, 526.62, 6, 3, 2, 1, 0, 0.768, 1, 0.96582, 1, 0.872607),
(1212, 2, 133, NULL, 1, 2019, '2019-09-26 13:58:43', '0000-00-00 00:00:00', 74.77, 526.62, 6, 3, 2, 1, 0, 0.953, 1, 0.858019, 1, 0.929173),
(1213, 2, 134, NULL, 1, 2019, '2019-09-26 13:58:43', '0000-00-00 00:00:00', 15.83, 526.62, 6, 3, 2, 1, 0, 0.905, 1, 0.96994, 1, 0.94248),
(1214, 2, 135, NULL, 1, 2019, '2019-09-26 13:58:43', '0000-00-00 00:00:00', 24, 526.62, 6, 3, 2, 1, 0, 0.801, 1.22222, 0.944299, 1, 0.881933),
(1215, 2, 136, NULL, 1, 2019, '2019-09-26 13:58:43', '0000-00-00 00:00:00', 119.17, 526.62, 6, 3, 2, 1, 0, 0.922, 1, 0.773708, 1, 0.885569),
(1216, 2, 137, NULL, 1, 2019, '2019-09-26 13:58:43', '0000-00-00 00:00:00', 94.1, 526.62, 6, 3, 2, 1, 0, 0.678, 1, 0.821313, 1, 0.779438),
(1217, 2, 138, NULL, 1, 2019, '2019-09-26 13:58:43', '0000-00-00 00:00:00', 85.89, 526.62, 6, 3, 2, 1, 0, 0.868, 1, 0.836903, 1, 0.879634),
(1218, 2, 139, NULL, 1, 2019, '2019-09-26 13:58:43', '0000-00-00 00:00:00', 7.17, 526.62, 6, 3, 2, 1, 0, 0.93, 1, 0.986385, 1, 0.960462),
(1219, 2, 140, NULL, 1, 2019, '2019-09-26 13:58:43', '0000-00-00 00:00:00', 83.35, 526.62, 6, 3, 2, 1, 0, 0.896, 1, 0.841726, 1, 0.895242),
(1220, 2, 141, NULL, 1, 2019, '2019-09-26 13:58:43', '0000-00-00 00:00:00', 15.42, 526.62, 6, 3, 2, 1, 0, 0.845, 1, 0.970719, 1, 0.91274),
(1221, 2, 142, NULL, 1, 2019, '2019-09-26 13:58:43', '0000-00-00 00:00:00', 0, 526.62, 6, 3, 2, 1, 0, 0.925, 1, 1, 1, 0.9625),
(1222, 2, 143, NULL, 1, 2019, '2019-09-26 13:58:43', '0000-00-00 00:00:00', 19.58, 526.62, 6, 3, 2, 1, 0, 0.913, 1, 0.96282, 1, 0.944107),
(1223, 2, 144, NULL, 1, 2019, '2019-09-26 13:58:43', '0000-00-00 00:00:00', 0, 526.62, 6, 3, 2, 1, 0, 0.891, 1.1, 1, 1, 0.9455),
(1224, 2, 145, NULL, 1, 2019, '2019-09-26 13:58:44', '0000-00-00 00:00:00', 10.42, 526.62, 6, 3, 2, 1, 0, 0.934, 1, 0.980213, 1, 0.960404),
(1225, 2, 146, NULL, 1, 2019, '2019-09-26 13:58:44', '0000-00-00 00:00:00', 234.11, 526.62, 6, 3, 2, 1, 0, 0.927, 1, 0.555448, 1, 0.815316),
(1226, 2, 147, NULL, 1, 2019, '2019-09-26 13:58:44', '0000-00-00 00:00:00', 163.47, 526.62, 6, 3, 2, 1, 0, 0.955, 1, 0.689586, 1, 0.874029),
(1227, 2, 148, NULL, 1, 2019, '2019-09-26 13:58:44', '0000-00-00 00:00:00', 159.89, 526.62, 6, 3, 2, 1, 0, 0.909, 1, 0.696384, 1, 0.853295),
(1228, 2, 149, NULL, 1, 2019, '2019-09-26 13:58:44', '0000-00-00 00:00:00', 313.25, 526.62, 6, 3, 2, 1, 0, 0.665, 1, 0.405169, 1, 0.634223),
(1229, 2, 150, NULL, 1, 2019, '2019-09-26 13:58:44', '0000-00-00 00:00:00', 81.67, 526.62, 6, 3, 2, 1, 0, 0.986, 1, 0.844917, 1, 0.941306),
(1230, 2, 151, NULL, 1, 2019, '2019-09-26 13:58:44', '0000-00-00 00:00:00', 0, 526.62, 6, 3, 2, 1, 0, 0.715, 1.22222, 1, 1, 0.8575),
(1231, 2, 153, NULL, 1, 2019, '2019-09-26 13:58:44', '0000-00-00 00:00:00', 12, 526.62, 6, 3, 2, 1, 0, 0.682, 1.22222, 0.972149, 1, 0.831716),
(1232, 2, 154, NULL, 1, 2019, '2019-09-26 13:58:44', '0000-00-00 00:00:00', 63, 526.62, 6, 3, 2, 1, 0, 0.734, 1.22222, 0.853785, 1, 0.818262);
INSERT INTO `aproveitamento` (`idAproveitamento`, `idUsuario`, `idFuncionario`, `idUsuarioUltimaAlteracao`, `semestre`, `ano`, `dataLancamento`, `dataUltimaAlteracao`, `horasAbsenteismo`, `maxHorasAbsenteismo`, `maxFatorDisciplinar`, `pesoDesempenho`, `pesoAbsenteismo`, `pesoFatorDisciplinar`, `fatorDisciplinar`, `indiceDesempenho`, `indiceCargaHoraria`, `indiceAbsenteismo`, `indiceDisciplinar`, `indiceAproveitamento`) VALUES
(1233, 2, 155, NULL, 1, 2019, '2019-09-26 13:58:44', '0000-00-00 00:00:00', 64.5, 526.62, 6, 3, 2, 1, 0, 0.89, 1, 0.877521, 1, 0.904174),
(1234, 2, 156, NULL, 1, 2019, '2019-09-26 13:58:44', '0000-00-00 00:00:00', 106.21, 526.62, 6, 3, 2, 1, 0, 0.953, 1, 0.798318, 1, 0.909273),
(1235, 2, 157, NULL, 1, 2019, '2019-09-26 13:58:44', '0000-00-00 00:00:00', 106, 526.62, 6, 3, 2, 1, 0, 0.805, 1, 0.798716, 1, 0.835405),
(1236, 2, 158, NULL, 1, 2019, '2019-09-26 13:58:45', '0000-00-00 00:00:00', 26.65, 526.62, 6, 3, 2, 1, 0, 0.916, 1, 0.949394, 1, 0.941131),
(1237, 2, 163, NULL, 1, 2019, '2019-09-26 13:58:45', '0000-00-00 00:00:00', 27.69, 526.62, 6, 3, 2, 1, 0, 0.978, 1, 0.947419, 1, 0.971473),
(1238, 2, 164, NULL, 1, 2019, '2019-09-26 13:58:45', '0000-00-00 00:00:00', 0, 526.62, 6, 3, 2, 1, 0, 0.88, 1, 1, 1, 0.94),
(1239, 2, 165, NULL, 1, 2019, '2019-09-26 13:58:45', '0000-00-00 00:00:00', 47.13, 526.62, 6, 3, 2, 1, 0, 0.92, 1, 0.910505, 1, 0.930168),
(1240, 2, 170, NULL, 1, 2019, '2019-09-26 13:58:45', '0000-00-00 00:00:00', 301.25, 526.62, 6, 3, 2, 1, 0, 0.88, 1, 0.427956, 1, 0.749319),
(1241, 2, 171, NULL, 1, 2019, '2019-09-26 13:58:45', '0000-00-00 00:00:00', 101.91, 526.62, 6, 3, 2, 1, 0, 0.9, 1, 0.806483, 1, 0.885494),
(1242, 2, 172, NULL, 1, 2019, '2019-09-26 13:58:45', '0000-00-00 00:00:00', 72, 526.62, 6, 3, 2, 1, 0, 0.791, 1, 0.863279, 1, 0.849926),
(1243, 2, 173, NULL, 1, 2019, '2019-09-26 13:58:45', '0000-00-00 00:00:00', 136.34, 526.62, 6, 3, 2, 1, 0, 0.817, 1, 0.741104, 1, 0.822201),
(1244, 2, 174, NULL, 1, 2019, '2019-09-26 13:58:45', '0000-00-00 00:00:00', 30.25, 526.62, 6, 3, 2, 1, 0, 0.757, 1, 0.942558, 1, 0.859353),
(1245, 2, 175, NULL, 1, 2019, '2019-09-26 13:58:45', '0000-00-00 00:00:00', 8.75, 526.62, 6, 3, 2, 1, 0, 0.948, 1, 0.983385, 1, 0.968462),
(1246, 2, 176, NULL, 1, 2019, '2019-09-26 13:58:45', '0000-00-00 00:00:00', 71, 526.62, 6, 3, 2, 1, 0, 0.895, 1, 0.865178, 1, 0.902559),
(1247, 2, 177, NULL, 1, 2019, '2019-09-26 13:58:45', '0000-00-00 00:00:00', 0, 526.62, 6, 3, 2, 1, 0, 0.93, 1, 1, 1, 0.965),
(1248, 2, 179, NULL, 1, 2019, '2019-09-26 13:58:45', '0000-00-00 00:00:00', 26.5, 526.62, 6, 3, 2, 1, 0, 0.927, 1, 0.949679, 1, 0.946726),
(1249, 2, 180, NULL, 1, 2019, '2019-09-26 13:58:46', '0000-00-00 00:00:00', 223.83, 526.62, 6, 3, 2, 1, 0, 0.928, 1, 0.574969, 1, 0.822323),
(1250, 2, 181, NULL, 1, 2019, '2019-09-26 13:58:46', '0000-00-00 00:00:00', 35, 526.62, 6, 3, 2, 1, 0, 0.826, 1, 0.933538, 1, 0.890846),
(1251, 2, 183, NULL, 1, 2019, '2019-09-26 13:58:46', '0000-00-00 00:00:00', 37.33, 526.62, 6, 3, 2, 1, 0, 0.875, 1, 0.929114, 1, 0.913871),
(1252, 2, 184, NULL, 1, 2019, '2019-09-26 13:58:46', '0000-00-00 00:00:00', 9.32, 526.62, 6, 3, 2, 1, 0, 0.917, 1, 0.982302, 1, 0.952601),
(1253, 2, 185, NULL, 1, 2019, '2019-09-26 13:58:46', '0000-00-00 00:00:00', 36.01, 526.62, 6, 3, 2, 1, 0, 0.938, 1, 0.931621, 1, 0.946207),
(1254, 2, 187, NULL, 1, 2019, '2019-09-26 13:58:46', '0000-00-00 00:00:00', 0.92, 526.62, 6, 3, 2, 1, 2, 0.648, 1, 0.998253, 0.666667, 0.767862),
(1255, 2, 188, NULL, 1, 2019, '2019-09-26 13:58:46', '0000-00-00 00:00:00', 5.1, 526.62, 6, 3, 2, 1, 0, 0.9, 1, 0.990316, 1, 0.946772),
(1256, 2, 189, NULL, 1, 2019, '2019-09-26 13:58:46', '0000-00-00 00:00:00', 0, 526.62, 6, 3, 2, 1, 0, 0.557, 1, 1, 1, 0.7785),
(1257, 2, 190, NULL, 1, 2019, '2019-09-26 13:58:46', '0000-00-00 00:00:00', 140.79, 526.62, 6, 3, 2, 1, 0, 0.955, 1, 0.732653, 1, 0.888385),
(1258, 2, 191, NULL, 1, 2019, '2019-09-26 13:58:46', '0000-00-00 00:00:00', 18, 526.62, 6, 3, 2, 1, 0, 0.824, 1, 0.96582, 1, 0.900607),
(1259, 2, 192, NULL, 1, 2019, '2019-09-26 13:58:46', '0000-00-00 00:00:00', 33.82, 526.62, 6, 3, 2, 1, 0, 0.908, 1, 0.935779, 1, 0.932593),
(1260, 2, 194, NULL, 1, 2019, '2019-09-26 13:58:46', '0000-00-00 00:00:00', 159.14, 526.62, 6, 3, 2, 1, 0, 0.903, 1, 0.697809, 1, 0.85077),
(1261, 2, 195, NULL, 1, 2019, '2019-09-26 13:58:46', '0000-00-00 00:00:00', 65.41, 526.62, 6, 3, 2, 1, 0, 0.766, 1, 0.875793, 1, 0.841598),
(1262, 2, 197, NULL, 1, 2019, '2019-09-26 13:58:46', '0000-00-00 00:00:00', 40.94, 526.62, 6, 3, 2, 1, 0, 0.873, 1, 0.922259, 1, 0.910586),
(1263, 2, 198, NULL, 1, 2019, '2019-09-26 13:58:46', '0000-00-00 00:00:00', 29.45, 526.62, 6, 3, 2, 1, 0, 0.955, 1, 0.944077, 1, 0.958859),
(1264, 2, 199, NULL, 1, 2019, '2019-09-26 13:58:46', '0000-00-00 00:00:00', 46.5, 526.62, 6, 3, 2, 1, 0, 0.947, 1, 0.911701, 1, 0.944067),
(1265, 2, 200, NULL, 1, 2019, '2019-09-26 13:58:47', '0000-00-00 00:00:00', 141.56, 526.62, 6, 3, 2, 1, 0, 0.714, 1.22222, 0.671456, 1, 0.747485),
(1266, 2, 201, NULL, 1, 2019, '2019-09-26 13:58:47', '0000-00-00 00:00:00', 14.92, 526.62, 6, 3, 2, 1, 0, 0.961, 1, 0.971668, 1, 0.971056),
(1267, 2, 202, NULL, 1, 2019, '2019-09-26 13:58:47', '0000-00-00 00:00:00', 150.75, 526.62, 6, 3, 2, 1, 3, 0.821, 1, 0.71374, 0.5, 0.731747),
(1268, 2, 206, NULL, 1, 2019, '2019-09-26 13:58:47', '0000-00-00 00:00:00', 1.16, 526.62, 6, 3, 2, 1, 0, 0.909, 1, 0.997797, 1, 0.953766),
(1269, 2, 207, NULL, 1, 2019, '2019-09-26 13:58:47', '0000-00-00 00:00:00', 8.71, 526.62, 6, 3, 2, 1, 0, 0.857, 1, 0.983461, 1, 0.922987),
(1270, 2, 208, NULL, 1, 2019, '2019-09-26 13:58:47', '0000-00-00 00:00:00', 4.67, 526.62, 6, 3, 2, 1, 0, 0.815, 1, 0.991132, 1, 0.904544),
(1271, 2, 209, NULL, 1, 2019, '2019-09-26 13:58:47', '0000-00-00 00:00:00', 21.49, 526.62, 6, 3, 2, 1, 0, 0.867, 1, 0.959193, 1, 0.919898),
(1272, 2, 210, NULL, 1, 2019, '2019-09-26 13:58:47', '0000-00-00 00:00:00', 4.07, 526.62, 6, 3, 2, 1, 0, 0.955, 1, 0.992271, 1, 0.974924),
(1273, 2, 211, NULL, 1, 2019, '2019-09-26 13:58:47', '0000-00-00 00:00:00', 110.12, 526.62, 6, 3, 2, 1, 0, 0.865, 1, 0.790893, 1, 0.862798),
(1274, 2, 212, NULL, 1, 2019, '2019-09-26 13:58:47', '0000-00-00 00:00:00', 34.65, 526.62, 6, 3, 2, 1, 0, 0.853, 2.2, 0.855247, 1, 0.878249),
(1275, 2, 213, NULL, 1, 2019, '2019-09-26 13:58:47', '0000-00-00 00:00:00', 90.06, 526.62, 6, 3, 2, 1, 0, 0.673, 1, 0.828985, 1, 0.779495),
(1276, 2, 214, NULL, 1, 2019, '2019-09-26 13:58:47', '0000-00-00 00:00:00', 20.24, 526.62, 6, 3, 2, 1, 0, 0.954, 1, 0.961566, 1, 0.964189),
(1277, 2, 215, NULL, 1, 2019, '2019-09-26 13:58:47', '0000-00-00 00:00:00', 33, 526.62, 6, 3, 2, 1, 0, 0.897, 1, 0.937336, 1, 0.927612),
(1278, 2, 216, NULL, 1, 2019, '2019-09-26 13:58:47', '0000-00-00 00:00:00', 13, 526.62, 6, 3, 2, 1, 0, 0.729, 1.22222, 0.969829, 1, 0.854443),
(1279, 2, 217, NULL, 1, 2019, '2019-09-26 13:58:47', '0000-00-00 00:00:00', 59.42, 526.62, 6, 3, 2, 1, 0, 0.95, 1, 0.887167, 1, 0.937389),
(1280, 2, 218, NULL, 1, 2019, '2019-09-26 13:58:47', '0000-00-00 00:00:00', 40.7, 526.62, 6, 3, 2, 1, 0, 0.924, 1, 0.922715, 1, 0.936238),
(1281, 2, 220, NULL, 1, 2019, '2019-09-26 13:58:47', '0000-00-00 00:00:00', 12.4, 526.62, 6, 3, 2, 1, 0, 0.846, 1, 0.976454, 1, 0.915151),
(1282, 2, 222, NULL, 1, 2019, '2019-09-26 13:58:48', '0000-00-00 00:00:00', 215.76, 526.62, 6, 3, 2, 1, 0, 0.893, 1, 0.590293, 1, 0.809931),
(1283, 2, 223, NULL, 1, 2019, '2019-09-26 13:58:48', '0000-00-00 00:00:00', 18, 526.62, 6, 3, 2, 1, 0, 0.917, 1, 0.96582, 1, 0.947107),
(1284, 2, 224, NULL, 1, 2019, '2019-09-26 13:58:48', '0000-00-00 00:00:00', 0, 526.62, 6, 3, 2, 1, 0, 0.714, 1, 1, 1, 0.857),
(1285, 2, 226, NULL, 1, 2019, '2019-09-26 13:58:48', '0000-00-00 00:00:00', 22, 526.62, 6, 3, 2, 1, 0, 0.898, 1, 0.958224, 1, 0.935075),
(1286, 2, 229, NULL, 1, 2019, '2019-09-26 13:58:48', '0000-00-00 00:00:00', 8.67, 526.62, 6, 3, 2, 1, 0, 0.958, 1, 0.983537, 1, 0.973512),
(1287, 2, 232, NULL, 1, 2019, '2019-09-26 13:58:48', '0000-00-00 00:00:00', 9.42, 526.62, 6, 3, 2, 1, 0, 0.958, 1, 0.982112, 1, 0.973037),
(1288, 2, 233, NULL, 1, 2019, '2019-09-26 13:58:48', '0000-00-00 00:00:00', 8.4, 526.62, 6, 3, 2, 1, 0, 0.933, 1, 0.984049, 1, 0.961183),
(1289, 2, 234, NULL, 1, 2019, '2019-09-26 13:58:48', '0000-00-00 00:00:00', 1.08, 526.62, 6, 3, 2, 1, 0, 0.952, 1, 0.997949, 1, 0.975316),
(1290, 2, 235, NULL, 1, 2019, '2019-09-26 13:58:48', '0000-00-00 00:00:00', 21, 526.62, 6, 3, 2, 1, 0, 0.962, 1, 0.960123, 1, 0.967708),
(1291, 2, 236, NULL, 1, 2019, '2019-09-26 13:58:48', '0000-00-00 00:00:00', 238.58, 526.62, 6, 3, 2, 1, 0, 0.877, 1, 0.54696, 1, 0.787487),
(1292, 2, 237, NULL, 1, 2019, '2019-09-26 13:58:48', '0000-00-00 00:00:00', 24, 526.62, 6, 3, 2, 1, 0, 0.838, 1.22222, 0.944299, 1, 0.900433),
(1293, 2, 238, NULL, 1, 2019, '2019-09-26 13:58:48', '0000-00-00 00:00:00', 83.24, 526.62, 6, 3, 2, 1, 0, 0.866, 1, 0.841935, 1, 0.880312),
(1294, 2, 239, NULL, 1, 2019, '2019-09-26 13:58:48', '0000-00-00 00:00:00', 11.16, 526.62, 6, 3, 2, 1, 0, 0.889, 1, 0.978808, 1, 0.937436),
(1295, 2, 240, NULL, 1, 2019, '2019-09-26 13:58:48', '0000-00-00 00:00:00', 68.09, 526.62, 6, 3, 2, 1, 0, 0.948, 1, 0.870704, 1, 0.930901),
(1296, 2, 251, NULL, 1, 2019, '2019-09-26 13:58:48', '0000-00-00 00:00:00', 0, 526.62, 6, 3, 2, 1, 0, 0.931, 1, 1, 1, 0.9655),
(1297, 1, 204, NULL, 1, 2018, '2019-11-13 18:42:52', '0000-00-00 00:00:00', 0, NULL, 6, 3, 2, 1, 5, 0.723, 1, 0, 0.166667, 0.389278),
(1298, 2, 215, NULL, 2, 2019, '2020-01-10 12:40:37', '0000-00-00 00:00:00', 22.59, 474.41, 3, 3, 2, 1, 0, 0.797, 1, 0.952383, 1, 0.882628),
(1299, 2, 227, NULL, 2, 2019, '2020-01-10 12:40:37', '0000-00-00 00:00:00', 0, 474.41, 3, 3, 2, 1, 0, 0.846, 1, 1, 1, 0.923);

-- --------------------------------------------------------

--
-- Estrutura para tabela `desempenho`
--

CREATE TABLE `desempenho` (
  `idDesempenho` int(11) NOT NULL,
  `idFuncionario` int(11) DEFAULT NULL,
  `idUsuario` int(11) DEFAULT NULL,
  `nota` float DEFAULT NULL,
  `semestre` int(11) DEFAULT NULL,
  `ano` int(11) DEFAULT NULL,
  `dataLancamento` timestamp NOT NULL DEFAULT CURRENT_TIMESTAMP ON UPDATE CURRENT_TIMESTAMP
) ENGINE=InnoDB DEFAULT CHARSET=utf8;

--
-- Fazendo dump de dados para tabela `desempenho`
--

INSERT INTO `desempenho` (`idDesempenho`, `idFuncionario`, `idUsuario`, `nota`, `semestre`, `ano`, `dataLancamento`) VALUES
(1, 1, 7, 9.12, 2, 2018, '2019-03-21 12:11:39'),
(2, 2, 7, 7.37, 2, 2018, '2019-03-21 12:12:40'),
(3, 3, 7, 7.43, 2, 2018, '2019-03-21 12:14:23'),
(4, 4, 7, 7.57, 2, 2018, '2019-03-21 12:15:02'),
(5, 5, 7, 8.37, 2, 2018, '2019-03-21 12:15:25'),
(6, 6, 7, 6.41, 2, 2018, '2019-03-21 12:15:47'),
(7, 7, 7, 7.47, 2, 2018, '2019-03-21 12:16:11'),
(8, 8, 7, 7.75, 2, 2018, '2019-03-21 12:16:56'),
(9, 9, 7, 8.41, 2, 2018, '2019-03-21 12:17:14'),
(10, 11, 7, 7.81, 2, 2018, '2019-03-21 12:17:35'),
(11, 12, 7, 9.49, 2, 2018, '2019-03-21 12:18:20'),
(12, 13, 7, 8.18, 2, 2018, '2019-03-21 12:18:57'),
(13, 14, 7, 8.8, 2, 2018, '2019-03-21 12:19:22'),
(14, 15, 7, 7.72, 2, 2018, '2019-03-21 12:19:41'),
(15, 16, 7, 7.22, 2, 2018, '2019-03-21 12:20:06'),
(16, 17, 7, 7.87, 2, 2018, '2019-03-21 12:20:31'),
(17, 18, 7, 8.09, 2, 2018, '2019-03-21 12:21:05'),
(18, 20, 7, 7.88, 2, 2018, '2019-03-21 12:21:46'),
(19, 21, 7, 7.44, 2, 2018, '2019-03-21 12:22:38'),
(20, 22, 7, 7.76, 2, 2018, '2019-03-21 12:22:59'),
(21, 24, 7, 8.2, 2, 2018, '2019-03-21 12:26:33'),
(22, 25, 7, 9.41, 2, 2018, '2019-03-21 12:26:57'),
(23, 26, 7, 8.55, 2, 2018, '2019-03-21 12:27:18'),
(24, 27, 7, 9.38, 2, 2018, '2019-03-21 12:27:48'),
(25, 28, 7, 9.08, 2, 2018, '2019-05-02 11:18:48'),
(26, 29, 7, 7.46, 2, 2018, '2019-03-21 12:28:24'),
(27, 30, 7, 9.17, 2, 2018, '2019-03-21 12:28:39'),
(28, 31, 7, 8.1, 2, 2018, '2019-03-21 12:29:42'),
(29, 32, 7, 9.05, 2, 2018, '2019-03-21 12:30:03'),
(30, 33, 7, 8.9, 2, 2018, '2019-03-21 12:30:20'),
(31, 34, 7, 9.38, 2, 2018, '2019-03-21 12:30:45'),
(32, 35, 7, 8.03, 2, 2018, '2019-03-21 12:31:04'),
(33, 36, 7, 8.82, 2, 2018, '2019-03-21 12:31:28'),
(34, 37, 7, 7.48, 2, 2018, '2019-03-21 12:31:48'),
(35, 38, 7, 7.94, 2, 2018, '2019-03-21 12:32:10'),
(36, 39, 7, 8.33, 2, 2018, '2019-03-21 12:32:29'),
(37, 40, 7, 8.14, 2, 2018, '2019-03-21 12:32:47'),
(38, 41, 7, 8.19, 2, 2018, '2019-03-21 12:33:06'),
(39, 42, 7, 9.04, 2, 2018, '2019-03-21 12:33:23'),
(40, 44, 7, 6.72, 2, 2018, '2019-03-21 12:33:42'),
(41, 45, 7, 9.26, 2, 2018, '2019-03-21 12:34:01'),
(42, 46, 7, 7.96, 2, 2018, '2019-03-21 12:35:07'),
(43, 47, 7, 7.26, 2, 2018, '2019-03-21 12:35:25'),
(44, 48, 7, 9, 2, 2018, '2019-03-21 12:35:43'),
(45, 49, 7, 8.3, 2, 2018, '2019-03-21 12:36:07'),
(46, 50, 7, 9.07, 2, 2018, '2019-03-21 12:36:30'),
(47, 51, 7, 8.6, 2, 2018, '2019-03-21 12:36:50'),
(48, 52, 7, 8.57, 2, 2018, '2019-03-21 12:37:24'),
(49, 53, 7, 8.2, 2, 2018, '2019-03-21 12:37:43'),
(50, 54, 7, 7.61, 2, 2018, '2019-03-21 12:39:02'),
(51, 55, 7, 9.01, 2, 2018, '2019-03-21 12:39:19'),
(52, 56, 7, 8.3, 2, 2018, '2019-03-21 12:39:38'),
(53, 57, 7, 9.05, 2, 2018, '2019-03-21 12:39:53'),
(54, 58, 7, 9.31, 2, 2018, '2019-03-21 12:40:09'),
(55, 59, 7, 7.08, 2, 2018, '2019-03-21 12:40:23'),
(56, 60, 7, 6.45, 2, 2018, '2019-03-21 12:40:40'),
(57, 61, 7, 7.99, 2, 2018, '2019-03-21 12:40:58'),
(58, 62, 7, 9.03, 2, 2018, '2019-03-21 12:41:22'),
(59, 63, 7, 7.5, 2, 2018, '2019-03-21 12:41:37'),
(60, 64, 7, 7.51, 2, 2018, '2019-03-21 12:41:54'),
(61, 65, 7, 8.95, 2, 2018, '2019-03-21 12:42:07'),
(62, 66, 7, 9.3, 2, 2018, '2019-03-21 12:42:22'),
(63, 67, 7, 9.59, 2, 2018, '2019-03-21 12:42:36'),
(64, 68, 7, 8.02, 2, 2018, '2019-03-21 12:42:53'),
(65, 69, 7, 7.94, 2, 2018, '2019-03-21 12:43:09'),
(66, 70, 7, 8.03, 2, 2018, '2019-03-21 12:43:22'),
(67, 71, 7, 8.21, 2, 2018, '2019-03-21 12:43:35'),
(68, 72, 7, 8.83, 2, 2018, '2019-03-21 12:43:53'),
(69, 73, 7, 8.59, 2, 2018, '2019-03-21 12:44:07'),
(70, 74, 7, 9.54, 2, 2018, '2019-03-21 12:44:21'),
(71, 75, 7, 7.11, 2, 2018, '2019-03-21 12:44:36'),
(72, 76, 7, 7.93, 2, 2018, '2019-03-21 12:44:50'),
(73, 77, 7, 8.08, 2, 2018, '2019-03-21 12:47:08'),
(74, 78, 7, 8.85, 2, 2018, '2019-03-21 12:47:26'),
(75, 79, 7, 8.77, 2, 2018, '2019-03-21 12:48:06'),
(76, 80, 7, 9.57, 2, 2018, '2019-03-21 12:48:25'),
(77, 81, 7, 7.21, 2, 2018, '2019-03-21 12:49:09'),
(78, 82, 7, 8.22, 2, 2018, '2019-03-21 12:49:25'),
(79, 83, 7, 8.47, 2, 2018, '2019-03-21 12:49:41'),
(80, 85, 7, 7.93, 2, 2018, '2019-03-21 12:50:35'),
(81, 86, 7, 8.15, 2, 2018, '2019-03-21 12:51:04'),
(82, 87, 7, 7.71, 2, 2018, '2019-03-21 12:51:27'),
(83, 88, 7, 7.9, 2, 2018, '2019-03-21 12:52:28'),
(84, 89, 7, 7.36, 2, 2018, '2019-03-21 12:52:48'),
(85, 90, 7, 9.36, 2, 2018, '2019-03-21 12:53:08'),
(86, 91, 7, 8.03, 2, 2018, '2019-03-21 12:53:31'),
(87, 92, 7, 7.95, 2, 2018, '2019-03-21 12:53:56'),
(88, 95, 7, 8.95, 2, 2018, '2019-03-21 12:54:19'),
(89, 93, 7, 8.87, 2, 2018, '2019-03-21 12:55:07'),
(90, 94, 7, 9.23, 2, 2018, '2019-03-21 12:55:28'),
(91, 96, 7, 7.97, 2, 2018, '2019-03-21 12:55:58'),
(92, 97, 7, 7.63, 2, 2018, '2019-03-21 12:56:23'),
(93, 98, 7, 8.95, 2, 2018, '2019-03-21 12:56:45'),
(94, 99, 7, 7.76, 2, 2018, '2019-03-21 12:57:00'),
(95, 101, 7, 7.72, 2, 2018, '2019-03-21 12:57:18'),
(96, 102, 7, 7.78, 2, 2018, '2019-03-21 12:57:48'),
(97, 103, 7, 8.38, 2, 2018, '2019-03-21 12:58:07'),
(98, 104, 7, 7.12, 2, 2018, '2019-03-21 13:10:05'),
(99, 105, 7, 9.07, 2, 2018, '2019-03-21 13:10:17'),
(100, 106, 7, 8.91, 2, 2018, '2019-03-21 13:10:40'),
(101, 107, 7, 9.53, 2, 2018, '2019-03-21 13:10:57'),
(102, 108, 7, 8.25, 2, 2018, '2019-03-21 13:11:14'),
(103, 109, 7, 9.26, 2, 2018, '2019-03-21 13:11:31'),
(104, 110, 7, 7.35, 2, 2018, '2019-03-21 13:18:28'),
(105, 111, 7, 7.75, 2, 2018, '2019-03-21 13:18:53'),
(106, 113, 7, 7.99, 2, 2018, '2019-03-21 13:19:18'),
(107, 114, 7, 7.94, 2, 2018, '2019-03-21 13:19:36'),
(108, 115, 7, 8.87, 2, 2018, '2019-03-21 13:19:55'),
(109, 116, 7, 9.4, 2, 2018, '2019-03-21 13:20:15'),
(110, 117, 7, 5.78, 2, 2018, '2019-03-21 13:20:33'),
(111, 118, 7, 4.84, 2, 2018, '2019-03-21 13:20:46'),
(112, 119, 7, 7.93, 2, 2018, '2019-03-21 13:21:39'),
(113, 121, 7, 9.53, 2, 2018, '2019-03-21 13:22:04'),
(114, 122, 7, 8.52, 2, 2018, '2019-03-21 13:22:19'),
(115, 123, 7, 9.01, 2, 2018, '2019-03-21 13:22:41'),
(116, 124, 7, 9.03, 2, 2018, '2019-03-21 13:22:58'),
(117, 125, 7, 8.23, 2, 2018, '2019-03-21 13:23:15'),
(118, 126, 7, 7.88, 2, 2018, '2019-03-21 13:23:40'),
(119, 127, 7, 9.14, 2, 2018, '2019-05-02 11:18:17'),
(120, 128, 7, 8.03, 2, 2018, '2019-03-21 13:24:44'),
(121, 129, 7, 6.44, 2, 2018, '2019-03-21 13:25:00'),
(122, 130, 7, 9.45, 2, 2018, '2019-03-21 13:25:55'),
(123, 131, 7, 7.57, 2, 2018, '2019-03-21 13:26:19'),
(124, 132, 7, 8.32, 2, 2018, '2019-05-02 11:17:50'),
(125, 133, 7, 9.35, 2, 2018, '2019-03-21 13:26:49'),
(126, 134, 7, 8.92, 2, 2018, '2019-03-21 13:27:05'),
(127, 135, 7, 8.83, 2, 2018, '2019-03-21 13:27:21'),
(128, 136, 7, 8.11, 2, 2018, '2019-03-21 13:27:38'),
(129, 138, 7, 7.69, 2, 2018, '2019-03-21 13:27:59'),
(130, 139, 7, 8.21, 2, 2018, '2019-03-21 13:28:21'),
(131, 140, 7, 9.11, 2, 2018, '2019-03-21 13:28:43'),
(132, 142, 7, 9.18, 2, 2018, '2019-03-21 13:29:06'),
(133, 143, 7, 8.06, 2, 2018, '2019-03-21 13:29:26'),
(134, 144, 7, 8.69, 2, 2018, '2019-03-21 13:29:46'),
(135, 145, 7, 8.85, 2, 2018, '2019-05-02 11:17:22'),
(136, 146, 7, 8.44, 2, 2018, '2019-05-02 11:12:46'),
(137, 147, 7, 8.15, 2, 2018, '2019-03-21 13:30:49'),
(138, 150, 7, 9.36, 2, 2018, '2019-03-21 13:31:12'),
(139, 151, 7, 7.7, 2, 2018, '2019-03-21 13:31:50'),
(140, 152, 7, 8.86, 2, 2018, '2019-03-21 13:32:07'),
(141, 153, 7, 7.82, 2, 2018, '2019-03-21 13:32:26'),
(142, 154, 7, 7.77, 2, 2018, '2019-03-21 13:32:52'),
(143, 155, 7, 9.06, 2, 2018, '2019-03-21 13:33:13'),
(144, 156, 7, 9.74, 2, 2018, '2019-03-21 13:33:43'),
(145, 157, 7, 7.36, 2, 2018, '2019-03-21 13:34:33'),
(146, 158, 7, 8.37, 2, 2018, '2019-03-21 13:35:07'),
(147, 162, 7, 8.93, 2, 2018, '2019-03-21 13:35:26'),
(148, 163, 7, 9.44, 2, 2018, '2019-03-21 13:35:50'),
(149, 164, 7, 7.75, 2, 2018, '2019-03-21 13:36:07'),
(150, 165, 7, 8.15, 2, 2018, '2019-03-21 13:36:59'),
(151, 166, 7, 7.9, 2, 2018, '2019-03-21 13:37:25'),
(152, 167, 7, 5.54, 2, 2018, '2019-03-21 13:37:38'),
(153, 168, 7, 6.57, 2, 2018, '2019-03-21 13:37:54'),
(154, 170, 7, 8.05, 2, 2018, '2019-03-21 13:38:09'),
(155, 171, 7, 8.02, 2, 2018, '2019-03-21 13:38:33'),
(156, 172, 7, 7.91, 2, 2018, '2019-03-21 13:38:56'),
(157, 173, 7, 7.42, 2, 2018, '2019-03-21 13:40:14'),
(158, 174, 7, 7.57, 2, 2018, '2019-03-21 13:40:28'),
(159, 175, 7, 9, 2, 2018, '2019-03-21 13:41:33'),
(160, 176, 7, 7.99, 2, 2018, '2019-03-21 13:41:45'),
(161, 177, 7, 9.33, 2, 2018, '2019-03-21 13:42:00'),
(162, 179, 7, 8.27, 2, 2018, '2019-03-21 13:42:17'),
(163, 180, 7, 7.44, 2, 2018, '2019-03-21 13:42:58'),
(164, 181, 7, 8.54, 2, 2018, '2019-03-21 13:43:15'),
(165, 183, 7, 9.42, 2, 2018, '2019-03-21 13:43:31'),
(166, 184, 7, 8.05, 2, 2018, '2019-03-21 13:43:52'),
(167, 185, 7, 8.94, 2, 2018, '2019-03-21 13:44:09'),
(168, 186, 7, 5.93, 2, 2018, '2019-03-21 13:44:27'),
(169, 187, 7, 6.48, 2, 2018, '2019-03-21 13:44:56'),
(170, 188, 7, 8.15, 2, 2018, '2019-03-21 13:45:13'),
(171, 189, 7, 5.57, 2, 2018, '2019-03-21 13:45:28'),
(172, 190, 7, 8.95, 2, 2018, '2019-03-21 13:45:47'),
(173, 191, 7, 7.39, 2, 2018, '2019-03-21 13:46:02'),
(174, 192, 7, 8.98, 2, 2018, '2019-03-21 13:46:23'),
(175, 193, 7, 8.6, 2, 2018, '2019-03-21 13:46:40'),
(176, 194, 7, 9.27, 2, 2018, '2019-05-02 12:07:13'),
(177, 195, 7, 7.08, 2, 2018, '2019-03-21 13:47:17'),
(178, 196, 7, 6.13, 2, 2018, '2019-03-21 13:47:40'),
(179, 197, 7, 7.89, 2, 2018, '2019-03-21 13:47:54'),
(180, 198, 7, 9.42, 2, 2018, '2019-05-02 11:15:13'),
(181, 199, 7, 9.45, 2, 2018, '2019-03-21 13:48:34'),
(182, 200, 7, 7.2, 2, 2018, '2019-03-21 13:48:50'),
(183, 201, 7, 9.59, 2, 2018, '2019-03-21 13:49:08'),
(184, 202, 7, 6.69, 2, 2018, '2019-03-21 13:49:27'),
(185, 203, 7, 6.95, 2, 2018, '2019-03-21 13:50:00'),
(186, 204, 7, 4.28, 2, 2018, '2019-03-21 13:50:22'),
(187, 205, 7, 9.11, 2, 2018, '2019-03-21 13:50:41'),
(188, 206, 7, 9.11, 2, 2018, '2019-03-21 13:51:04'),
(189, 207, 7, 7.63, 2, 2018, '2019-03-21 13:51:15'),
(190, 208, 7, 6.96, 2, 2018, '2019-03-21 13:51:29'),
(191, 209, 7, 8.01, 2, 2018, '2019-05-02 11:14:21'),
(192, 210, 7, 9.31, 2, 2018, '2019-05-02 11:19:29'),
(193, 211, 7, 8.2, 2, 2018, '2019-05-02 11:13:32'),
(194, 212, 7, 7.78, 2, 2018, '2019-03-21 13:58:16'),
(195, 213, 7, 7.22, 2, 2018, '2019-03-21 13:58:30'),
(196, 214, 7, 9.34, 2, 2018, '2019-03-21 13:58:45'),
(197, 215, 7, 7.97, 2, 2019, '2019-03-21 13:59:02'),
(198, 216, 7, 7.6, 2, 2018, '2019-03-21 13:59:18'),
(199, 217, 7, 9.04, 2, 2018, '2019-03-21 13:59:32'),
(200, 218, 7, 8.79, 2, 2018, '2019-05-02 12:09:35'),
(201, 220, 7, 8.71, 2, 2018, '2019-03-21 14:00:04'),
(202, 222, 7, 8.59, 2, 2018, '2019-03-21 14:00:19'),
(203, 223, 7, 8.03, 2, 2018, '2019-03-21 14:00:31'),
(204, 224, 7, 7.89, 2, 2018, '2019-03-21 14:00:49'),
(205, 225, 7, 7.92, 2, 2018, '2019-03-21 14:01:03'),
(206, 226, 7, 7.88, 2, 2018, '2019-03-21 14:01:19'),
(207, 227, 7, 8.46, 2, 2019, '2019-03-21 14:01:31'),
(208, 229, 7, 9.27, 2, 2018, '2019-03-21 14:01:45'),
(209, 230, 7, 7.97, 2, 2018, '2019-03-21 14:01:58'),
(210, 231, 7, 7.6, 2, 2018, '2019-03-21 14:02:19'),
(211, 232, 7, 9.27, 2, 2018, '2019-03-21 14:02:33'),
(212, 233, 7, 9.44, 2, 2018, '2019-03-21 14:02:47'),
(213, 234, 7, 9.05, 2, 2018, '2019-03-21 14:02:58'),
(214, 235, 7, 9.14, 2, 2018, '2019-03-21 14:03:09'),
(215, 236, 7, 9.21, 2, 2018, '2019-03-21 14:03:24'),
(216, 237, 7, 8.1, 2, 2018, '2019-03-21 14:03:44'),
(217, 238, 7, 8.57, 2, 2018, '2019-03-21 14:08:50'),
(218, 239, 7, 8.08, 2, 2018, '2019-03-21 14:09:08'),
(219, 240, 7, 8.92, 2, 2018, '2019-03-21 14:10:36'),
(220, 241, 7, 8.43, 2, 2018, '2019-03-21 14:10:51'),
(221, 242, 7, 8.91, 2, 2018, '2019-03-21 14:20:57'),
(222, 204, 2, 8.17, 2, 2017, '2019-08-06 17:08:46'),
(223, 204, 2, 7.23, 1, 2018, '2019-08-06 17:09:16'),
(224, 1, 7, 8.96, 1, 2019, '2019-09-24 11:11:46'),
(225, 2, 7, 8.41, 1, 2019, '2019-09-24 11:12:05'),
(226, 3, 7, 8.18, 1, 2019, '2019-09-24 11:12:31'),
(227, 4, 7, 7.57, 1, 2019, '2019-09-24 11:12:53'),
(228, 5, 7, 7.97, 1, 2019, '2019-09-24 11:13:09'),
(229, 6, 7, 6.55, 1, 2019, '2019-09-24 11:13:26'),
(230, 7, 7, 8.68, 1, 2019, '2019-09-24 11:13:42'),
(231, 8, 7, 6.56, 1, 2019, '2019-09-24 11:13:59'),
(232, 9, 7, 8.49, 1, 2019, '2019-09-24 11:14:32'),
(233, 10, 7, 9.29, 1, 2019, '2019-09-24 11:14:44'),
(234, 11, 7, 8.63, 1, 2019, '2019-09-24 11:15:00'),
(235, 12, 7, 9.54, 1, 2019, '2019-09-24 11:15:13'),
(236, 13, 7, 9.23, 1, 2019, '2019-09-24 11:15:27'),
(237, 14, 7, 7.79, 1, 2019, '2019-09-24 11:16:04'),
(238, 15, 7, 8.7, 1, 2019, '2019-09-24 11:16:21'),
(239, 16, 7, 7.74, 1, 2019, '2019-09-24 11:16:32'),
(240, 17, 7, 9.09, 1, 2019, '2019-09-24 11:16:48'),
(241, 18, 7, 9.07, 1, 2019, '2019-09-24 11:17:06'),
(242, 20, 7, 8.98, 1, 2019, '2019-09-24 11:17:21'),
(243, 21, 7, 7.77, 1, 2019, '2019-09-24 11:18:42'),
(244, 22, 7, 8.82, 1, 2019, '2019-09-24 11:18:56'),
(245, 24, 7, 9.19, 1, 2019, '2019-09-24 11:19:10'),
(246, 25, 7, 9.39, 1, 2019, '2019-09-24 11:19:29'),
(247, 26, 7, 7.51, 1, 2019, '2019-09-24 11:19:40'),
(248, 27, 7, 9.5, 1, 2019, '2019-09-24 11:20:04'),
(249, 28, 7, 9.31, 1, 2019, '2019-09-24 11:20:18'),
(250, 29, 7, 8.54, 1, 2019, '2019-09-24 11:20:32'),
(251, 30, 7, 9.4, 1, 2019, '2019-09-24 11:20:47'),
(252, 31, 7, 9.35, 1, 2019, '2019-09-24 11:21:03'),
(253, 32, 7, 8.69, 1, 2019, '2019-09-24 11:21:19'),
(254, 33, 7, 9.11, 1, 2019, '2019-09-24 11:21:32'),
(255, 34, 7, 9.73, 1, 2019, '2019-09-24 11:21:43'),
(256, 35, 7, 9.03, 1, 2019, '2019-09-24 11:22:23'),
(257, 36, 7, 9.51, 1, 2019, '2019-09-24 11:22:37'),
(258, 37, 7, 8.2, 1, 2019, '2019-09-24 11:22:53'),
(259, 38, 7, 8.29, 1, 2019, '2019-09-24 11:23:58'),
(260, 39, 7, 8.72, 1, 2019, '2019-09-24 11:24:14'),
(261, 40, 7, 9.38, 1, 2019, '2019-09-24 11:24:27'),
(262, 41, 7, 9.39, 1, 2019, '2019-09-24 11:24:38'),
(263, 42, 7, 9.64, 1, 2019, '2019-09-24 11:24:56'),
(264, 44, 7, 6.72, 1, 2019, '2019-09-24 11:25:07'),
(265, 45, 7, 9.28, 1, 2019, '2019-09-24 11:25:19'),
(266, 47, 7, 9.02, 1, 2019, '2019-09-24 11:25:33'),
(267, 48, 7, 7.82, 1, 2019, '2019-09-24 11:25:44'),
(268, 49, 7, 9.31, 1, 2019, '2019-09-24 11:26:12'),
(269, 50, 7, 9.34, 1, 2019, '2019-09-24 11:26:27'),
(270, 51, 7, 8.48, 1, 2019, '2019-09-24 11:26:39'),
(271, 52, 7, 8.62, 1, 2019, '2019-09-24 11:26:54'),
(272, 53, 7, 7.81, 1, 2019, '2019-09-24 11:27:05'),
(273, 55, 7, 9.42, 1, 2019, '2019-09-24 11:27:16'),
(274, 56, 7, 9.41, 1, 2019, '2019-09-24 11:27:32'),
(275, 57, 7, 9.3, 1, 2019, '2019-09-24 11:27:46'),
(276, 58, 7, 9.38, 1, 2019, '2019-09-24 11:28:01'),
(277, 59, 7, 7.08, 1, 2019, '2019-09-24 11:28:16'),
(278, 60, 7, 6.45, 1, 2019, '2019-09-24 11:28:26'),
(279, 61, 7, 5.15, 1, 2019, '2019-09-24 11:28:38'),
(280, 62, 7, 9.18, 1, 2019, '2019-09-24 11:28:51'),
(281, 63, 7, 9.16, 1, 2019, '2019-09-24 11:29:08'),
(282, 64, 7, 7.51, 1, 2019, '2019-09-24 11:29:24'),
(283, 65, 7, 9.28, 1, 2019, '2019-09-24 11:29:37'),
(284, 66, 7, 9.32, 1, 2019, '2019-09-24 11:29:50'),
(285, 67, 7, 9.63, 1, 2019, '2019-09-24 11:30:02'),
(286, 68, 7, 8.98, 1, 2019, '2019-09-24 11:30:15'),
(287, 69, 7, 9.44, 1, 2019, '2019-09-24 11:30:26'),
(288, 70, 7, 9.27, 1, 2019, '2019-09-24 11:30:39'),
(289, 72, 7, 9.05, 1, 2019, '2019-09-24 11:31:58'),
(290, 73, 7, 8.59, 1, 2019, '2019-09-24 11:32:12'),
(291, 74, 7, 9.56, 1, 2019, '2019-09-24 11:32:27'),
(292, 75, 7, 7.77, 1, 2019, '2019-09-24 11:32:42'),
(293, 76, 7, 9.14, 1, 2019, '2019-09-24 11:33:29'),
(294, 77, 7, 7.75, 1, 2019, '2019-09-24 11:33:46'),
(295, 78, 7, 9.04, 1, 2019, '2019-09-24 11:34:00'),
(296, 79, 7, 3.9, 1, 2019, '2019-09-24 11:34:13'),
(297, 80, 7, 9.64, 1, 2019, '2019-09-24 11:34:28'),
(298, 81, 7, 8.43, 1, 2019, '2019-09-24 11:34:42'),
(299, 82, 7, 9.36, 1, 2019, '2019-09-24 11:35:15'),
(300, 83, 7, 8.74, 1, 2019, '2019-09-24 11:35:29'),
(301, 84, 7, 6.23, 1, 2019, '2019-09-24 11:35:42'),
(302, 85, 7, 8.73, 1, 2019, '2019-09-24 11:35:53'),
(303, 86, 7, 8.92, 1, 2019, '2019-09-24 11:36:09'),
(304, 87, 7, 8.54, 1, 2019, '2019-09-24 11:36:20'),
(305, 88, 7, 8.36, 1, 2019, '2019-09-24 11:36:36'),
(306, 89, 7, 8.09, 1, 2019, '2019-09-24 11:36:50'),
(307, 90, 7, 9.44, 1, 2019, '2019-09-24 11:37:02'),
(308, 91, 7, 8.99, 1, 2019, '2019-09-24 11:37:16'),
(309, 92, 7, 7.95, 1, 2019, '2019-09-24 11:37:33'),
(310, 95, 7, 8.98, 1, 2019, '2019-09-24 11:37:44'),
(311, 93, 7, 9.02, 1, 2019, '2019-09-24 11:37:56'),
(312, 94, 7, 8.71, 1, 2019, '2019-09-24 11:38:06'),
(313, 96, 7, 8.86, 1, 2019, '2019-09-24 11:38:19'),
(314, 97, 7, 7.63, 1, 2019, '2019-09-24 11:38:30'),
(315, 98, 7, 8.69, 1, 2019, '2019-09-24 11:38:44'),
(316, 99, 7, 7.76, 1, 2019, '2019-09-24 11:39:00'),
(317, 101, 7, 7.72, 1, 2019, '2019-09-24 11:39:12'),
(318, 102, 7, 8.83, 1, 2019, '2019-09-24 11:39:30'),
(319, 103, 7, 8.7, 1, 2019, '2019-09-24 11:39:41'),
(320, 104, 7, 8.74, 1, 2019, '2019-09-24 11:39:55'),
(321, 105, 7, 8.94, 1, 2019, '2019-09-24 11:40:16'),
(322, 106, 7, 8.98, 1, 2019, '2019-09-24 11:40:29'),
(323, 107, 7, 9.85, 1, 2019, '2019-09-24 11:40:41'),
(324, 108, 7, 9.32, 1, 2019, '2019-09-24 11:40:52'),
(325, 109, 7, 9.49, 1, 2019, '2019-09-24 11:41:04'),
(326, 110, 7, 7.66, 1, 2019, '2019-09-24 11:41:18'),
(327, 111, 7, 8.3, 1, 2019, '2019-09-24 11:41:28'),
(328, 112, 7, 8.56, 1, 2019, '2019-09-24 11:41:43'),
(329, 113, 7, 8.58, 1, 2019, '2019-09-24 11:41:51'),
(330, 114, 7, 8.95, 1, 2019, '2019-09-24 11:42:02'),
(331, 115, 7, 8.96, 1, 2019, '2019-09-24 11:42:14'),
(332, 116, 7, 9.39, 1, 2019, '2019-09-24 11:42:24'),
(333, 117, 7, 7.89, 1, 2019, '2019-09-24 11:42:40'),
(334, 119, 7, 8.77, 1, 2019, '2019-09-24 11:42:50'),
(335, 120, 7, 9.06, 1, 2019, '2019-09-24 11:42:58'),
(336, 121, 7, 9.83, 1, 2019, '2019-09-24 11:43:12'),
(337, 122, 7, 9, 1, 2019, '2019-09-24 11:43:23'),
(338, 123, 7, 9.38, 1, 2019, '2019-09-24 11:43:32'),
(339, 124, 7, 9.56, 1, 2019, '2019-09-24 11:43:42'),
(340, 125, 7, 9.38, 1, 2019, '2019-09-24 11:43:54'),
(341, 126, 7, 8.86, 1, 2019, '2019-09-24 11:44:12'),
(342, 127, 7, 9.5, 1, 2019, '2019-09-24 11:44:21'),
(343, 128, 7, 9.04, 1, 2019, '2019-09-24 11:44:34'),
(344, 129, 7, 6.64, 1, 2019, '2019-09-24 11:44:56'),
(345, 130, 7, 6.64, 1, 2019, '2019-09-24 11:45:07'),
(346, 131, 7, 7.57, 1, 2019, '2019-09-24 11:45:45'),
(347, 132, 7, 7.68, 1, 2019, '2019-09-24 11:45:56'),
(348, 133, 7, 9.53, 1, 2019, '2019-09-24 11:46:03'),
(349, 134, 7, 9.05, 1, 2019, '2019-09-24 11:46:14'),
(350, 135, 7, 8.01, 1, 2019, '2019-09-24 11:46:25'),
(351, 136, 7, 9.22, 1, 2019, '2019-09-24 11:46:37'),
(352, 137, 7, 6.78, 1, 2019, '2019-09-24 11:46:45'),
(353, 138, 7, 8.68, 1, 2019, '2019-09-24 11:46:57'),
(354, 139, 7, 9.3, 1, 2019, '2019-09-24 11:47:08'),
(355, 140, 7, 8.96, 1, 2019, '2019-09-24 11:47:21'),
(356, 141, 7, 8.45, 1, 2019, '2019-09-24 11:47:30'),
(357, 142, 7, 9.25, 1, 2019, '2019-09-24 11:47:40'),
(358, 143, 7, 9.13, 1, 2019, '2019-09-24 11:47:50'),
(359, 144, 7, 8.91, 1, 2019, '2019-09-24 11:48:11'),
(360, 145, 7, 9.34, 1, 2019, '2019-09-24 11:48:21'),
(361, 146, 7, 9.27, 1, 2019, '2019-09-24 11:48:30'),
(362, 147, 7, 9.55, 1, 2019, '2019-09-24 11:48:40'),
(363, 148, 7, 9.09, 1, 2019, '2019-09-24 11:48:52'),
(364, 149, 7, 6.65, 1, 2019, '2019-09-24 11:52:59'),
(365, 150, 7, 9.86, 1, 2019, '2019-09-24 11:53:13'),
(366, 151, 7, 7.15, 1, 2019, '2019-09-24 11:53:26'),
(367, 153, 7, 6.82, 1, 2019, '2019-09-24 11:53:37'),
(368, 154, 7, 7.34, 1, 2019, '2019-09-24 11:53:45'),
(369, 155, 7, 8.9, 1, 2019, '2019-09-24 11:53:56'),
(370, 156, 7, 9.53, 1, 2019, '2019-09-24 11:54:06'),
(371, 157, 7, 8.05, 1, 2019, '2019-09-24 11:54:22'),
(372, 158, 7, 9.16, 1, 2019, '2019-09-24 11:54:31'),
(373, 163, 7, 9.78, 1, 2019, '2019-09-24 11:54:40'),
(374, 164, 7, 8.8, 1, 2019, '2019-09-24 11:54:51'),
(375, 165, 7, 9.2, 1, 2019, '2019-09-24 11:55:01'),
(376, 170, 7, 8.8, 1, 2019, '2019-09-24 11:55:15'),
(377, 171, 7, 9, 1, 2019, '2019-09-24 11:55:37'),
(378, 172, 7, 7.91, 1, 2019, '2019-09-24 11:55:50'),
(379, 173, 7, 8.17, 1, 2019, '2019-09-24 11:56:02'),
(380, 174, 7, 7.57, 1, 2019, '2019-09-24 11:56:13'),
(381, 175, 7, 9.48, 1, 2019, '2019-09-24 11:56:22'),
(382, 176, 7, 8.95, 1, 2019, '2019-09-24 11:56:32'),
(383, 177, 7, 9.3, 1, 2019, '2019-09-24 11:56:49'),
(384, 179, 7, 9.27, 1, 2019, '2019-09-24 11:56:59'),
(385, 180, 7, 9.28, 1, 2019, '2019-09-24 11:57:09'),
(386, 181, 7, 8.26, 1, 2019, '2019-09-24 11:57:18'),
(387, 183, 7, 8.75, 1, 2019, '2019-09-24 11:57:27'),
(388, 184, 7, 9.17, 1, 2019, '2019-09-24 11:57:37'),
(389, 185, 7, 9.38, 1, 2019, '2019-09-24 11:57:44'),
(390, 187, 7, 6.48, 1, 2019, '2019-09-24 11:57:54'),
(391, 188, 7, 9, 1, 2019, '2019-09-24 11:58:05'),
(392, 189, 7, 5.57, 1, 2019, '2019-09-24 11:58:16'),
(393, 190, 7, 9.55, 1, 2019, '2019-09-24 11:58:26'),
(394, 191, 7, 8.24, 1, 2019, '2019-09-24 11:58:38'),
(395, 192, 7, 9.08, 1, 2019, '2019-09-24 11:58:59'),
(396, 194, 7, 9.03, 1, 2019, '2019-09-24 11:59:09'),
(397, 195, 7, 7.66, 1, 2019, '2019-09-24 11:59:19'),
(398, 197, 7, 8.73, 1, 2019, '2019-09-24 11:59:30'),
(399, 198, 7, 9.55, 1, 2019, '2019-09-24 11:59:41'),
(400, 199, 7, 9.47, 1, 2019, '2019-09-24 11:59:50'),
(401, 200, 7, 7.14, 1, 2019, '2019-09-24 12:00:02'),
(402, 201, 7, 9.61, 1, 2019, '2019-09-24 12:01:29'),
(403, 202, 7, 8.21, 1, 2019, '2019-09-24 12:01:39'),
(404, 206, 7, 9.09, 1, 2019, '2019-09-24 12:01:51'),
(405, 207, 7, 8.57, 1, 2019, '2019-09-24 12:01:59'),
(406, 208, 7, 8.15, 1, 2019, '2019-09-24 12:02:09'),
(407, 209, 7, 8.67, 1, 2019, '2019-09-24 12:03:26'),
(408, 210, 7, 9.55, 1, 2019, '2019-09-24 12:03:34'),
(409, 211, 7, 8.65, 1, 2019, '2019-09-24 12:03:45'),
(410, 212, 7, 8.53, 1, 2019, '2019-09-24 12:03:58'),
(411, 213, 7, 6.73, 1, 2019, '2019-09-24 12:04:07'),
(412, 214, 7, 9.54, 1, 2019, '2019-09-24 12:04:22'),
(413, 215, 7, 8.97, 1, 2019, '2019-09-24 12:04:30'),
(414, 216, 7, 7.29, 1, 2019, '2019-09-24 12:04:41'),
(415, 217, 7, 9.5, 1, 2019, '2019-09-24 12:04:51'),
(416, 218, 7, 9.24, 1, 2019, '2019-09-24 12:05:01'),
(417, 220, 7, 8.46, 1, 2019, '2019-09-24 12:05:10'),
(418, 222, 7, 8.93, 1, 2019, '2019-09-24 12:05:20'),
(419, 223, 7, 9.17, 1, 2019, '2019-09-24 12:05:30'),
(420, 224, 7, 7.14, 1, 2019, '2019-09-24 12:05:39'),
(421, 226, 7, 8.98, 1, 2019, '2019-09-24 12:05:51'),
(422, 229, 7, 9.58, 1, 2019, '2019-09-24 12:06:02'),
(423, 232, 7, 9.58, 1, 2019, '2019-09-24 12:06:13'),
(424, 233, 7, 9.33, 1, 2019, '2019-09-24 12:06:32'),
(425, 234, 7, 9.52, 1, 2019, '2019-09-24 12:06:43'),
(426, 235, 7, 9.62, 1, 2019, '2019-09-24 12:06:55'),
(427, 236, 7, 8.77, 1, 2019, '2019-09-24 12:07:05'),
(428, 237, 7, 8.38, 1, 2019, '2019-09-24 12:07:13'),
(429, 238, 7, 8.66, 1, 2019, '2019-09-24 12:07:23'),
(430, 239, 7, 8.89, 1, 2019, '2019-09-24 12:07:33'),
(431, 240, 7, 9.48, 1, 2019, '2019-09-24 12:07:40'),
(432, 251, 7, 9.31, 1, 2019, '2019-09-24 12:07:49'),
(433, 54, 7, 9.47, 1, 2019, '2019-09-24 12:07:58');

-- --------------------------------------------------------

--
-- Estrutura para tabela `divisao`
--

CREATE TABLE `divisao` (
  `idDivisao` int(11) NOT NULL,
  `idGerencia` int(11) DEFAULT NULL,
  `descricao` varchar(50) DEFAULT NULL
) ENGINE=InnoDB DEFAULT CHARSET=utf8;

--
-- Fazendo dump de dados para tabela `divisao`
--

INSERT INTO `divisao` (`idDivisao`, `idGerencia`, `descricao`) VALUES
(1, 1, 'DVADM'),
(2, 1, 'DVRH'),
(3, 1, 'DVAP'),
(4, 1, 'SCONF'),
(5, 1, 'AGI'),
(6, 1, 'APGCI'),
(7, 2, 'DVENG'),
(8, 2, 'DVPCP'),
(9, 2, 'DVQN'),
(10, 2, 'DVAPRO'),
(11, 2, 'DVPRO'),
(12, 2, 'SEMER'),
(13, 1, 'AUXCHFJF'),
(14, 1, 'OD'),
(15, 1, 'AUXGEAF'),
(16, 1, 'GEAF'),
(17, 2, 'GIND');

-- --------------------------------------------------------

--
-- Estrutura para tabela `funcionario`
--

CREATE TABLE `funcionario` (
  `idFuncionario` int(11) NOT NULL,
  `idUsuario` int(11) DEFAULT NULL,
  `idSecao` int(11) DEFAULT NULL,
  `nome` varchar(1000) DEFAULT NULL,
  `cargo` varchar(1000) DEFAULT NULL,
  `situacao` varchar(500) DEFAULT NULL,
  `dataAdmissao` timestamp NOT NULL DEFAULT CURRENT_TIMESTAMP ON UPDATE CURRENT_TIMESTAMP,
  `cracha` int(11) DEFAULT NULL,
  `dataCadastro` timestamp NOT NULL DEFAULT '0000-00-00 00:00:00',
  `funcAtivo` tinyint(1) DEFAULT NULL,
  `dataInativacao` timestamp NOT NULL DEFAULT '0000-00-00 00:00:00',
  `cargaHoraria` int(11) DEFAULT NULL,
  `sexo` varchar(50) NOT NULL,
  `dataNascimento` date NOT NULL
) ENGINE=InnoDB DEFAULT CHARSET=utf8;

--
-- Fazendo dump de dados para tabela `funcionario`
--

INSERT INTO `funcionario` (`idFuncionario`, `idUsuario`, `idSecao`, `nome`, `cargo`, `situacao`, `dataAdmissao`, `cracha`, `dataCadastro`, `funcAtivo`, `dataInativacao`, `cargaHoraria`, `sexo`, `dataNascimento`) VALUES
(1, 1, 25, 'Antonio da Silva Filho', 'Tecnico Industrial Especializado ', 'EC/Apos', '1992-06-10 03:00:00', 15, '2018-12-31 02:00:00', 1, '0000-00-00 00:00:00', 44, 'masculino', '1952-12-16'),
(2, 1, 25, 'Carlos Alberto Alves de Souza', 'Auxiliar Tecnico Industrial', 'EC', '1992-06-10 03:00:00', 25, '2018-12-31 02:00:00', 1, '0000-00-00 00:00:00', 44, 'masculino', '1967-01-28'),
(3, 1, 26, 'Carlos Roberto da Silva', 'Oficial de Producao Industrial', 'EC/Apos', '1992-06-10 03:00:00', 29, '2018-12-31 02:00:00', 1, '0000-00-00 00:00:00', 44, 'masculino', '1954-11-18'),
(4, 1, 28, 'Catarina de Oliveira Barbosa', 'Oficial de Producao Industrial', 'EC/Apos', '1992-06-10 03:00:00', 30, '2018-12-31 02:00:00', 1, '0000-00-00 00:00:00', 44, 'feminino', '1947-09-13'),
(5, 1, 10, 'Claudimar Xavier Toledo', 'Guarda de Seguranca Patrimonial', 'EC', '1992-06-10 03:00:00', 33, '2018-12-31 02:00:00', 1, '0000-00-00 00:00:00', 44, 'masculino', '1968-02-28'),
(6, 1, 22, 'Denise Mancini Miranda', 'Auxiliar Tecnico Administrativo ', 'EC/Apos', '1992-06-10 03:00:00', 36, '2018-12-31 02:00:00', 1, '0000-00-00 00:00:00', 44, 'feminino', '1962-11-04'),
(7, 1, 25, 'Dilson Jose Francisco', 'Auxiliar Tecnico Industrial', 'EC/Apos', '1992-06-10 03:00:00', 37, '2018-12-31 02:00:00', 1, '0000-00-00 00:00:00', 44, 'masculino', '1957-01-26'),
(8, 1, 10, 'Esmeraldino Jose Franco', 'Guarda de Seguranca Patrimonial', 'EC/Apos', '1992-06-10 03:00:00', 42, '2018-12-31 02:00:00', 1, '0000-00-00 00:00:00', 44, 'masculino', '1951-03-03'),
(9, 1, 10, 'Estanislau Custodio de Souza', 'Guarda de Seguranca Patrimonial', 'EC', '1992-06-10 03:00:00', 43, '2018-12-31 02:00:00', 1, '0000-00-00 00:00:00', 44, 'masculino', '1968-01-15'),
(10, 1, 29, 'Expedites Jorge da Silva', 'Tecnico Administrativo Especializado', 'EC/Apos', '1992-06-10 03:00:00', 46, '2018-12-31 02:00:00', 1, '0000-00-00 00:00:00', 44, 'masculino', '1946-04-23'),
(11, 1, 22, 'Fatima Myris Mello Santos', 'Chefe de Secao (Supervisor)', 'EC', '1992-06-10 03:00:00', 47, '2018-12-31 02:00:00', 1, '0000-00-00 00:00:00', 44, 'feminino', '1956-10-30'),
(12, 1, 28, 'Fernando Sebastiao de Paulo', 'Tecnico Industrial Especializado ', 'EC/Apos', '1992-06-10 03:00:00', 48, '2018-12-31 02:00:00', 1, '0000-00-00 00:00:00', 44, 'masculino', '1957-03-25'),
(13, 1, 28, 'Francisco Carlos Damaceno', 'Oficial de Producao Industrial', 'EC/Apos', '1992-06-10 03:00:00', 52, '2018-12-31 02:00:00', 1, '0000-00-00 00:00:00', 44, 'masculino', '1961-02-27'),
(14, 1, 10, 'Francisco Carlos Sobreira', 'Guarda de Seguranca Patrimonial', 'EC', '1992-06-10 03:00:00', 53, '2018-12-31 02:00:00', 1, '0000-00-00 00:00:00', 44, 'masculino', '1959-05-19'),
(15, 1, 25, 'Genecy de Souza Filho', 'Auxiliar Tecnico Industrial', 'EC/Apos', '1992-06-10 03:00:00', 55, '2018-12-31 02:00:00', 1, '0000-00-00 00:00:00', 44, 'masculino', '1958-02-10'),
(16, 1, 24, 'Gilberto Alves', 'Tecnico Industrial Especializado', 'EC/Apos', '1992-06-10 03:00:00', 63, '2018-12-31 02:00:00', 1, '0000-00-00 00:00:00', 44, 'masculino', '1954-09-07'),
(17, 1, 23, 'Gilcelio Antunes', 'Oficial de Producao Industrial', 'EC/Apos', '1992-06-10 03:00:00', 64, '2018-12-31 02:00:00', 1, '0000-00-00 00:00:00', 44, 'masculino', '1954-12-18'),
(18, 1, 26, 'Gilmar Alves de Souza', 'Oficial de Producao Industrial', 'EC', '1992-06-10 03:00:00', 65, '2018-12-31 02:00:00', 1, '0000-00-00 00:00:00', 44, 'masculino', '1962-10-06'),
(19, 1, 12, 'Giovani Gabriel', 'Tecnico Administrativo Especializado', 'EC/INSS', '1992-06-10 03:00:00', 66, '2018-12-31 02:00:00', 0, '2019-12-30 17:56:15', 44, 'masculino', '1961-09-29'),
(20, 1, 26, 'Joanico Jose Coutinho', 'Oficial de Producao Industrial', 'EC', '1992-06-10 03:00:00', 79, '2018-12-31 02:00:00', 1, '0000-00-00 00:00:00', 44, 'masculino', '1946-06-23'),
(21, 1, 24, 'Jose Carlos Viana', 'Tecnico Industrial Especializado', 'EC/Apos', '1992-06-10 03:00:00', 88, '2018-12-31 02:00:00', 1, '0000-00-00 00:00:00', 44, 'masculino', '1952-08-03'),
(22, 1, 27, 'Jose Jeronimo Alves de Oliveira', 'Oficial de Producao Industrial', 'EC/Apos', '1992-06-10 03:00:00', 93, '2018-12-31 02:00:00', 0, '2019-12-30 17:57:04', 44, 'masculino', '0000-00-00'),
(23, 1, 16, 'Jose Rodrigues de Aguiar', 'Oficial de Ferramentaria Industrial', 'EC/Apos', '1992-06-10 03:00:00', 100, '2018-12-31 02:00:00', 0, '2019-12-30 17:56:39', 44, 'masculino', '0000-00-00'),
(24, 1, 19, 'Jose Vieira de Souza', 'Auxiliar Tecnico Administrativo', 'EC', '1992-06-10 03:00:00', 102, '2018-12-31 02:00:00', 1, '0000-00-00 00:00:00', 44, 'masculino', '1950-09-05'),
(25, 1, 12, 'Jovito Feital Junior', 'Analista Especializado', 'EC', '1992-06-10 03:00:00', 103, '2018-12-31 02:00:00', 0, '2019-12-30 17:57:16', 44, 'feminino', '0000-00-00'),
(26, 1, 10, 'Julio Cesar da Silva', 'Guarda de Seguranca Patrimonial', 'EC', '1992-06-10 03:00:00', 105, '2018-12-31 02:00:00', 1, '0000-00-00 00:00:00', 44, 'masculino', '1964-06-19'),
(27, 1, 23, 'Luiz Carlos Correa', 'Tecnico Industrial Especializado', 'EC', '1992-06-10 03:00:00', 109, '2018-12-31 02:00:00', 1, '0000-00-00 00:00:00', 44, 'masculino', '1958-04-13'),
(28, 1, 24, 'Manoel Amancio da Silva', 'Auxiliar Tecnico Industrial', 'EC', '1992-06-10 03:00:00', 114, '2018-12-31 02:00:00', 1, '0000-00-00 00:00:00', 44, 'masculino', '1962-04-14'),
(29, 1, 43, 'Marcelino Martins da Costa', 'Auxiliar Tecnico Industrial', 'EC', '1992-06-10 03:00:00', 115, '2018-12-31 02:00:00', 1, '0000-00-00 00:00:00', 44, 'masculino', '1962-06-14'),
(30, 1, 25, 'Marcio Rodrigues Martins', 'Auxiliar Tecnico Industrial', 'EC/Apos', '1992-06-10 03:00:00', 119, '2018-12-31 02:00:00', 1, '0000-00-00 00:00:00', 44, 'masculino', '1961-09-12'),
(31, 1, 16, 'Marcos Alberto da Silva', 'Oficial de Ferramentaria Industrial ', 'EC/Apos', '1992-06-10 03:00:00', 121, '2018-12-31 02:00:00', 1, '0000-00-00 00:00:00', 44, 'masculino', '1959-08-10'),
(32, 1, 10, 'Marcos Ribeiro Pires', 'Guarda de Seguranca Patrimonial', 'EC', '1992-06-10 03:00:00', 122, '2018-12-31 02:00:00', 1, '0000-00-00 00:00:00', 44, 'masculino', '1960-09-04'),
(33, 1, 10, 'Marcus Cornii', 'Guarda de Seguranca Patrimonial', 'EC/Apos', '1992-06-10 03:00:00', 124, '2018-12-31 02:00:00', 1, '0000-00-00 00:00:00', 44, 'masculino', '1955-11-27'),
(34, 1, 9, 'Marcus Henrique Victor', 'Supervisor', 'EC/Apos', '1992-06-10 03:00:00', 125, '2018-12-31 02:00:00', 1, '0000-00-00 00:00:00', 44, 'masculino', '1949-01-08'),
(35, 1, 26, 'Maria de Fatima Alves', 'Oficial de Producao Industrial', 'EC/Apos', '1992-06-10 03:00:00', 129, '2018-12-31 02:00:00', 1, '0000-00-00 00:00:00', 44, 'feminino', '1956-02-25'),
(36, 1, 6, 'Maria Onilia Etrusco de Oliveira', 'Supervisor', 'EC/Apos', '1992-06-10 03:00:00', 130, '2018-12-31 02:00:00', 1, '0000-00-00 00:00:00', 44, 'feminino', '1963-04-08'),
(37, 1, 27, 'Mauri Zancanella', 'Oficial de Producao Industrial', 'EC/Apos', '1992-06-10 03:00:00', 132, '2018-12-31 02:00:00', 1, '0000-00-00 00:00:00', 44, 'masculino', '1953-11-29'),
(38, 1, 27, 'Paulo Cezar de Araujo Campos', 'Oficial de Producao Industrial', 'EC/Apos', '1992-06-10 03:00:00', 143, '2018-12-31 02:00:00', 1, '0000-00-00 00:00:00', 44, 'masculino', '1953-04-19'),
(39, 1, 10, 'Paulo Fernandes Palaroni', 'Guarda de Seguranca Patrimonial', 'EC', '1992-06-10 03:00:00', 144, '2018-12-31 02:00:00', 1, '0000-00-00 00:00:00', 44, 'masculino', '1967-03-11'),
(40, 1, 16, 'Paulo Sergio da Silva', 'Tecnico Industrial Especializado', 'EC/Apos', '1992-06-10 03:00:00', 148, '2018-12-31 02:00:00', 1, '0000-00-00 00:00:00', 44, 'masculino', '1950-09-21'),
(41, 1, 16, 'Paulo Sergio de Souza', 'Tecnico Industrial Especializado', 'EC', '1992-06-10 03:00:00', 149, '2018-12-31 02:00:00', 1, '0000-00-00 00:00:00', 44, 'masculino', '1964-05-18'),
(42, 1, 36, 'Ricardo Luiz de Souza', 'Chefe de Divisao', 'ECC', '1992-06-10 03:00:00', 155, '2018-12-31 02:00:00', 1, '0000-00-00 00:00:00', 44, 'masculino', '1962-02-26'),
(43, 1, 27, 'Robson Jose Pinto', 'Oficial de Producao Industrial', 'EC/INSS', '1992-06-10 03:00:00', 158, '2018-12-31 02:00:00', 1, '0000-00-00 00:00:00', 44, 'masculino', '1965-10-09'),
(44, 1, 28, 'Rogerio Luiz de Franca', 'Oficial de Producao Industrial', 'EC/Apos', '1992-06-10 03:00:00', 159, '2018-12-31 02:00:00', 1, '0000-00-00 00:00:00', 44, 'masculino', '1953-09-03'),
(45, 1, 45, 'Sandra Maria Luiza Vicentini Mancini', 'Auxiliar Tecnico Administrativo', 'EC/Apos', '1992-06-10 03:00:00', 164, '2018-12-31 02:00:00', 1, '0000-00-00 00:00:00', 44, 'feminino', '1959-05-20'),
(46, 1, 26, 'Sebastiao Carlos do Nascimento', 'Oficial de Producao Industrial', 'EC', '1992-06-10 03:00:00', 166, '2018-12-31 02:00:00', 1, '0000-00-00 00:00:00', 44, 'masculino', '1962-01-19'),
(47, 1, 11, 'Sebastiao Gilberto Soares', 'Agente de Apoio Operacional', 'EC/Apos', '1992-06-10 03:00:00', 170, '2018-12-31 02:00:00', 1, '0000-00-00 00:00:00', 44, 'masculino', '1944-02-04'),
(48, 1, 10, 'Selmar Custodio da Silva', 'Guarda de Seguranca Patrimonial', 'EC', '1992-06-10 03:00:00', 173, '2018-12-31 02:00:00', 1, '0000-00-00 00:00:00', 44, 'masculino', '1965-06-23'),
(49, 1, 39, 'Solange Mariza Custodio Dias', 'Auxiliar Tecnico Administrativo', 'EC/Apos', '1992-06-10 03:00:00', 175, '2018-12-31 02:00:00', 1, '0000-00-00 00:00:00', 44, 'feminino', '1961-12-19'),
(50, 1, 11, 'Valdir Sebastiao dos Reis', 'Agente de Apoio Operacional', 'EC/Apos', '1992-06-10 03:00:00', 178, '2018-12-31 02:00:00', 1, '0000-00-00 00:00:00', 44, 'masculino', '1953-01-29'),
(51, 1, 10, 'Wagner Milani', 'Guarda de Seguranca Patrimonial', 'EC/Apos', '1992-06-10 03:00:00', 188, '2018-12-31 02:00:00', 1, '0000-00-00 00:00:00', 44, 'masculino', '1961-05-08'),
(52, 1, 10, 'Wiliam Ferreira Mendes', 'Guarda de Seguranca Patrimonial', 'EC', '1992-06-10 03:00:00', 192, '2018-12-31 02:00:00', 1, '0000-00-00 00:00:00', 44, 'masculino', '1961-09-15'),
(53, 1, 10, 'Wilton Lourenco de Sousa', 'Guarda de Seguranca Patrimonial', 'EC', '1992-06-10 03:00:00', 193, '2018-12-31 02:00:00', 0, '2019-10-24 13:43:23', 44, 'masculino', '0000-00-00'),
(54, 1, 23, 'Marcio Henrique Oliva', 'Tecnico Industrial Especializado', 'EC/Apos', '1992-06-10 03:00:00', 198, '2018-12-31 02:00:00', 1, '0000-00-00 00:00:00', 44, 'masculino', '1961-05-31'),
(55, 1, 22, 'Silvia Mara Vieira Gomes', 'Tecnico Administrativo Especializado', 'EC/Apos', '1992-07-07 03:00:00', 204, '2018-12-31 02:00:00', 1, '0000-00-00 00:00:00', 44, 'feminino', '1961-04-16'),
(56, 1, 28, 'Joel Tarcisio Oliveira Pereira', 'Oficial de Producao Industrial ', 'EC', '1996-05-02 03:00:00', 213, '2018-12-31 02:00:00', 1, '0000-00-00 00:00:00', 44, 'masculino', '1966-12-17'),
(57, 1, 6, 'Maria Aparecida de Lima Fernandes', 'Auxiliar Tecnico Administrativo ', 'EC', '1996-05-02 03:00:00', 217, '2018-12-31 02:00:00', 1, '0000-00-00 00:00:00', 44, 'feminino', '1968-10-04'),
(58, 1, 2, 'Silvio Cesar Lopes Netto', 'Chefe de Divisao', 'ECFG', '1996-05-02 03:00:00', 223, '2018-12-31 02:00:00', 1, '0000-00-00 00:00:00', 44, 'masculino', '1968-02-04'),
(59, 1, 27, 'Adilson Rocha Campos', 'Oficial de Producao Industrial', 'EC/Apos', '1997-02-03 02:00:00', 227, '2018-12-31 02:00:00', 0, '2019-12-30 17:56:26', 44, 'masculino', '1957-05-07'),
(60, 1, 26, 'Ananias Jose Neto da Silva', 'Oficial de Producao Industrial', 'EC', '1997-02-03 02:00:00', 229, '2018-12-31 02:00:00', 1, '0000-00-00 00:00:00', 44, 'masculino', '1963-03-14'),
(61, 1, 10, 'Aucimar Aparecido Domingos', 'Guarda de Seguranca Patrimonial', 'EC', '1997-02-03 02:00:00', 234, '2018-12-31 02:00:00', 0, '2019-12-30 17:49:51', 44, 'masculino', '1962-01-12'),
(62, 1, 26, 'Claudio Ribeiro do Nascimento', 'Oficial de Producao Industrial', 'EC/Apos', '1997-02-03 02:00:00', 241, '2018-12-31 02:00:00', 1, '0000-00-00 00:00:00', 44, 'masculino', '1952-02-18'),
(63, 1, 11, 'Cristiano de Souza Reis', 'Agente de Apoio Operacional', 'EC', '1997-02-03 02:00:00', 242, '2018-12-31 02:00:00', 1, '0000-00-00 00:00:00', 44, 'masculino', '1977-11-30'),
(64, 1, 26, 'Iris dos Santos', 'Oficial de Producao Industrial', 'EC/Apos', '1997-02-03 02:00:00', 252, '2018-12-31 02:00:00', 1, '0000-00-00 00:00:00', 44, 'masculino', '1950-03-30'),
(65, 1, 2, 'Ivan Rodrigues Couto', 'Auxiliar Tecnico Administrativo', 'EC', '1997-02-03 02:00:00', 253, '2018-12-31 02:00:00', 1, '0000-00-00 00:00:00', 44, 'masculino', '1955-01-05'),
(66, 1, 16, 'Joao Damiao Goncalves', 'Oficial de Ferramentaria Industrial', 'EC', '1997-02-03 02:00:00', 256, '2018-12-31 02:00:00', 1, '0000-00-00 00:00:00', 44, 'masculino', '1958-09-26'),
(67, 1, 24, 'Joao Marcio de Oliveira Delgado', 'Tecnico Industrial Especializado', 'EC', '1997-02-03 02:00:00', 257, '2018-12-31 02:00:00', 1, '0000-00-00 00:00:00', 44, 'masculino', '1965-06-24'),
(68, 1, 26, 'Jose Maria dos Reis', 'Oficial de Producao Industrial', 'EC/Apos', '1997-02-03 02:00:00', 259, '2018-12-31 02:00:00', 1, '0000-00-00 00:00:00', 44, 'masculino', '1955-12-28'),
(69, 1, 23, 'Laerte Albino de Oliveira', 'Auxiliar Tecnico Industrial', 'EC', '1997-02-03 02:00:00', 261, '2018-12-31 02:00:00', 1, '0000-00-00 00:00:00', 44, 'masculino', '1964-07-21'),
(70, 1, 11, 'Lamonier Maia Ferreira', 'Agente de Apoio Operacional', 'EC', '1997-02-03 02:00:00', 262, '2018-12-31 02:00:00', 1, '0000-00-00 00:00:00', 44, 'masculino', '1965-04-11'),
(71, 1, 3, 'Paula Miranda de Freitas', 'Tecnico Administrativo Especializado', 'EC', '1997-02-03 02:00:00', 274, '2018-12-31 02:00:00', 0, '2019-12-30 17:50:20', 44, 'feminino', '1976-11-28'),
(72, 1, 27, 'Raquel Cristina Oliveira', 'Oficial de Producao Industrial', 'EC', '1997-02-03 02:00:00', 275, '2018-12-31 02:00:00', 1, '0000-00-00 00:00:00', 44, 'feminino', '1974-05-28'),
(73, 1, 28, 'Vaina de Almeida Malta de Brito', 'Oficial de Producao Industrial', 'EC', '1997-02-03 02:00:00', 285, '2018-12-31 02:00:00', 1, '0000-00-00 00:00:00', 44, 'feminino', '1959-02-23'),
(74, 1, 27, 'Vera Lucia Geraldo Alves', 'Oficial de Producao Industrial', 'EC/Apos', '1997-02-03 02:00:00', 288, '2018-12-31 02:00:00', 1, '0000-00-00 00:00:00', 44, 'feminino', '1959-11-24'),
(75, 1, 25, 'Rene Barbosa', 'Auxiliar Tecnico Administrativo', 'EC/Apos', '1997-02-03 02:00:00', 298, '2018-12-31 02:00:00', 1, '0000-00-00 00:00:00', 44, 'masculino', '1949-08-22'),
(76, 1, 23, 'Ivan Jose de Freitas', 'Oficial de Producao Industrial', 'EC', '1997-02-03 02:00:00', 301, '2018-12-31 02:00:00', 1, '0000-00-00 00:00:00', 44, 'masculino', '1958-10-27'),
(77, 1, 10, 'Raymundo Batista de Almeida', 'Guarda de Seguranca Patrimonial', 'EC', '1997-04-01 03:00:00', 310, '2018-12-31 02:00:00', 1, '0000-00-00 00:00:00', 44, 'masculino', '1958-03-17'),
(78, 1, 42, 'Marcus Vinicius Navarro Ananias de Souza', 'Chefe de Divisao', 'ECC', '1986-07-01 03:00:00', 311, '2018-12-31 02:00:00', 1, '0000-00-00 00:00:00', 44, 'masculino', '1957-04-13'),
(79, 1, 11, 'Homero Luiz Coelho de Mendonca', 'Supervisor', 'EC', '1998-02-02 02:00:00', 314, '2018-12-31 02:00:00', 1, '0000-00-00 00:00:00', 44, 'masculino', '1960-06-02'),
(80, 1, 15, 'Marcelo Teixeira Evangelista', 'Auxiliar Tecnico Industrial', 'EC', '1998-04-13 03:00:00', 322, '2018-12-31 02:00:00', 1, '0000-00-00 00:00:00', 44, 'masculino', '1970-05-29'),
(81, 1, 25, 'Paulo Cesar', 'Auxiliar Tecnico Industrial', 'EC/Apos', '1998-04-13 03:00:00', 323, '2018-12-31 02:00:00', 1, '0000-00-00 00:00:00', 44, 'masculino', '1951-03-04'),
(82, 1, 16, 'Sebastiao Celio da Costa', 'Oficial de Ferramentaria Industrial', 'EC/Apos', '1998-04-13 03:00:00', 328, '2018-12-31 02:00:00', 1, '0000-00-00 00:00:00', 44, 'masculino', '1952-01-19'),
(83, 1, 17, 'Ana Lucia Leite', 'Auxiliar Tecnico Administrativo', 'EC', '1998-06-01 03:00:00', 330, '2018-12-31 02:00:00', 1, '0000-00-00 00:00:00', 44, 'feminino', '1969-11-28'),
(84, 1, 10, 'Claudia Siqueira de Franca', 'Oficial de Producao Industrial', 'EC', '1998-06-01 03:00:00', 333, '2018-12-31 02:00:00', 1, '0000-00-00 00:00:00', 44, 'feminino', '1971-04-06'),
(85, 1, 25, ' Jairo Amaral de Oliveira', 'Auxiliar Tecnico Industrial', 'EC', '1998-06-01 03:00:00', 337, '2018-12-31 02:00:00', 1, '0000-00-00 00:00:00', 44, 'masculino', '1967-05-10'),
(86, 1, 16, 'Luciano Almeida do Couto', 'Oficial de Ferramentaria Industrial', 'EC', '1998-06-01 03:00:00', 340, '2018-12-31 02:00:00', 1, '0000-00-00 00:00:00', 44, 'masculino', '1975-04-01'),
(87, 1, 17, 'Rogerio de Souza Vasconcelos', 'Auxiliar Tecnico Administrativo', 'EC', '1998-06-01 03:00:00', 342, '2018-12-31 02:00:00', 1, '0000-00-00 00:00:00', 44, 'masculino', '1971-03-01'),
(88, 1, 25, 'Rogerio Mateus da Silva', 'Auxiliar Tecnico Industrial', 'EC', '1998-06-01 03:00:00', 343, '2018-12-31 02:00:00', 1, '0000-00-00 00:00:00', 44, 'masculino', '1971-12-01'),
(89, 1, 27, 'Ronaldo Soares Ferreira', 'Oficial de Producao Industrial', 'EC', '1998-06-01 03:00:00', 344, '2018-12-31 02:00:00', 1, '0000-00-00 00:00:00', 44, 'masculino', '1964-06-03'),
(90, 1, 23, 'Denilson Pimentel Barbeto', 'Tecnico Industrial Especializado ', 'EC', '1998-08-03 03:00:00', 352, '2018-12-31 02:00:00', 1, '0000-00-00 00:00:00', 44, 'masculino', '1975-06-08'),
(91, 1, 26, 'Flavio Luciano Gualter dos Santos', 'Oficial de Producao Industrial', 'EC', '1998-08-03 03:00:00', 354, '2018-12-31 02:00:00', 1, '0000-00-00 00:00:00', 44, 'masculino', '1975-04-15'),
(92, 1, 26, 'Elisa Aparecida Braga Agostinho', 'Oficial de Producao Industrial', 'EC/Apos', '1998-08-03 03:00:00', 374, '2018-12-31 02:00:00', 1, '0000-00-00 00:00:00', 44, 'feminino', '1954-08-06'),
(93, 1, 27, 'Paulo Roberto dos Reis Souza', 'Oficial de Producao Industrial', 'EC', '1998-08-03 03:00:00', 378, '2018-12-31 02:00:00', 1, '0000-00-00 00:00:00', 44, 'masculino', '1964-09-23'),
(94, 1, 26, 'Andre Luiz Pires Ambrosio', 'Oficial de Producao Industrial', 'EC', '1998-08-11 03:00:00', 380, '2018-12-31 02:00:00', 1, '0000-00-00 00:00:00', 44, 'masculino', '1973-07-14'),
(95, 1, 26, 'Agnaldo Vieira', 'Oficial de Producao Industrial', 'EC', '1998-08-03 03:00:00', 377, '2018-12-31 02:00:00', 1, '0000-00-00 00:00:00', 44, 'masculino', '1968-01-20'),
(96, 1, 16, 'Carlos Adalberto de Lima', 'Oficial de Ferramentaria Industrial', 'EC', '1998-08-18 03:00:00', 381, '2018-12-31 02:00:00', 1, '0000-00-00 00:00:00', 44, 'masculino', '1961-08-12'),
(97, 1, 28, 'Luciano Caporal Barreiros', 'Oficial de Producao Industrial', 'EC', '1999-02-01 02:00:00', 386, '2018-12-31 02:00:00', 1, '0000-00-00 00:00:00', 44, 'masculino', '1970-12-09'),
(98, 1, 26, 'Edimar Romualdo Lima', 'Oficial de Producao Industrial', 'EC', '1999-02-08 02:00:00', 389, '2018-12-31 02:00:00', 1, '0000-00-00 00:00:00', 44, 'masculino', '1965-03-29'),
(99, 1, 26, 'Lucrecia Lacerda Silva', 'Oficial de Producao Industrial', 'EC', '1999-03-01 03:00:00', 392, '2018-12-31 02:00:00', 1, '0000-00-00 00:00:00', 44, 'feminino', '1968-06-19'),
(100, 1, 28, 'Joselene Silva Queiros Batista', 'Oficial de Producao Industrial', 'EC/INSS', '1999-03-15 03:00:00', 397, '2018-12-31 02:00:00', 1, '0000-00-00 00:00:00', 44, 'feminino', '1964-08-09'),
(101, 1, 28, 'Marco Antonio de Paula Olimpio', 'Oficial de Producao Industrial', 'EC', '1999-03-15 03:00:00', 398, '2018-12-31 02:00:00', 1, '0000-00-00 00:00:00', 44, 'masculino', '1973-01-30'),
(102, 1, 28, 'Cleunice de Paula Martins Brito', 'Oficial de Producao Industrial', 'EC', '1999-03-24 03:00:00', 400, '2018-12-31 02:00:00', 1, '0000-00-00 00:00:00', 44, 'feminino', '1958-11-21'),
(103, 1, 23, ' Jose Luiz Alves Barbosa', 'Chefe de Secao (Supervisor)', 'EC/Apos', '1985-07-10 03:00:00', 404, '2018-12-31 02:00:00', 1, '0000-00-00 00:00:00', 44, 'masculino', '1938-08-02'),
(104, 1, 18, 'Antonio Albino da Silva', 'Auxiliar Tecnico Administrativo', 'EC/Apos', '2002-06-17 03:00:00', 405, '2018-12-31 02:00:00', 1, '0000-00-00 00:00:00', 44, 'masculino', '1950-01-25'),
(105, 1, 27, 'Ary Pereira da Siva Filho', 'Oficial de Producao Industrial', 'EC/Apos', '2003-11-01 02:00:00', 410, '2018-12-31 02:00:00', 1, '0000-00-00 00:00:00', 44, 'masculino', '1962-12-18'),
(106, 1, 2, 'Jose Roberto de Oliveira', 'Auxiliar Tecnico Administrativo', 'EC/Apos', '2004-04-13 03:00:00', 413, '2018-12-31 02:00:00', 1, '0000-00-00 00:00:00', 44, 'masculino', '1961-03-24'),
(107, 1, 1, 'Fernando Monteiro dos Santos', 'Tecnico Administrativo Especializado', 'EC', '2004-04-13 03:00:00', 414, '2018-12-31 02:00:00', 1, '0000-00-00 00:00:00', 44, 'masculino', '1979-06-13'),
(108, 1, 43, 'Luiz Jose Ferreira', 'Coordenador Industrial (Tecnico Industrial Especializado)', 'ECFG/Apos', '2004-04-13 03:00:00', 415, '2018-12-31 02:00:00', 1, '0000-00-00 00:00:00', 44, 'masculino', '1949-10-21'),
(109, 1, 19, 'Gilberto Albino de Faria', 'Auxiliar Tecnico Administrativo', 'EC', '2004-10-13 03:00:00', 418, '2018-12-31 02:00:00', 1, '0000-00-00 00:00:00', 44, 'masculino', '1979-04-06'),
(110, 1, 15, 'Bruno Menta', 'Tecnico Industrial Especializado', 'EC', '2004-10-13 03:00:00', 419, '2018-12-31 02:00:00', 1, '0000-00-00 00:00:00', 44, 'masculino', '1980-12-30'),
(111, 1, 27, 'Flavio de Pinho Ramos', 'Oficial de Producao Industrial', 'EC', '2004-10-13 03:00:00', 421, '2018-12-31 02:00:00', 1, '0000-00-00 00:00:00', 44, 'masculino', '1971-05-12'),
(112, 1, 27, 'Jose Carlos Oliveira Nunes', 'Oficial de Producao Industrial', 'EC/INSS', '2004-10-13 03:00:00', 422, '2018-12-31 02:00:00', 1, '0000-00-00 00:00:00', 44, 'masculino', '1964-04-10'),
(113, 1, 26, 'Nivio Antonio Goncalves', 'Oficial de Producao Industrial', 'EC/Apos', '2004-10-13 03:00:00', 423, '2018-12-31 02:00:00', 1, '0000-00-00 00:00:00', 44, 'masculino', '1954-03-28'),
(114, 1, 27, 'Luiz Carlos Franco de Lima', 'Oficial de Producao Industrial', 'EC', '2004-11-08 02:00:00', 425, '2018-12-31 02:00:00', 1, '0000-00-00 00:00:00', 44, 'masculino', '1971-07-09'),
(115, 1, 27, 'Filipe da Silva', 'Oficial de Producao Industrial', 'EC', '2004-10-13 03:00:00', 426, '2018-12-31 02:00:00', 1, '0000-00-00 00:00:00', 44, 'masculino', '1982-06-01'),
(116, 1, 14, 'Leandro Silva de Almeida', 'Coordenador Industrial (Tecnico Industrial Especializado)', 'ECFG', '2005-10-10 03:00:00', 428, '2018-12-31 02:00:00', 1, '0000-00-00 00:00:00', 44, 'masculino', '1977-07-30'),
(117, 1, 11, 'Valdineia da Silva Cardoso', 'Agente de Apoio Operacional', 'EC/Apos', '2006-01-16 02:00:00', 429, '2018-12-31 02:00:00', 1, '0000-00-00 00:00:00', 44, 'feminino', '1966-02-18'),
(118, 1, 26, 'Fabricio dos Santos Firmo', 'Oficial de Producao Industrial', 'EC', '2006-03-07 03:00:00', 430, '2018-12-31 02:00:00', 1, '0000-00-00 00:00:00', 44, 'masculino', '1976-04-26'),
(119, 1, 25, 'Marcio de Paula Venancio', 'Auxiliar Tecnico Industrial', 'EC', '2006-04-05 03:00:00', 431, '2018-12-31 02:00:00', 1, '0000-00-00 00:00:00', 44, 'masculino', '1969-11-22'),
(120, 1, 5, 'Honesta Ferreira da Silva', 'Auxiliar Tecnico Administrativo', 'EC', '2006-05-15 03:00:00', 435, '2018-12-31 02:00:00', 1, '0000-00-00 00:00:00', 44, 'feminino', '1967-12-28'),
(121, 1, 1, 'Valeria Tonione Fernandes', 'Auxiliar Tecnico Administrativo', 'EC/Apos', '2006-05-15 03:00:00', 436, '2018-12-31 02:00:00', 1, '0000-00-00 00:00:00', 44, 'feminino', '1970-04-11'),
(122, 1, 41, 'Luciano de Paiva Albuquerque', 'Chefe de Divisao', 'ECC', '2006-05-12 03:00:00', 437, '2018-12-31 02:00:00', 1, '0000-00-00 00:00:00', 44, 'masculino', '1977-02-11'),
(123, 1, 2, 'Jose Carlos Lima Pinheiro', 'Auxiliar Tecnico Administrativo', 'EC/Apos', '2006-05-12 03:00:00', 438, '2018-12-31 02:00:00', 1, '0000-00-00 00:00:00', 44, 'masculino', '1959-04-29'),
(124, 1, 2, 'Romilda de Fatima Enham Gabriel', 'Tecnico Administrativo Especializado', 'EC', '2006-05-12 03:00:00', 439, '2018-12-31 02:00:00', 1, '0000-00-00 00:00:00', 44, 'feminino', '1961-11-17'),
(125, 1, 19, 'Luciano da Silva Dias', 'Auxiliar Tecnico Administrativo', 'EC', '2006-05-12 03:00:00', 440, '2018-12-31 02:00:00', 1, '0000-00-00 00:00:00', 44, 'masculino', '1970-02-06'),
(126, 1, 27, 'Erika Marques de Oliveira', 'Oficial de Producao Industrial', 'EC/INSS', '2007-02-15 02:00:00', 444, '2018-12-31 02:00:00', 1, '0000-00-00 00:00:00', 44, 'feminino', '1973-01-17'),
(127, 1, 23, 'William Raymundo Gomes da Silva', 'Tecnico Industrial Especializado', 'EC', '2007-02-15 02:00:00', 447, '2018-12-31 02:00:00', 1, '0000-00-00 00:00:00', 44, 'masculino', '1983-05-06'),
(128, 1, 26, 'Maria Thereza Victor', 'Oficial de Producao Industrial', 'EC', '2007-03-01 03:00:00', 448, '2018-12-31 02:00:00', 1, '0000-00-00 00:00:00', 44, 'feminino', '1962-10-23'),
(129, 1, 16, 'Wilson Cezar de Oliveira Mattos Junior', 'Oficial de Ferramentaria Industrial', 'EC', '2007-03-19 03:00:00', 450, '2018-12-31 02:00:00', 1, '0000-00-00 00:00:00', 44, 'masculino', '1987-11-11'),
(130, 1, 26, 'Wesley Wagner Barbeto Silva', 'Tecnico Industrial Especializado', 'EC', '2007-05-15 03:00:00', 451, '2018-12-31 02:00:00', 1, '0000-00-00 00:00:00', 44, 'masculino', '1982-03-13'),
(131, 1, 28, 'Ana Claudia de Oliveira Lima', 'Oficial de Producao Industrial', 'EC', '2007-08-13 03:00:00', 453, '2018-12-31 02:00:00', 1, '0000-00-00 00:00:00', 44, 'feminino', '1972-09-25'),
(132, 1, 27, 'Anderson Cardozo Nogueira', 'Coordenador Industrial (Tecnico Industrial Especializado)', 'ECFG', '2007-08-13 03:00:00', 454, '2018-12-31 02:00:00', 1, '0000-00-00 00:00:00', 44, 'masculino', '1970-11-24'),
(133, 1, 7, 'Flavio Campos dos Santos', 'Chefe de Secao (Coordenador Administrativo)', 'ECFG', '2007-12-03 02:00:00', 461, '2018-12-31 02:00:00', 1, '0000-00-00 00:00:00', 44, 'masculino', '1979-02-20'),
(134, 1, 27, 'Wendel de Amoglia Cavassa', 'Oficial de Producao Industrial', 'EC', '2007-12-04 02:00:00', 463, '2018-12-31 02:00:00', 1, '0000-00-00 00:00:00', 44, 'masculino', '1983-08-07'),
(135, 1, 10, 'Carlos Henrique da Mota', 'Guarda de Seguranca Patrimonial', 'EC', '2008-04-23 03:00:00', 472, '2018-12-31 02:00:00', 1, '0000-00-00 00:00:00', 44, 'masculino', '1972-04-16'),
(136, 1, 16, 'Cintia Regina Gomes dos Santos', 'Oficial de Producao Industrial', 'EC', '2008-04-23 03:00:00', 473, '2018-12-31 02:00:00', 1, '0000-00-00 00:00:00', 44, 'feminino', '1975-07-19'),
(137, 1, 9, 'Denes Henrique Fagundes', 'Motorista', 'EC', '2008-04-23 03:00:00', 474, '2018-12-31 02:00:00', 1, '0000-00-00 00:00:00', 44, 'masculino', '1975-08-17'),
(138, 1, 27, 'Elizabet da Cunha Ramalho', 'Oficial de Producao Industrial', 'EC', '2008-04-23 03:00:00', 475, '2018-12-31 02:00:00', 1, '0000-00-00 00:00:00', 44, 'feminino', '1973-04-17'),
(139, 1, 26, 'Jair Rodrigues da Silva', 'Oficial de Producao Industrial', 'EC', '2008-04-23 03:00:00', 476, '2018-12-31 02:00:00', 1, '0000-00-00 00:00:00', 44, 'masculino', '1970-08-16'),
(140, 1, 5, 'Jurema Milani', 'Oficial de Producao Industrial', 'EC', '2008-04-23 03:00:00', 477, '2018-12-31 02:00:00', 1, '0000-00-00 00:00:00', 44, 'feminino', '1965-05-27'),
(141, 1, 11, 'Luiza Ribeiro Canedo', 'Oficial de Producao Industrial', 'EC', '2008-04-23 03:00:00', 479, '2018-12-31 02:00:00', 1, '0000-00-00 00:00:00', 44, 'feminino', '1959-09-25'),
(142, 1, 25, 'Pablo Rodrigo de Oliveira', 'Auxiliar Tecnico Industrial', 'EC', '2008-04-23 03:00:00', 480, '2018-12-31 02:00:00', 1, '0000-00-00 00:00:00', 44, 'masculino', '1981-08-26'),
(143, 1, 23, 'Roselene Tavares do Prado Reis', 'Tecnico Industrial Especializado', 'EC', '2008-07-15 03:00:00', 483, '2018-12-31 02:00:00', 1, '0000-00-00 00:00:00', 44, 'feminino', '1977-08-02'),
(144, 1, 30, 'Vicente Pedro Nasco Rondon Filho', 'Advogado (Coordenador Administrativo)', 'ECFG', '2003-04-09 03:00:00', 484, '2018-12-31 02:00:00', 1, '0000-00-00 00:00:00', 44, 'feminino', '1973-07-28'),
(145, 1, 19, 'Anderson Peixoto Eiterer', 'Auxiliar Tecnico Administrativo', 'EC', '2008-08-12 03:00:00', 485, '2018-12-31 02:00:00', 1, '0000-00-00 00:00:00', 44, 'masculino', '1971-03-08'),
(146, 1, 15, 'Rafael de Campos Paulo', 'Coordenador Industrial (Oficial de Producao Industrial)', 'ECFG', '2008-08-12 03:00:00', 487, '2018-12-31 02:00:00', 1, '0000-00-00 00:00:00', 44, 'masculino', '1981-08-27'),
(147, 1, 20, 'Anderson Jose Dionisio', 'Analista Especializado', 'EC', '2008-08-14 03:00:00', 491, '2018-12-31 02:00:00', 1, '0000-00-00 00:00:00', 44, 'masculino', '1971-06-12'),
(148, 1, 3, 'Adriana Vasconcellos', 'Tecnico Administrativo Especializado', 'EC', '2008-10-06 03:00:00', 492, '2018-12-31 02:00:00', 1, '0000-00-00 00:00:00', 44, 'feminino', '1966-05-01'),
(149, 1, 12, 'Neidia Siqueira Bronzo', 'Auxiliar Tecnico Administrativo', 'EC', '2008-10-09 03:00:00', 495, '2018-12-31 02:00:00', 1, '0000-00-00 00:00:00', 44, 'feminino', '1964-06-23'),
(150, 1, 1, 'Mary Lucia da Silva', 'Tecnico Administrativo Especializado', 'EC', '1994-05-09 03:00:00', 500, '2018-12-31 02:00:00', 1, '0000-00-00 00:00:00', 44, 'feminino', '1969-08-31'),
(151, 1, 10, 'Antonio Simoes Pereira Neto', 'Guarda de Seguranca Patrimonial', 'EC', '2009-07-01 03:00:00', 509, '2018-12-31 02:00:00', 1, '0000-00-00 00:00:00', 44, 'masculino', '1973-06-13'),
(152, 1, 10, 'Andre Luis Custodio de Oliveira', 'Guarda de Seguranca Patrimonial', 'EC', '2009-07-01 03:00:00', 510, '2018-12-31 02:00:00', 1, '0000-00-00 00:00:00', 44, 'masculino', '1982-12-27'),
(153, 1, 10, 'Jorge Luiz da Silva', 'Guarda de Seguranca Patrimonial', 'EC', '2009-07-01 03:00:00', 511, '2018-12-31 02:00:00', 1, '0000-00-00 00:00:00', 44, 'masculino', '1978-01-14'),
(154, 1, 10, 'Leonardo do Nascimento Novaes', 'Guarda de Seguranca Patrimonial', 'EC', '2009-07-01 03:00:00', 512, '2018-12-31 02:00:00', 1, '0000-00-00 00:00:00', 44, 'masculino', '1977-06-14'),
(155, 1, 9, 'Leonardo Jose Valle Trindade', 'Motorista', 'EC', '2009-07-01 03:00:00', 513, '2018-12-31 02:00:00', 1, '0000-00-00 00:00:00', 44, 'masculino', '1963-11-19'),
(156, 1, 5, 'Rosana D\'avila Manso de Oliveira', 'Chefe de Secao (Coordenador Administrativo)', 'ECFG', '2009-07-01 03:00:00', 515, '2018-12-31 02:00:00', 1, '0000-00-00 00:00:00', 44, 'feminino', '1982-07-28'),
(157, 1, 26, 'Marcelo dos Reis Santos', 'Oficial de Producao Industrial', 'EC', '2009-09-01 03:00:00', 520, '2018-12-31 02:00:00', 1, '0000-00-00 00:00:00', 44, 'masculino', '1987-05-19'),
(158, 1, 27, 'Paulo Augusto da Silva', 'Oficial de Producao Industrial', 'EC/Apos', '2009-09-01 03:00:00', 521, '2018-12-31 02:00:00', 1, '0000-00-00 00:00:00', 44, 'masculino', '1955-03-01'),
(159, 1, 28, 'Uiara Cristiani da Cruz Elpes', 'Oficial de Producao Industrial', 'EC', '2009-09-01 03:00:00', 524, '2018-12-31 02:00:00', 1, '0000-00-00 00:00:00', 44, 'feminino', '1984-03-22'),
(161, 1, 39, 'Andre Guilherme de Oliveira', 'Chefe de Divisao', 'ECLP', '2009-10-01 03:00:00', 527, '2018-12-31 02:00:00', 1, '0000-00-00 00:00:00', 44, 'masculino', '1972-09-29'),
(162, 1, 4, 'Ana Lucia dos S. A. de Carvalho', 'Tecnico Administrativo Especializado', 'EC/Apos', '1985-05-20 03:00:00', 530, '2018-12-31 02:00:00', 1, '0000-00-00 00:00:00', 44, 'feminino', '1962-08-07'),
(163, 1, 4, 'Andreia Cristina Borges dos Santos', 'Chefe de Secao (Coordenador Administrativo)', 'ECFG', '2005-10-17 02:00:00', 531, '2018-12-31 02:00:00', 1, '0000-00-00 00:00:00', 44, 'feminino', '1976-11-02'),
(164, 1, 28, 'Gleize Helena da Silva', 'Oficial de Producao Industrial', 'EC', '2010-02-04 02:00:00', 532, '2018-12-31 02:00:00', 1, '0000-00-00 00:00:00', 44, 'feminino', '1978-12-31'),
(165, 1, 28, 'Anelize Aparecida de Oliveira', 'Oficial de Producao Industrial', 'EC', '2010-04-06 03:00:00', 546, '2018-12-31 02:00:00', 1, '0000-00-00 00:00:00', 44, 'feminino', '1987-07-10'),
(166, 1, 26, 'Adriana Lucia de Sa', 'Oficial de Producao Industrial', 'EC', '2010-05-06 03:00:00', 549, '2018-12-31 02:00:00', 1, '0000-00-00 00:00:00', 44, 'feminino', '1978-01-08'),
(168, 1, 28, 'Conceição do Carmo Falci', 'Oficial de Producao Industrial', 'EC', '2010-05-06 03:00:00', 552, '2018-12-31 02:00:00', 1, '0000-00-00 00:00:00', 44, 'feminino', '1964-09-25'),
(169, 1, 26, 'Enedina de Paula Netto Domingos', 'Oficial de Producao Industrial', 'EC/INSS', '2010-05-06 03:00:00', 553, '2018-12-31 02:00:00', 1, '0000-00-00 00:00:00', 44, 'feminino', '1966-02-06'),
(170, 1, 28, 'Felipe Ferreira Nunes', 'Oficial de Producao Industrial', 'EC', '2010-05-06 03:00:00', 554, '2018-12-31 02:00:00', 1, '0000-00-00 00:00:00', 44, 'masculino', '1987-01-14'),
(171, 1, 26, 'Fernanda Cezar Moreira', 'Oficial de Producao Industrial', 'EC', '2010-05-06 03:00:00', 555, '2018-12-31 02:00:00', 1, '0000-00-00 00:00:00', 44, 'feminino', '1972-11-15'),
(172, 1, 26, 'Idino Valentim de Souza', 'Oficial de Producao Industrial', 'EC', '2010-05-06 03:00:00', 556, '2018-12-31 02:00:00', 1, '0000-00-00 00:00:00', 44, 'masculino', '1966-08-10'),
(173, 1, 27, 'Marcos Andre Alves', 'Oficial de Producao Industrial', 'EC', '2010-05-06 03:00:00', 557, '2018-12-31 02:00:00', 1, '0000-00-00 00:00:00', 44, 'masculino', '1975-04-16'),
(174, 1, 28, 'Maria Jose Teodoro da Silva', 'Oficial de Producao Industrial', 'EC', '2010-05-06 03:00:00', 558, '2018-12-31 02:00:00', 1, '0000-00-00 00:00:00', 44, 'feminino', '1958-05-01'),
(175, 1, 26, 'Neiva Fernandes de Aquino', 'Oficial de Producao Industrial', 'EC', '2010-05-06 03:00:00', 559, '2018-12-31 02:00:00', 1, '0000-00-00 00:00:00', 44, 'feminino', '1973-06-12'),
(176, 1, 26, 'Patricia Mendes Cardoso', 'Oficial de Producao Industrial', 'EC', '2010-05-06 03:00:00', 560, '2018-12-31 02:00:00', 1, '0000-00-00 00:00:00', 44, 'feminino', '1971-11-23'),
(177, 1, 26, 'Rosa Helena Belo de Oliveira', 'Oficial de Producao Industrial', 'EC', '2010-05-06 03:00:00', 562, '2018-12-31 02:00:00', 1, '0000-00-00 00:00:00', 44, 'feminino', '1971-05-16'),
(178, 1, 16, 'Samantha Cristina dos Anjos da Paz', 'Oficial de Producao Industrial', 'EC/INSS', '2010-05-06 03:00:00', 563, '2018-12-31 02:00:00', 1, '0000-00-00 00:00:00', 44, 'feminino', '1987-05-04'),
(179, 1, 19, 'Alexandre de Oliveira Campos', 'Auxiliar Tecnico Administrativo', 'EC', '2010-05-14 03:00:00', 564, '2018-12-31 02:00:00', 1, '0000-00-00 00:00:00', 44, 'masculino', '1979-10-05'),
(180, 1, 22, 'Aline Mara da Costa Ramos', 'Ag Ap Operac', 'EC', '2010-05-14 03:00:00', 565, '2018-12-31 02:00:00', 1, '0000-00-00 00:00:00', 44, 'feminino', '1984-02-07'),
(181, 1, 9, 'Evandro de Paula', 'Motorista', 'EC', '2010-05-14 03:00:00', 568, '2018-12-31 02:00:00', 1, '0000-00-00 00:00:00', 44, 'masculino', '1982-03-11'),
(182, 1, 15, 'Jose Ailton Lima de Assis', 'Tecnico Industrial Especializado', 'EC/INSS', '2010-06-07 03:00:00', 569, '2018-12-31 02:00:00', 1, '0000-00-00 00:00:00', 44, 'masculino', '1983-05-27'),
(183, 1, 19, 'Marcio da Silva Nascimento', 'Auxiliar Tecnico Administrativo', 'EC', '2010-05-14 03:00:00', 571, '2018-12-31 02:00:00', 1, '0000-00-00 00:00:00', 44, 'masculino', '1981-07-30'),
(184, 1, 23, 'Odomar Lima Goncalves', 'Tecnico Industrial Especializado', 'EC', '2010-05-14 03:00:00', 572, '2018-12-31 02:00:00', 1, '0000-00-00 00:00:00', 44, 'masculino', '1972-06-18'),
(185, 1, 15, 'Rodrigo da Silva Oliveira', 'Tecnico Industrial Especializado', 'EC', '2010-05-14 03:00:00', 573, '2018-12-31 02:00:00', 1, '0000-00-00 00:00:00', 44, 'masculino', '1981-05-19'),
(186, 1, 27, 'Diego Freitas de Brito', 'Oficial de Producao Industrial', 'EC', '2010-06-07 03:00:00', 575, '2018-12-31 02:00:00', 0, '2019-12-30 17:52:06', 44, 'masculino', '1988-03-14'),
(187, 1, 27, 'Fabio Barbosa', 'Oficial de Producao Industrial', 'EC', '2010-06-07 03:00:00', 576, '2018-12-31 02:00:00', 1, '0000-00-00 00:00:00', 44, 'masculino', '1982-07-18'),
(188, 1, 40, 'Leonardo Augusto Durco Bitar', 'Chefe de Divisao', 'ECC', '2010-09-02 03:00:00', 581, '2018-12-31 02:00:00', 1, '0000-00-00 00:00:00', 44, 'masculino', '1981-12-19'),
(189, 1, 27, 'Helio Dias de Souza', 'Oficial de Producao Industrial', 'EC', '2010-06-21 03:00:00', 583, '2018-12-31 02:00:00', 1, '0000-00-00 00:00:00', 44, 'masculino', '1969-05-21'),
(190, 1, 23, 'Felipe Emanuel Goncalves Costa', 'Tecnico Industrial Especializado', 'EC', '2011-08-08 03:00:00', 597, '2018-12-31 02:00:00', 1, '0000-00-00 00:00:00', 44, 'masculino', '1984-07-25'),
(191, 1, 25, 'Fabiano Antonio Pereira', 'Tecnico Industrial Especializado', 'EC', '2012-06-22 03:00:00', 602, '2018-12-31 02:00:00', 1, '0000-00-00 00:00:00', 44, 'masculino', '1988-01-07'),
(192, 1, 29, 'Janaina de Sales Araujo', 'Chefe de Secao ', 'EC', '2012-06-22 03:00:00', 603, '2018-12-31 02:00:00', 1, '0000-00-00 00:00:00', 44, 'feminino', '1977-03-24'),
(193, 1, 42, 'Lidianne Stelman Monsores', 'Coordenador Industrial (Tecnico Administrativo Especializado)', 'ECFG', '2012-06-22 03:00:00', 604, '2018-12-31 02:00:00', 1, '0000-00-00 00:00:00', 44, 'feminino', '1982-01-27'),
(194, 1, 17, 'Marcia Cristina Falci Santos', 'Auxiliar Tecnico Administrativo', 'EC', '2012-06-22 03:00:00', 605, '2018-12-31 02:00:00', 1, '0000-00-00 00:00:00', 44, 'feminino', '1986-06-02'),
(195, 1, 24, 'Sergio Rodrigues Maia', 'Tecnico Industrial Especializado', 'EC', '2012-06-22 03:00:00', 607, '2018-12-31 02:00:00', 1, '0000-00-00 00:00:00', 44, 'feminino', '1959-11-23'),
(196, 1, 7, 'Anna Caroline Oliveira Motta Taroco', 'Tecnico Administrativo Especializado', 'EC', '2013-04-09 03:00:00', 618, '2018-12-31 02:00:00', 0, '2019-12-30 17:56:54', 44, 'feminino', '0000-00-00'),
(197, 1, 20, 'Thiago Tonelli Silveira Esteves de Oliveira', 'Supervisor (Contador)', 'EC', '2013-04-09 03:00:00', 620, '2018-12-31 02:00:00', 1, '0000-00-00 00:00:00', 44, 'masculino', '1982-06-12'),
(198, 1, 27, 'Lucas Melo da Silva', 'Tecnico Industrial Especializado', 'EC', '2013-08-06 03:00:00', 626, '2018-12-31 02:00:00', 1, '0000-00-00 00:00:00', 44, 'masculino', '1989-04-24'),
(199, 1, 23, 'Rafael Martins Rodrigues', 'Tecnico Industrial Especializado', 'EC', '2013-09-02 03:00:00', 628, '2018-12-31 02:00:00', 1, '0000-00-00 00:00:00', 44, 'masculino', '1990-08-23'),
(200, 1, 10, 'Rosilene Alves da Silva', 'Guarda de Seguranca Patrimonial', 'EC', '2013-11-06 02:00:00', 631, '2018-12-31 02:00:00', 1, '0000-00-00 00:00:00', 44, 'feminino', '1979-01-25'),
(201, 1, 15, 'Douglas Luiz da Cruz', 'Tecnico Industrial Especializado', 'EC', '2013-12-05 02:00:00', 633, '2018-12-31 02:00:00', 1, '0000-00-00 00:00:00', 44, 'masculino', '1987-09-19'),
(202, 1, 7, 'Miguel Couri Gabriel da Cunha', 'Engenheiro de Seguranca do Trabalho', 'EC', '2014-01-06 02:00:00', 634, '2018-12-31 02:00:00', 1, '0000-00-00 00:00:00', 44, 'masculino', '1964-03-25'),
(203, 1, 1, 'Joao Daniel Leite Carrilho', 'Analista Especializado', 'EC', '2014-01-13 02:00:00', 635, '2018-12-31 02:00:00', 0, '2019-11-06 17:40:34', 44, 'masculino', '0000-00-00'),
(204, 1, 7, 'Eriks Eduardo Soares', 'Tecnico em Enfermagem do Trabalho', 'EC', '2014-01-20 02:00:00', 636, '2018-12-31 02:00:00', 0, '2019-12-30 17:52:32', 44, 'masculino', '1976-03-07'),
(205, 1, 3, 'Taysa Costa Rodrigues', 'Tecnico Administrativo Especializado', 'EC', '2014-01-20 02:00:00', 637, '2018-12-31 02:00:00', 0, '2019-11-06 17:40:41', 44, 'feminino', '0000-00-00'),
(206, 1, 42, 'Romulo Magrini Botelho', 'Tecnico Industrial Especializado', 'EC', '2014-02-03 02:00:00', 638, '2018-12-31 02:00:00', 1, '0000-00-00 00:00:00', 44, 'masculino', '1989-04-10'),
(207, 1, 25, ' Joao Vitor Neto Cardoso', 'Auxiliar Tecnico Industrial', 'EC', '2014-09-08 03:00:00', 650, '2018-12-31 02:00:00', 1, '0000-00-00 00:00:00', 44, 'masculino', '1989-12-30'),
(208, 1, 11, 'Ivan Nogueira de Souza', 'Ag Ap Operac', 'EC', '2015-01-19 02:00:00', 651, '2018-12-31 02:00:00', 1, '0000-00-00 00:00:00', 44, 'masculino', '1960-07-25'),
(209, 1, 8, 'Gustavo Ferreira Felizardo', 'Tecnico Administrativo Especializado', 'EC', '2015-05-18 03:00:00', 656, '2018-12-31 02:00:00', 1, '0000-00-00 00:00:00', 44, 'masculino', '1987-09-21'),
(210, 1, 23, 'Andre Luis da Rocha Elpes', 'Tecnico Industrial Especializado', 'EC', '2015-07-15 03:00:00', 657, '2018-12-31 02:00:00', 1, '0000-00-00 00:00:00', 44, 'masculino', '1982-07-25'),
(211, 1, 41, 'Eduardo Antonio Nogueira Rodrigues', 'Auxiliar Tecnico Administrativo', 'EC', '2016-04-01 03:00:00', 673, '2018-12-31 02:00:00', 1, '0000-00-00 00:00:00', 44, 'masculino', '1968-12-19'),
(212, 1, 7, 'Daisy de Castro Goncalves dos Santos', 'Medico do Trabalho', 'EC', '2016-08-02 03:00:00', 676, '2018-12-31 02:00:00', 1, '0000-00-00 00:00:00', 44, 'feminino', '1979-11-15'),
(213, 1, 24, 'Rafael do Bem Neto', 'Tecnico Industrial Especializado', 'EC', '2016-08-02 03:00:00', 677, '2018-12-31 02:00:00', 0, '2019-11-18 16:59:01', 44, 'masculino', '1989-07-23'),
(214, 1, 28, 'Ana Paula da Costa Ramos', 'Oficial de Producao Industrial', 'EC', '2017-03-06 03:00:00', 686, '2018-12-31 02:00:00', 1, '0000-00-00 00:00:00', 44, 'feminino', '1977-02-15'),
(215, 1, 26, 'Wallace do Prado Paiva', 'Oficial de Producao Industrial', 'EC', '2017-04-03 03:00:00', 688, '2018-12-31 02:00:00', 1, '0000-00-00 00:00:00', 44, 'masculino', '1994-09-10'),
(216, 1, 10, 'Peterson Wilian dos Reis', 'Guarda de Seguranca Patrimonial', 'EC', '2017-04-03 03:00:00', 689, '2018-12-31 02:00:00', 1, '0000-00-00 00:00:00', 44, 'masculino', '1973-01-24'),
(217, 1, 2, 'Vinicius Novais de Faria', 'Coordenador Administrativo', 'EC', '2017-05-23 03:00:00', 692, '2018-12-31 02:00:00', 1, '0000-00-00 00:00:00', 44, 'masculino', '1991-01-28'),
(218, 1, 14, 'Maria Clara Rodrigues Pereira', 'Tecnico Industrial Especializado', 'EC', '2017-06-12 03:00:00', 693, '2018-12-31 02:00:00', 1, '0000-00-00 00:00:00', 44, 'feminino', '1997-02-01'),
(219, 1, 37, 'Mariana Dini Calcado', 'Chefe de Divisao', 'ECLP', '2017-07-10 03:00:00', 694, '2018-12-31 02:00:00', 1, '0000-00-00 00:00:00', 44, 'feminino', '1984-12-26'),
(220, 1, 9, 'Jose Nilson de Mello', 'Motorista', 'EC', '2017-07-17 03:00:00', 698, '2018-12-31 02:00:00', 1, '0000-00-00 00:00:00', 44, 'masculino', '1971-01-29'),
(221, 1, 44, 'Álvaro Roberto Cruz Ferreira Lima', 'Gerente Industrial', 'ECLP', '2017-08-01 03:00:00', 699, '2018-12-31 02:00:00', 0, '2019-11-06 17:47:21', 44, 'feminino', '0000-00-00'),
(222, 1, 27, 'Tiago de Melo Bitencourt', 'Tecnico Industrial Especializado', 'EC', '2017-09-18 03:00:00', 700, '2018-12-31 02:00:00', 1, '0000-00-00 00:00:00', 44, 'masculino', '1984-05-23'),
(223, 1, 23, 'Felipe de Oliveira Henriques', 'Tecnico Industrial Especializado', 'EC', '2017-10-02 03:00:00', 702, '2018-12-31 02:00:00', 1, '0000-00-00 00:00:00', 44, 'masculino', '1984-02-25'),
(224, 1, 10, 'Último Alves Valadares', 'Guarda de Seguranca Patrimonial', 'EC', '2017-11-06 02:00:00', 721, '2018-12-31 02:00:00', 1, '0000-00-00 00:00:00', 44, 'masculino', '1976-01-07'),
(225, 1, 19, 'Cristina de Jesus Evaristo', 'Agente Apoio Operacional', 'EC', '2017-12-18 02:00:00', 727, '2018-12-31 02:00:00', 1, '0000-00-00 00:00:00', 44, 'feminino', '1987-03-26'),
(226, 1, 19, 'Weverton da Cunha Coelho', 'Agente Apoio Operacional', 'EC', '2017-12-18 02:00:00', 728, '2018-12-31 02:00:00', 1, '0000-00-00 00:00:00', 44, 'masculino', '1989-06-23'),
(227, 1, 30, 'Dimitri Souza Cardoso ', 'Advogado', 'EC', '2018-02-05 02:00:00', 737, '2018-12-31 02:00:00', 0, '2019-10-02 18:30:10', 44, 'masculino', '0000-00-00'),
(228, 1, 45, 'Ricardo Guilherme Ribeiro de Almeida ', 'Gerente Administrativo Financeiro', 'ECLP', '2018-02-05 02:00:00', 738, '2018-12-31 02:00:00', 0, '2019-11-06 17:49:26', 44, 'feminino', '0000-00-00'),
(229, 1, 12, 'Luiz Claudio Afonso dos Santos', 'Tecnico Administrativo Especializado', 'EC', '2018-02-19 03:00:00', 739, '2018-12-31 02:00:00', 1, '0000-00-00 00:00:00', 44, 'masculino', '1989-07-02'),
(230, 1, 22, 'Lessandra Aparecida Correa', 'Tecnico Administrativo Especializado', 'EC', '2018-03-08 03:00:00', 742, '2018-12-31 02:00:00', 0, '2019-11-06 17:50:11', 44, 'feminino', '0000-00-00'),
(231, 1, 25, 'Pedro Antonio de Souza Vieira', 'Auxiliar Tecnico Industrial', 'EC', '2018-03-12 03:00:00', 743, '2018-12-31 02:00:00', 0, '2019-11-06 17:50:28', 44, 'masculino', '0000-00-00'),
(232, 1, 12, 'Pedro Luiz de Paula Junior', 'Tecnico Administrativo Especializado', 'EC', '2018-02-19 03:00:00', 744, '2018-12-31 02:00:00', 1, '0000-00-00 00:00:00', 44, 'masculino', '1985-03-11'),
(233, 1, 7, 'Roberta Coelho Scarabucci', 'Auxiliar Tecnico Administrativo', 'EC', '2018-03-22 03:00:00', 746, '2018-12-31 02:00:00', 1, '0000-00-00 00:00:00', 44, 'feminino', '1980-04-05'),
(234, 1, 25, 'Fulvio Aron Goes Silva', 'Engenheiro Mecanico', 'EC', '2018-04-18 03:00:00', 748, '2018-12-31 02:00:00', 1, '0000-00-00 00:00:00', 44, 'masculino', '1992-10-05'),
(235, 1, 18, 'Agnes Granato Brugiolo', 'Chefe de Secao (Engenheiro Producao)', 'EC', '2018-04-23 03:00:00', 749, '2018-12-31 02:00:00', 0, '2019-12-30 17:53:18', 44, 'feminino', '1991-11-02'),
(236, 1, 5, 'Nelson Jose Rodrigues Dupont', 'Analista Especializado', 'EC', '2018-04-23 03:00:00', 750, '2018-12-31 02:00:00', 1, '0000-00-00 00:00:00', 44, 'masculino', '1988-11-28'),
(237, 1, 10, 'Oraci Manoel da Costa Junior', 'Guarda de Seguranca Patrimonial', 'EC', '2018-06-18 03:00:00', 751, '2018-12-31 02:00:00', 1, '0000-00-00 00:00:00', 44, 'masculino', '1987-01-21'),
(238, 1, 18, 'Wilder Felipe Pedretti Silva', 'Tecnico Industrial Especializado', 'EC', '2018-06-18 03:00:00', 752, '2018-12-31 02:00:00', 1, '0000-00-00 00:00:00', 44, 'masculino', '1996-02-13'),
(239, 1, 20, 'Antonio Jose Negreiros Araujo', 'Analista Especializado', 'EC', '2018-08-01 03:00:00', 758, '2018-12-31 02:00:00', 1, '0000-00-00 00:00:00', 44, 'masculino', '1990-09-21'),
(240, 1, 4, 'Isabela Lopes de Souza', 'Auxiliar Tecnico Administrativo', 'EC', '2018-08-01 03:00:00', 759, '2018-12-31 02:00:00', 1, '0000-00-00 00:00:00', 44, 'feminino', '1989-01-09'),
(241, 1, 3, 'Jean Carlos Von Sohsten Albuquerque', 'Supervisor (Contador)', 'EC', '2018-08-01 03:00:00', 760, '2018-12-31 02:00:00', 0, '2019-11-06 17:51:23', 44, 'masculino', '0000-00-00'),
(242, 1, 5, 'Gustavo Prado Scherer', 'Analista Especializado', 'EC', '2018-08-21 03:00:00', 761, '2018-12-31 02:00:00', 0, '2019-11-06 17:50:42', 44, 'masculino', '0000-00-00'),
(243, 2, 30, 'Marco Paulo Giorgio Loureiro', 'TECNICO ADMINISTRATIVO ESPECIALIZADO', '', '2017-05-23 03:00:00', 691, '2019-02-12 16:28:08', 0, '2019-02-12 16:57:47', 44, '', '0000-00-00'),
(244, 2, 16, 'Welbert da Silva Miranda', 'OFICIAL DE FERRAMENTARIA INDUSTRIAL', '', '0000-00-00 00:00:00', 701, '2019-02-12 16:35:42', 0, '2019-02-12 16:56:50', 44, '', '0000-00-00'),
(245, 4, 1, 'Luciana da Silva Lopes', 'ANALISTA ESPECIALIZADO', 'EC', '2019-02-07 02:00:00', 764, '2019-06-12 17:26:14', 1, '0000-00-00 00:00:00', 44, 'masculino', '1980-12-31'),
(246, 4, 18, 'Camilla Ayupe', 'Analista Especializado', 'EC', '2019-03-14 03:00:00', 766, '2019-06-14 17:11:09', 0, '2019-12-30 17:53:43', 44, 'masculino', '0000-00-00'),
(247, 4, 3, 'Luiz Carlos Fekete', 'Supervisor Contador', '1', '2013-06-03 03:00:00', 768, '2019-06-14 17:15:52', 0, '2019-10-24 14:35:32', 44, 'masculino', '0000-00-00'),
(248, 4, 30, 'Rosiane Aparecida de Oliveira', 'TECNICO ADMINISTRATIVO ESPECIALIZADO', '1', '2019-02-13 02:00:00', 765, '2019-06-18 12:42:42', 1, '0000-00-00 00:00:00', 44, 'masculino', '1987-05-08'),
(249, 4, 27, 'Igor Renan Reis Carlos', 'Engenheiro Mecanico', '1', '2019-04-22 03:00:00', 772, '2019-06-18 12:45:23', 1, '0000-00-00 00:00:00', 44, 'masculino', '1988-07-14'),
(250, 4, 14, 'Rodolfo Bitarello Meireles', 'Tecnico Industrial Especializado', '1', '2019-04-22 03:00:00', 773, '2019-06-18 12:47:45', 0, '2019-12-30 17:55:45', 44, 'masculino', '1977-02-14'),
(251, 4, 24, 'Patricia Martins Del Pupo', 'Engenheira', '1', '2019-04-01 03:00:00', 769, '2019-06-18 13:18:00', 1, '0000-00-00 00:00:00', 44, 'feminino', '1986-09-17'),
(252, 0, 3, 'Laurice Arantes Chaves Fernandes', 'Analista Especializado', '1', '2019-06-03 03:00:00', 777, '2019-06-18 14:11:38', 1, '0000-00-00 00:00:00', 44, 'feminino', '1980-03-07'),
(253, 4, 7, 'Claudio Rosa da Costa', 'TECNICO ADMINISTRATIVO ESPECIALIZADO', '1', '2019-06-07 03:00:00', 778, '2019-06-18 14:17:49', 1, '0000-00-00 00:00:00', 44, 'masculino', '2068-02-01'),
(254, 4, 7, 'Bruno Oliveira Linhares', 'TECNICO ADMINISTRATIVO ESPECIALIZADO', '1', '2019-06-17 03:00:00', 780, '2019-06-18 14:19:07', 1, '0000-00-00 00:00:00', 44, 'masculino', '1986-08-15'),
(255, 4, 14, 'Bruce Jardim Alcantara de Andrade', 'TECNICO INDUSTRIAL ESPECIALIZADO', '1', '2019-06-03 03:00:00', 774, '2019-06-18 14:40:22', 1, '0000-00-00 00:00:00', 44, 'masculino', '1989-01-15'),
(256, 4, 15, 'Frederico Perilli de Toledo', 'Tecnico Industrial Especializado', '1', '2019-04-22 03:00:00', 771, '2019-06-18 14:44:02', 1, '0000-00-00 00:00:00', 44, 'masculino', '1995-05-31'),
(257, 4, 14, 'Jorge Luis Justo', 'Tecnico Industrial Especializado', '1', '2019-06-17 03:00:00', 779, '2019-06-18 14:52:31', 1, '0000-00-00 00:00:00', 44, 'masculino', '1985-04-06'),
(258, 4, 17, 'Joao Henrique Lima Araujo', 'Engenheiro de Produção', '1', '2019-06-03 03:00:00', 775, '2019-06-18 16:27:05', 1, '0000-00-00 00:00:00', 44, 'masculino', '1987-09-17'),
(259, 4, 30, 'Leonardo Alves Guedes', 'Advogado', '1', '2019-04-16 03:00:00', 770, '2019-06-19 12:38:29', 1, '0000-00-00 00:00:00', 44, 'masculino', '1981-09-14'),
(260, 4, 44, 'George Herbert Souza Hespanhol', 'Gerente Industrial', '1', '2019-06-14 03:00:00', 781, '2019-06-19 12:43:56', 1, '0000-00-00 00:00:00', 44, 'masculino', '2063-06-05'),
(261, 10, 5, 'Camila Ventura Neto Theodoro', 'Analista de RH', '1', '2019-08-12 03:00:00', 784, '2019-09-16 14:03:17', 1, '0000-00-00 00:00:00', 44, 'feminino', '1988-03-12'),
(262, 10, 18, 'Flávia Aparecida Gomes', 'Analista Administrativo', '1', '2019-08-12 03:00:00', 785, '2019-09-16 14:04:02', 1, '0000-00-00 00:00:00', 44, 'feminino', '1982-05-04'),
(263, 10, 24, 'Rodrigo Santos Monachesi', 'Técnico Industrial Especializado - Técnico em Eletricidade', '1', '2019-08-12 03:00:00', 786, '2019-09-16 14:16:17', 1, '0000-00-00 00:00:00', 44, 'masculino', '1972-07-04'),
(264, 10, 3, 'Juliana Mara Ribeiro Guimarães', 'Analista Administrativo', '1', '2019-08-26 03:00:00', 787, '2019-09-16 14:17:16', 1, '0000-00-00 00:00:00', 44, 'feminino', '1989-10-19'),
(265, 10, 18, 'João Victor Proenca Rodrigues', 'Técnico Industrial Especializado', '1', '2019-09-02 03:00:00', 788, '2019-09-16 14:18:13', 1, '0000-00-00 00:00:00', 44, 'masculino', '1988-07-07'),
(266, 10, 36, 'LUIS ORLANDO LEITE HELT', 'ANALISTA ADMINISTRATIVO', '1', '2019-11-04 02:00:00', 791, '2019-12-30 17:40:38', 1, '0000-00-00 00:00:00', 44, 'masculino', '1989-02-25');
INSERT INTO `funcionario` (`idFuncionario`, `idUsuario`, `idSecao`, `nome`, `cargo`, `situacao`, `dataAdmissao`, `cracha`, `dataCadastro`, `funcAtivo`, `dataInativacao`, `cargaHoraria`, `sexo`, `dataNascimento`) VALUES
(267, 10, 40, 'TIAGO ANTONIO RIBEIRO', 'AUXILIAR TÉCNICO ADMINISTRATIVO', '1', '2019-11-04 02:00:00', 792, '2019-12-30 17:41:28', 1, '0000-00-00 00:00:00', 44, 'masculino', '1978-06-13'),
(268, 10, 36, 'SIDINEY JOSÉ HENRIQUE', 'SUPERVISOR CONTADOR', '1', '2019-11-25 02:00:00', 793, '2019-12-30 17:47:02', 1, '0000-00-00 00:00:00', 44, 'masculino', '1967-07-22'),
(269, 10, 39, 'ULIANE BRAZOLINO SILVA', 'TÉCNICO INDUSTRIAL ESPECIALIZADO', '1', '2019-12-02 02:00:00', 794, '2019-12-30 17:48:10', 1, '0000-00-00 00:00:00', 44, 'feminino', '1988-05-15');

-- --------------------------------------------------------

--
-- Estrutura para tabela `gerencia`
--

CREATE TABLE `gerencia` (
  `idGerencia` int(11) NOT NULL,
  `descricao` varchar(50) DEFAULT NULL
) ENGINE=InnoDB DEFAULT CHARSET=utf8;

--
-- Fazendo dump de dados para tabela `gerencia`
--

INSERT INTO `gerencia` (`idGerencia`, `descricao`) VALUES
(1, 'GEAF'),
(2, 'GIND');

-- --------------------------------------------------------

--
-- Estrutura para tabela `sancao`
--

CREATE TABLE `sancao` (
  `idSancao` int(11) NOT NULL,
  `idFuncionario` int(11) DEFAULT NULL,
  `idUsuario` int(11) DEFAULT NULL,
  `idTipo` int(11) DEFAULT NULL,
  `numDoc` varchar(50) DEFAULT NULL,
  `qtdDias` int(11) DEFAULT NULL,
  `motivo` varchar(1000) DEFAULT NULL,
  `dataSancao` timestamp NOT NULL DEFAULT CURRENT_TIMESTAMP ON UPDATE CURRENT_TIMESTAMP,
  `dataLancamento` timestamp NOT NULL DEFAULT '0000-00-00 00:00:00'
) ENGINE=InnoDB DEFAULT CHARSET=utf8;

--
-- Fazendo dump de dados para tabela `sancao`
--

INSERT INTO `sancao` (`idSancao`, `idFuncionario`, `idUsuario`, `idTipo`, `numDoc`, `qtdDias`, `motivo`, `dataSancao`, `dataLancamento`) VALUES
(2, 196, 2, 2, 'FATD 01/2018', 0, '                            \r\n                        Atrasos ao expediente', '2018-03-23 03:00:00', '2019-04-23 19:22:56'),
(3, 204, 2, 2, 'FATD 02/2018', 0, '                            \r\n                Atrasos ao expediente        ', '2018-03-20 03:00:00', '2019-04-12 18:43:41'),
(4, 218, 2, 1, 'FATD 03/2018', 0, '                     Atrasos ao expediente      \r\n                        ', '2018-03-20 03:00:00', '2019-04-12 18:44:16'),
(5, 187, 2, 1, 'FATD 05/2018', 0, '                            \r\n               Falta Injustificada         ', '2018-04-18 03:00:00', '2019-04-12 18:45:13'),
(6, 197, 2, 3, 'FATD 07/2018', 1, 'Falta Injustificada                            \r\n                        ', '2018-03-26 03:00:00', '2019-04-12 18:46:13'),
(7, 76, 2, 1, 'FATD 08/2018', 0, 'Falta Injustificada                            \r\n                        ', '2018-03-19 03:00:00', '2019-04-12 18:47:17'),
(8, 134, 2, 1, 'FATD 09/2018', 0, 'Falta injustificada                            \r\n                        ', '2018-04-04 03:00:00', '2019-04-12 18:48:26'),
(9, 27, 2, 1, 'FATD 10/2018', 0, 'Falta injustificada                            \r\n                        ', '2018-04-04 03:00:00', '2019-04-12 18:49:45'),
(10, 204, 2, 3, 'FATD 11/2018', 5, '                            \r\n           Atrasos ao Expediente             ', '2018-05-11 03:00:00', '2019-04-12 18:50:28'),
(11, 167, 8, 1, 'FATD 11/2018', 0, 'Não retorno ao trabalho após término do benefício                            \r\n                        ', '2018-07-23 03:00:00', '2019-04-26 11:10:58'),
(12, 197, 2, 3, 'FATD 15/2018', 1, 'atrasos ao expediente                            \r\n                        ', '2018-06-01 03:00:00', '2019-04-12 18:53:29'),
(13, 189, 2, 3, 'FATD 16/2018', 2, '                            \r\n                   Não retorno ao trabalho após término do benefício     ', '2018-08-01 03:00:00', '2019-04-15 10:49:32'),
(14, 204, 2, 3, 'FATD 17/2018', 15, '       Atrasos ao Expediente                    \r\n                        ', '2018-08-27 03:00:00', '2019-04-15 10:51:00'),
(15, 118, 2, 3, 'FATD 19/2018', 5, '                            \r\n                     Faltas injustificadas   ', '2018-09-24 03:00:00', '2019-04-15 10:55:50'),
(16, 118, 2, 3, 'FATD 20/2018', 1, 'Descumprimento de ordem / encontrar-se no vestiário com notebook durante o horário de expediente                            \r\n                        ', '2018-10-02 03:00:00', '2019-04-15 10:56:41'),
(17, 37, 2, 1, 'FATD 21/2018', 0, '                            \r\n          Recusa a cumprir atividades e permanecer no local pelo qual foi designado pela Chefia.              ', '2018-10-18 03:00:00', '2019-04-15 10:58:04'),
(19, 167, 2, 3, 'FATD 22/2018', 2, '                            \r\n                  Faltas Injustificadas      ', '2019-03-06 03:00:00', '2019-04-15 11:00:15'),
(20, 187, 2, 2, 'FATD 23/2018', 0, '                            \r\n                        Falta injustificada', '2019-01-03 02:00:00', '2019-04-15 11:01:43'),
(21, 196, 2, 3, 'FATD 24/2018', 1, '                            \r\n         Atrasos ao expediente               ', '2018-12-14 02:00:00', '2019-04-15 11:04:18'),
(22, 167, 2, 3, 'FATD 26/2018', 3, '                            \r\n                      Faltas injustificadas  ', '2019-03-11 03:00:00', '2019-04-23 18:25:12'),
(24, 196, 2, 3, 'FATD 04/2019', 6, '                 Atrasos ao expediente           \r\n                        ', '2019-02-22 03:00:00', '2019-04-23 18:37:25'),
(25, 196, 2, 1, 'Advertência', 0, '                            \r\n       Deixar de Cumprir determinação do Chefe de Divisão                 ', '2015-08-14 03:00:00', '2019-04-23 19:23:25'),
(26, 196, 2, 2, 'Carta 84/DIADM', 0, 'Negligenciado funções de fiscal de contrato                            \r\n                        ', '2015-10-15 03:00:00', '2019-04-23 19:21:14'),
(27, 88, 2, 2, 'FATD Nº 07/2019', 0, '                            Descumprimento dos incisos I e XVIII do artigo 20 do Regulamento de Pessoal.\r\n                        ', '2019-06-06 03:00:00', '2019-06-26 12:38:07'),
(28, 202, 2, 3, 'FATD Nº 02/2019', 16, '                            \r\n        Recusa de cumprimento de ordem do Chefe da Fábrica.                ', '2019-02-06 02:00:00', '2019-06-26 12:44:33'),
(29, 204, 2, 2, 'Carta 051/DIADM-F2/2015', 0, '                            \r\n                   Descumprimento de ordem do Chefe da Divisão.     ', '2015-06-15 03:00:00', '2019-08-06 17:14:07'),
(30, 204, 2, 3, 'Carta de Suspensão', 6, '                            \r\n     Não tratar com urbanidade chefes, companheiros e demais empregados de qualquer nível hierárquico, descumprimento de normas legais e administrativas e referir-se de modo desrespeitoso às chefias ou autoridades ao prestar informações, emitir parecer ou durante despacho.               ', '2016-05-04 03:00:00', '2019-08-06 17:22:06'),
(31, 61, 2, 3, 'FATD Nº 10/2019', 6, 'Atrasos ao expediente / saída antecipada sem comunicar o Chefe.                            \r\n                        ', '2019-08-19 03:00:00', '2019-09-26 12:04:16'),
(32, 79, 2, 2, 'Carta 039/DIADM-F2/2015', 0, 'Descumprimento dos Artigos do Regulamento de Pessoal:\r\n- III - Tratar com urbanidade os chefes, companheiros e demais empregados de qualquer grau hierárquico, assim como terceiros que se encontrem nos locais de trabalho;\r\n- VI - Manter espírito de cooperação e solidariedade na equipe de trabalho; e\r\n- VIII - Obediência às normas legais e administrativas.                            \r\n                        ', '2015-05-13 03:00:00', '2019-10-31 14:45:06');

-- --------------------------------------------------------

--
-- Estrutura para tabela `secao`
--

CREATE TABLE `secao` (
  `idSecao` int(11) NOT NULL,
  `idDivisao` int(11) DEFAULT NULL,
  `descricao` varchar(50) DEFAULT NULL
) ENGINE=InnoDB DEFAULT CHARSET=utf8;

--
-- Fazendo dump de dados para tabela `secao`
--

INSERT INTO `secao` (`idSecao`, `idDivisao`, `descricao`) VALUES
(1, 1, 'SALC'),
(2, 1, 'SEALMOX'),
(3, 1, 'SEPAT/CONT'),
(4, 1, 'SEFIN'),
(5, 2, 'SAPES'),
(6, 2, 'SEPP'),
(7, 2, 'SESMT'),
(8, 2, 'SEMA'),
(9, 3, 'SETRNP/MNT'),
(10, 3, 'SESEG'),
(11, 3, 'SEPAL'),
(12, 3, 'SETI'),
(13, 6, 'O Lig'),
(14, 7, 'SEPD'),
(15, 7, 'SEPRC'),
(16, 7, 'SEFER'),
(17, 8, 'SECP'),
(18, 8, 'SEPLJ'),
(19, 8, 'SEMAT'),
(20, 8, 'SECCI'),
(21, 9, 'SEPRAD'),
(22, 9, 'SEQN'),
(23, 9, 'SEGQ'),
(24, 10, 'SEME'),
(25, 10, 'SEMM'),
(26, 11, 'SETC'),
(27, 11, 'SEPM'),
(28, 11, 'SEMG'),
(29, 4, 'SCONF'),
(30, 5, 'AGI'),
(31, 6, 'APGCI'),
(32, 12, 'SEMER'),
(33, 13, 'AUXCHFJF'),
(34, 14, 'OD'),
(35, 15, 'AUXGEAF'),
(36, 1, 'DVADM'),
(37, 2, 'DVRH'),
(38, 3, 'DVAP'),
(39, 7, 'DVENG'),
(40, 8, 'DVPCP'),
(41, 9, 'DVQN'),
(42, 11, 'DVPRO'),
(43, 10, 'DVAPRO'),
(44, 17, 'GIND'),
(45, 16, 'GEAF');

-- --------------------------------------------------------

--
-- Estrutura para tabela `tipo_sancao`
--

CREATE TABLE `tipo_sancao` (
  `idTipo` int(11) NOT NULL,
  `idUsuario` int(11) DEFAULT NULL,
  `dataCadastro` timestamp NOT NULL DEFAULT CURRENT_TIMESTAMP ON UPDATE CURRENT_TIMESTAMP,
  `descricao` varchar(50) DEFAULT NULL,
  `peso` int(11) DEFAULT NULL
) ENGINE=InnoDB DEFAULT CHARSET=utf8;

--
-- Fazendo dump de dados para tabela `tipo_sancao`
--

INSERT INTO `tipo_sancao` (`idTipo`, `idUsuario`, `dataCadastro`, `descricao`, `peso`) VALUES
(1, 1, '2019-01-24 15:57:56', 'Advertencia verbal', 1),
(2, 1, '2019-01-24 15:57:56', 'Advertencia por escrito', 2),
(3, 1, '2019-01-24 15:57:56', 'Suspensao', 3);

-- --------------------------------------------------------

--
-- Estrutura para tabela `tipo_usuario`
--

CREATE TABLE `tipo_usuario` (
  `idTipoUsuario` int(11) NOT NULL,
  `descricao` varchar(50) DEFAULT NULL
) ENGINE=InnoDB DEFAULT CHARSET=latin1;

--
-- Fazendo dump de dados para tabela `tipo_usuario`
--

INSERT INTO `tipo_usuario` (`idTipoUsuario`, `descricao`) VALUES
(1, 'Administradores'),
(2, 'SAPES'),
(3, 'Gerentes');

-- --------------------------------------------------------

--
-- Estrutura para tabela `usuario`
--

CREATE TABLE `usuario` (
  `idUsuario` int(11) NOT NULL,
  `idTipoUsuario` int(11) NOT NULL,
  `nome` varchar(500) DEFAULT NULL,
  `login` varchar(50) DEFAULT NULL,
  `senha` varchar(1000) DEFAULT NULL,
  `ultimoAcesso` timestamp NOT NULL DEFAULT CURRENT_TIMESTAMP ON UPDATE CURRENT_TIMESTAMP
) ENGINE=InnoDB DEFAULT CHARSET=utf8;

--
-- Fazendo dump de dados para tabela `usuario`
--

INSERT INTO `usuario` (`idUsuario`, `idTipoUsuario`, `nome`, `login`, `senha`, `ultimoAcesso`) VALUES
(1, 1, 'Administrador', 'admin', '2a444e4c08ccf654aa76bebc53d8264e', '2020-01-10 10:55:49'),
(2, 2, 'Rosana Davila Manso de Oliveira', 'rosana', '4a4cd45d4e8a6cd4cb6b3164b3f57da5', '2019-04-12 10:55:04'),
(3, 3, 'Cel. George Herbert Souza Hespanhol', 'gind', '99137a07152bffae0ba1d4e91caf27b0', '2019-05-23 11:34:58'),
(4, 2, 'Gustavo Prado Scherer', 'gustavo', '73cb1d4a3cfd7af06c78cc748711e4fb', '2019-03-19 16:28:31'),
(7, 2, 'Nelson Jose Rodrigues Dupont', 'nelson', '9c3e6d1108763d5471b113a5c398d4cd', '2019-03-21 12:03:48'),
(8, 2, 'Mariana Dini Calçado', 'mariana', '300fcc9a01f413a77432ab5736d6cdb1', '2019-04-29 14:40:32'),
(9, 3, 'Cel. Clevis Pedro Cruz Melo', 'fjf690', '60c83721a83be9647399445b484329e6', '2019-08-02 13:56:13'),
(10, 2, 'Camila Ventura', 'camila', '99137a07152bffae0ba1d4e91caf27b0', '2019-11-07 17:52:24');

--
-- Índices de tabelas apagadas
--

--
-- Índices de tabela `absenteismo`
--
ALTER TABLE `absenteismo`
  ADD PRIMARY KEY (`idAbsenteismo`);

--
-- Índices de tabela `aproveitamento`
--
ALTER TABLE `aproveitamento`
  ADD PRIMARY KEY (`idAproveitamento`);

--
-- Índices de tabela `desempenho`
--
ALTER TABLE `desempenho`
  ADD PRIMARY KEY (`idDesempenho`);

--
-- Índices de tabela `divisao`
--
ALTER TABLE `divisao`
  ADD PRIMARY KEY (`idDivisao`);

--
-- Índices de tabela `funcionario`
--
ALTER TABLE `funcionario`
  ADD PRIMARY KEY (`idFuncionario`);

--
-- Índices de tabela `gerencia`
--
ALTER TABLE `gerencia`
  ADD PRIMARY KEY (`idGerencia`);

--
-- Índices de tabela `sancao`
--
ALTER TABLE `sancao`
  ADD PRIMARY KEY (`idSancao`);

--
-- Índices de tabela `secao`
--
ALTER TABLE `secao`
  ADD PRIMARY KEY (`idSecao`);

--
-- Índices de tabela `tipo_sancao`
--
ALTER TABLE `tipo_sancao`
  ADD PRIMARY KEY (`idTipo`);

--
-- Índices de tabela `usuario`
--
ALTER TABLE `usuario`
  ADD PRIMARY KEY (`idUsuario`);

--
-- AUTO_INCREMENT de tabelas apagadas
--

--
-- AUTO_INCREMENT de tabela `absenteismo`
--
ALTER TABLE `absenteismo`
  MODIFY `idAbsenteismo` int(11) NOT NULL AUTO_INCREMENT, AUTO_INCREMENT=2249;
--
-- AUTO_INCREMENT de tabela `aproveitamento`
--
ALTER TABLE `aproveitamento`
  MODIFY `idAproveitamento` int(11) NOT NULL AUTO_INCREMENT, AUTO_INCREMENT=1300;
--
-- AUTO_INCREMENT de tabela `desempenho`
--
ALTER TABLE `desempenho`
  MODIFY `idDesempenho` int(11) NOT NULL AUTO_INCREMENT, AUTO_INCREMENT=434;
--
-- AUTO_INCREMENT de tabela `divisao`
--
ALTER TABLE `divisao`
  MODIFY `idDivisao` int(11) NOT NULL AUTO_INCREMENT, AUTO_INCREMENT=18;
--
-- AUTO_INCREMENT de tabela `funcionario`
--
ALTER TABLE `funcionario`
  MODIFY `idFuncionario` int(11) NOT NULL AUTO_INCREMENT, AUTO_INCREMENT=270;
--
-- AUTO_INCREMENT de tabela `gerencia`
--
ALTER TABLE `gerencia`
  MODIFY `idGerencia` int(11) NOT NULL AUTO_INCREMENT, AUTO_INCREMENT=3;
--
-- AUTO_INCREMENT de tabela `sancao`
--
ALTER TABLE `sancao`
  MODIFY `idSancao` int(11) NOT NULL AUTO_INCREMENT, AUTO_INCREMENT=33;
--
-- AUTO_INCREMENT de tabela `secao`
--
ALTER TABLE `secao`
  MODIFY `idSecao` int(11) NOT NULL AUTO_INCREMENT, AUTO_INCREMENT=46;
--
-- AUTO_INCREMENT de tabela `tipo_sancao`
--
ALTER TABLE `tipo_sancao`
  MODIFY `idTipo` int(11) NOT NULL AUTO_INCREMENT, AUTO_INCREMENT=4;
--
-- AUTO_INCREMENT de tabela `usuario`
--
ALTER TABLE `usuario`
  MODIFY `idUsuario` int(11) NOT NULL AUTO_INCREMENT, AUTO_INCREMENT=11;
/*!40101 SET CHARACTER_SET_CLIENT=@OLD_CHARACTER_SET_CLIENT */;
/*!40101 SET CHARACTER_SET_RESULTS=@OLD_CHARACTER_SET_RESULTS */;
/*!40101 SET COLLATION_CONNECTION=@OLD_COLLATION_CONNECTION */;
